{
  "sentences": [
    {
      "text": {
        "content": "Rescue male kitten still looking for a good home.",
        "beginOffset": -1
      },
      "sentiment": {
        "magnitude": 0.7,
        "score": 0.7
      }
    },
    {
      "text": {
        "content": "Please call / whatsapp if interested.TQ !",
        "beginOffset": -1
      },
      "sentiment": {
        "magnitude": 0,
        "score": 0
      }
    },
    {
      "text": {
        "content": "Rescue date : 20-3- **ADOPTION FEES : RM",
        "beginOffset": -1
      },
      "sentiment": {
        "magnitude": 0,
        "score": 0
      }
    }
  ],
  "tokens": [],
  "entities": [
    {
      "name": "kitten",
      "type": "PERSON",
      "metadata": {},
      "salience": 0.5733944,
      "mentions": [
        {
          "text": {
            "content": "kitten",
            "beginOffset": -1
          },
          "type": "COMMON"
        }
      ]
    },
    {
      "name": "home",
      "type": "LOCATION",
      "metadata": {},
      "salience": 0.1805726,
      "mentions": [
        {
          "text": {
            "content": "home",
            "beginOffset": -1
          },
          "type": "COMMON"
        }
      ]
    },
    {
      "name": "whatsapp",
      "type": "OTHER",
      "metadata": {},
      "salience": 0.09104223,
      "mentions": [
        {
          "text": {
            "content": "whatsapp",
            "beginOffset": -1
          },
          "type": "COMMON"
        }
      ]
    },
    {
      "name": "TQ",
      "type": "OTHER",
      "metadata": {},
      "salience": 0.08377484,
      "mentions": [
        {
          "text": {
            "content": "TQ",
            "beginOffset": -1
          },
          "type": "COMMON"
        }
      ]
    },
    {
      "name": "ADOPTION FEES",
      "type": "OTHER",
      "metadata": {},
      "salience": 0.044646986,
      "mentions": [
        {
          "text": {
            "content": "ADOPTION FEES",
            "beginOffset": -1
          },
          "type": "COMMON"
        }
      ]
    },
    {
      "name": "RM",
      "type": "LOCATION",
      "metadata": {},
      "salience": 0.026568951,
      "mentions": [
        {
          "text": {
            "content": "RM",
            "beginOffset": -1
          },
          "type": "PROPER"
        }
      ]
    }
  ],
  "documentSentiment": {
    "magnitude": 0.8,
    "score": 0.2
  },
  "language": "en",
  "categories": []
}
