{
  "sentences": [
    {
      "text": {
        "content": "Snow is white and looks a bit like persian.",
        "beginOffset": -1
      },
      "sentiment": {
        "magnitude": 0.1,
        "score": 0.1
      }
    },
    {
      "text": {
        "content": "His siblings are Smurf, Guinness and Sweetie.",
        "beginOffset": -1
      },
      "sentiment": {
        "magnitude": 0.7,
        "score": 0.7
      }
    },
    {
      "text": {
        "content": "Their mother Oreo is a tuxedo cat, very people friendly and also looking for a home.",
        "beginOffset": -1
      },
      "sentiment": {
        "magnitude": 0.8,
        "score": 0.8
      }
    },
    {
      "text": {
        "content": "Father unknown.",
        "beginOffset": -1
      },
      "sentiment": {
        "magnitude": 0.1,
        "score": 0.1
      }
    },
    {
      "text": {
        "content": "Vaccination and neutering are COMPULSORY.",
        "beginOffset": -1
      },
      "sentiment": {
        "magnitude": 0,
        "score": 0
      }
    },
    {
      "text": {
        "content": "Please call if interested.",
        "beginOffset": -1
      },
      "sentiment": {
        "magnitude": 0.2,
        "score": -0.2
      }
    }
  ],
  "tokens": [],
  "entities": [
    {
      "name": "bit",
      "type": "OTHER",
      "metadata": {},
      "salience": 0.26096684,
      "mentions": [
        {
          "text": {
            "content": "bit",
            "beginOffset": -1
          },
          "type": "COMMON"
        }
      ]
    },
    {
      "name": "Snow",
      "type": "OTHER",
      "metadata": {
        "mid": "/m/06_dn",
        "wikipedia_url": "https://en.wikipedia.org/wiki/Snow"
      },
      "salience": 0.1911539,
      "mentions": [
        {
          "text": {
            "content": "Snow",
            "beginOffset": -1
          },
          "type": "PROPER"
        }
      ]
    },
    {
      "name": "siblings",
      "type": "PERSON",
      "metadata": {},
      "salience": 0.17492504,
      "mentions": [
        {
          "text": {
            "content": "siblings",
            "beginOffset": -1
          },
          "type": "COMMON"
        }
      ]
    },
    {
      "name": "persian",
      "type": "PERSON",
      "metadata": {},
      "salience": 0.10539126,
      "mentions": [
        {
          "text": {
            "content": "persian",
            "beginOffset": -1
          },
          "type": "COMMON"
        }
      ]
    },
    {
      "name": "tuxedo cat",
      "type": "OTHER",
      "metadata": {},
      "salience": 0.044993624,
      "mentions": [
        {
          "text": {
            "content": "tuxedo cat",
            "beginOffset": -1
          },
          "type": "COMMON"
        }
      ]
    },
    {
      "name": "mother",
      "type": "PERSON",
      "metadata": {},
      "salience": 0.04235111,
      "mentions": [
        {
          "text": {
            "content": "mother",
            "beginOffset": -1
          },
          "type": "COMMON"
        }
      ]
    },
    {
      "name": "people",
      "type": "PERSON",
      "metadata": {},
      "salience": 0.032426752,
      "mentions": [
        {
          "text": {
            "content": "people",
            "beginOffset": -1
          },
          "type": "COMMON"
        }
      ]
    },
    {
      "name": "Smurf",
      "type": "PERSON",
      "metadata": {
        "mid": "/m/01nw2sm",
        "wikipedia_url": "https://en.wikipedia.org/wiki/The_Smurfs"
      },
      "salience": 0.026257856,
      "mentions": [
        {
          "text": {
            "content": "Smurf",
            "beginOffset": -1
          },
          "type": "PROPER"
        }
      ]
    },
    {
      "name": "neutering",
      "type": "OTHER",
      "metadata": {},
      "salience": 0.024351848,
      "mentions": [
        {
          "text": {
            "content": "neutering",
            "beginOffset": -1
          },
          "type": "COMMON"
        }
      ]
    },
    {
      "name": "Vaccination",
      "type": "OTHER",
      "metadata": {},
      "salience": 0.023764815,
      "mentions": [
        {
          "text": {
            "content": "Vaccination",
            "beginOffset": -1
          },
          "type": "COMMON"
        }
      ]
    },
    {
      "name": "Oreo",
      "type": "OTHER",
      "metadata": {
        "mid": "/m/0x1bbzb",
        "wikipedia_url": "https://en.wikipedia.org/wiki/Oreo"
      },
      "salience": 0.02097551,
      "mentions": [
        {
          "text": {
            "content": "Oreo",
            "beginOffset": -1
          },
          "type": "PROPER"
        }
      ]
    },
    {
      "name": "Guinness",
      "type": "ORGANIZATION",
      "metadata": {
        "mid": "/m/0f2nzn",
        "wikipedia_url": "https://en.wikipedia.org/wiki/Guinness"
      },
      "salience": 0.020823717,
      "mentions": [
        {
          "text": {
            "content": "Guinness",
            "beginOffset": -1
          },
          "type": "PROPER"
        }
      ]
    },
    {
      "name": "Sweetie",
      "type": "PERSON",
      "metadata": {},
      "salience": 0.020823717,
      "mentions": [
        {
          "text": {
            "content": "Sweetie",
            "beginOffset": -1
          },
          "type": "PROPER"
        }
      ]
    },
    {
      "name": "home",
      "type": "LOCATION",
      "metadata": {},
      "salience": 0.0107940165,
      "mentions": [
        {
          "text": {
            "content": "home",
            "beginOffset": -1
          },
          "type": "COMMON"
        }
      ]
    }
  ],
  "documentSentiment": {
    "magnitude": 2.1,
    "score": 0.2
  },
  "language": "en",
  "categories": []
}
