{
  "sentences": [
    {
      "text": {
        "content": "Has pretty puppy's eyes &amp; short fur.",
        "beginOffset": -1
      },
      "sentiment": {
        "magnitude": 0.3,
        "score": 0.3
      }
    },
    {
      "text": {
        "content": "Four legs with white socks.",
        "beginOffset": -1
      },
      "sentiment": {
        "magnitude": 0,
        "score": 0
      }
    },
    {
      "text": {
        "content": "Vaccine for the first time.",
        "beginOffset": -1
      },
      "sentiment": {
        "magnitude": 0.1,
        "score": 0.1
      }
    },
    {
      "text": {
        "content": "Preferrable dog lover.",
        "beginOffset": -1
      },
      "sentiment": {
        "magnitude": 0.2,
        "score": 0.2
      }
    },
    {
      "text": {
        "content": "Stay in Johor Bahru town area",
        "beginOffset": -1
      },
      "sentiment": {
        "magnitude": 0.2,
        "score": 0.2
      }
    },
    {
      "text": {
        "content": "Urgent!",
        "beginOffset": -1
      },
      "sentiment": {
        "magnitude": 0,
        "score": 0
      }
    }
  ],
  "tokens": [],
  "entities": [
    {
      "name": "eyes",
      "type": "OTHER",
      "metadata": {},
      "salience": 0.3162163,
      "mentions": [
        {
          "text": {
            "content": "eyes",
            "beginOffset": -1
          },
          "type": "COMMON"
        }
      ]
    },
    {
      "name": "puppy",
      "type": "OTHER",
      "metadata": {},
      "salience": 0.3162163,
      "mentions": [
        {
          "text": {
            "content": "puppy",
            "beginOffset": -1
          },
          "type": "COMMON"
        }
      ]
    },
    {
      "name": "fur",
      "type": "OTHER",
      "metadata": {},
      "salience": 0.13133836,
      "mentions": [
        {
          "text": {
            "content": "fur",
            "beginOffset": -1
          },
          "type": "COMMON"
        }
      ]
    },
    {
      "name": "socks",
      "type": "CONSUMER_GOOD",
      "metadata": {},
      "salience": 0.044788405,
      "mentions": [
        {
          "text": {
            "content": "socks",
            "beginOffset": -1
          },
          "type": "COMMON"
        }
      ]
    },
    {
      "name": "Vaccine",
      "type": "OTHER",
      "metadata": {},
      "salience": 0.044569824,
      "mentions": [
        {
          "text": {
            "content": "Vaccine",
            "beginOffset": -1
          },
          "type": "COMMON"
        }
      ]
    },
    {
      "name": "legs",
      "type": "OTHER",
      "metadata": {},
      "salience": 0.0442512,
      "mentions": [
        {
          "text": {
            "content": "legs",
            "beginOffset": -1
          },
          "type": "COMMON"
        }
      ]
    },
    {
      "name": "time",
      "type": "OTHER",
      "metadata": {},
      "salience": 0.04095686,
      "mentions": [
        {
          "text": {
            "content": "time",
            "beginOffset": -1
          },
          "type": "COMMON"
        }
      ]
    },
    {
      "name": "town area",
      "type": "LOCATION",
      "metadata": {},
      "salience": 0.021642663,
      "mentions": [
        {
          "text": {
            "content": "town area",
            "beginOffset": -1
          },
          "type": "COMMON"
        }
      ]
    },
    {
      "name": "Johor Bahru",
      "type": "LOCATION",
      "metadata": {
        "mid": "/m/0207sh",
        "wikipedia_url": "https://en.wikipedia.org/wiki/Johor_Bahru"
      },
      "salience": 0.018301822,
      "mentions": [
        {
          "text": {
            "content": "Johor Bahru",
            "beginOffset": -1
          },
          "type": "PROPER"
        }
      ]
    },
    {
      "name": "dog lover",
      "type": "PERSON",
      "metadata": {},
      "salience": 0.013640252,
      "mentions": [
        {
          "text": {
            "content": "dog lover",
            "beginOffset": -1
          },
          "type": "COMMON"
        }
      ]
    },
    {
      "name": "Preferrable",
      "type": "OTHER",
      "metadata": {},
      "salience": 0.008078055,
      "mentions": [
        {
          "text": {
            "content": "Preferrable",
            "beginOffset": -1
          },
          "type": "PROPER"
        }
      ]
    }
  ],
  "documentSentiment": {
    "magnitude": 1,
    "score": 0.1
  },
  "language": "en",
  "categories": []
}
