{
  "sentences": [
    {
      "text": {
        "content": "Mandy is abandoned stray.",
        "beginOffset": -1
      },
      "sentiment": {
        "magnitude": 0.4,
        "score": -0.4
      }
    },
    {
      "text": {
        "content": "Very healthy. .beautiful coat.",
        "beginOffset": -1
      },
      "sentiment": {
        "magnitude": 0.7,
        "score": 0.7
      }
    },
    {
      "text": {
        "content": "Friendly and good watch dog.",
        "beginOffset": -1
      },
      "sentiment": {
        "magnitude": 0.9,
        "score": 0.9
      }
    },
    {
      "text": {
        "content": "Do open your heart to give her a home.",
        "beginOffset": -1
      },
      "sentiment": {
        "magnitude": 0.3,
        "score": 0.3
      }
    }
  ],
  "tokens": [],
  "entities": [
    {
      "name": "Mandy",
      "type": "PERSON",
      "metadata": {},
      "salience": 0.5954548,
      "mentions": [
        {
          "text": {
            "content": "Mandy",
            "beginOffset": -1
          },
          "type": "PROPER"
        }
      ]
    },
    {
      "name": "coat",
      "type": "OTHER",
      "metadata": {},
      "salience": 0.137963,
      "mentions": [
        {
          "text": {
            "content": "coat",
            "beginOffset": -1
          },
          "type": "COMMON"
        }
      ]
    },
    {
      "name": "watch dog",
      "type": "OTHER",
      "metadata": {},
      "salience": 0.1278004,
      "mentions": [
        {
          "text": {
            "content": "watch dog",
            "beginOffset": -1
          },
          "type": "COMMON"
        }
      ]
    },
    {
      "name": "heart",
      "type": "OTHER",
      "metadata": {},
      "salience": 0.08669068,
      "mentions": [
        {
          "text": {
            "content": "heart",
            "beginOffset": -1
          },
          "type": "COMMON"
        }
      ]
    },
    {
      "name": "home",
      "type": "LOCATION",
      "metadata": {},
      "salience": 0.052091144,
      "mentions": [
        {
          "text": {
            "content": "home",
            "beginOffset": -1
          },
          "type": "COMMON"
        }
      ]
    }
  ],
  "documentSentiment": {
    "magnitude": 2.4,
    "score": 0.3
  },
  "language": "en",
  "categories": []
}
