{
  "sentences": [
    {
      "text": {
        "content": "If you're really really interested, kindly contact me via WhatsApp and provide me details as below: Name: Location: Etc..",
        "beginOffset": -1
      },
      "sentiment": {
        "magnitude": 0.6,
        "score": 0.6
      }
    },
    {
      "text": {
        "content": "TQ😊 D.O.B 16/5/",
        "beginOffset": -1
      },
      "sentiment": {
        "magnitude": 0.3,
        "score": 0.3
      }
    }
  ],
  "tokens": [],
  "entities": [
    {
      "name": "Name",
      "type": "OTHER",
      "metadata": {},
      "salience": 0.32770854,
      "mentions": [
        {
          "text": {
            "content": "Name",
            "beginOffset": -1
          },
          "type": "COMMON"
        }
      ]
    },
    {
      "name": "details",
      "type": "OTHER",
      "metadata": {},
      "salience": 0.27484667,
      "mentions": [
        {
          "text": {
            "content": "details",
            "beginOffset": -1
          },
          "type": "COMMON"
        }
      ]
    },
    {
      "name": "WhatsApp",
      "type": "OTHER",
      "metadata": {
        "mid": "/m/0gwzvs1",
        "wikipedia_url": "https://en.wikipedia.org/wiki/WhatsApp"
      },
      "salience": 0.21247241,
      "mentions": [
        {
          "text": {
            "content": "WhatsApp",
            "beginOffset": -1
          },
          "type": "PROPER"
        }
      ]
    },
    {
      "name": "Location",
      "type": "LOCATION",
      "metadata": {},
      "salience": 0.112073645,
      "mentions": [
        {
          "text": {
            "content": "Location",
            "beginOffset": -1
          },
          "type": "COMMON"
        }
      ]
    },
    {
      "name": "TQ",
      "type": "ORGANIZATION",
      "metadata": {},
      "salience": 0.072898716,
      "mentions": [
        {
          "text": {
            "content": "TQ",
            "beginOffset": -1
          },
          "type": "PROPER"
        }
      ]
    }
  ],
  "documentSentiment": {
    "magnitude": 1,
    "score": 0.5
  },
  "language": "en",
  "categories": []
}
