{
  "sentences": [
    {
      "text": {
        "content": "I have 3 Goberian puppies looking for good homes preferably within Subang Jaya or USJ.",
        "beginOffset": -1
      },
      "sentiment": {
        "magnitude": 0.6,
        "score": 0.6
      }
    },
    {
      "text": {
        "content": "They are 11 months old and active/friendly.",
        "beginOffset": -1
      },
      "sentiment": {
        "magnitude": 0.1,
        "score": 0.1
      }
    },
    {
      "text": {
        "content": "Both the parents (Dad-Siberian Husky &amp; Mum-Golden Retriever) are with MKA certs and belong to me.",
        "beginOffset": -1
      },
      "sentiment": {
        "magnitude": 0,
        "score": 0
      }
    },
    {
      "text": {
        "content": "They were previously adopted at 3 months but due to their adopters change of circumstances, were handed back to me for re-adoption.",
        "beginOffset": -1
      },
      "sentiment": {
        "magnitude": 0.4,
        "score": -0.4
      }
    },
    {
      "text": {
        "content": "They have been with me for 4 months now.",
        "beginOffset": -1
      },
      "sentiment": {
        "magnitude": 0,
        "score": 0
      }
    },
    {
      "text": {
        "content": "I have a very strict policy for re-homing them with the intention of being able to visit them from time to time.",
        "beginOffset": -1
      },
      "sentiment": {
        "magnitude": 0.1,
        "score": -0.1
      }
    },
    {
      "text": {
        "content": "Anyone who is unable to care for them after adopting will need to have them returned to me.",
        "beginOffset": -1
      },
      "sentiment": {
        "magnitude": 0.3,
        "score": -0.3
      }
    },
    {
      "text": {
        "content": "Besides these conditions, I am offering free boarding for the pups if you need to go outstation with pick-up and delivery included.",
        "beginOffset": -1
      },
      "sentiment": {
        "magnitude": 0.3,
        "score": 0.3
      }
    },
    {
      "text": {
        "content": "I will only entertain serious dog lovers who understand the bond between the pups, their parents and myself.",
        "beginOffset": -1
      },
      "sentiment": {
        "magnitude": 0.2,
        "score": 0.2
      }
    },
    {
      "text": {
        "content": "Thank you and have a nice day!",
        "beginOffset": -1
      },
      "sentiment": {
        "magnitude": 0.8,
        "score": 0.8
      }
    },
    {
      "text": {
        "content": "You can view the puppies' and parent's photos from my pet's profile.",
        "beginOffset": -1
      },
      "sentiment": {
        "magnitude": 0.6,
        "score": 0.6
      }
    }
  ],
  "tokens": [],
  "entities": [
    {
      "name": "parents",
      "type": "PERSON",
      "metadata": {},
      "salience": 0.26520485,
      "mentions": [
        {
          "text": {
            "content": "parents",
            "beginOffset": -1
          },
          "type": "COMMON"
        }
      ]
    },
    {
      "name": "puppies",
      "type": "OTHER",
      "metadata": {},
      "salience": 0.12139594,
      "mentions": [
        {
          "text": {
            "content": "puppies",
            "beginOffset": -1
          },
          "type": "COMMON"
        }
      ]
    },
    {
      "name": "homes",
      "type": "LOCATION",
      "metadata": {},
      "salience": 0.10832737,
      "mentions": [
        {
          "text": {
            "content": "homes",
            "beginOffset": -1
          },
          "type": "COMMON"
        }
      ]
    },
    {
      "name": "Goberian",
      "type": "PERSON",
      "metadata": {
        "mid": "/g/122894gr",
        "wikipedia_url": "https://nl.wikipedia.org/wiki/Goberian"
      },
      "salience": 0.06476487,
      "mentions": [
        {
          "text": {
            "content": "Goberian",
            "beginOffset": -1
          },
          "type": "PROPER"
        }
      ]
    },
    {
      "name": "Subang Jaya",
      "type": "LOCATION",
      "metadata": {
        "mid": "/m/054t4_",
        "wikipedia_url": "https://en.wikipedia.org/wiki/Subang_Jaya"
      },
      "salience": 0.06476487,
      "mentions": [
        {
          "text": {
            "content": "Subang Jaya",
            "beginOffset": -1
          },
          "type": "PROPER"
        }
      ]
    },
    {
      "name": "USJ",
      "type": "LOCATION",
      "metadata": {},
      "salience": 0.06476487,
      "mentions": [
        {
          "text": {
            "content": "USJ",
            "beginOffset": -1
          },
          "type": "PROPER"
        }
      ]
    },
    {
      "name": "Anyone",
      "type": "PERSON",
      "metadata": {},
      "salience": 0.03793584,
      "mentions": [
        {
          "text": {
            "content": "Anyone",
            "beginOffset": -1
          },
          "type": "COMMON"
        }
      ]
    },
    {
      "name": "pups",
      "type": "PERSON",
      "metadata": {},
      "salience": 0.027045954,
      "mentions": [
        {
          "text": {
            "content": "pups",
            "beginOffset": -1
          },
          "type": "COMMON"
        }
      ]
    },
    {
      "name": "Mum",
      "type": "PERSON",
      "metadata": {},
      "salience": 0.020005211,
      "mentions": [
        {
          "text": {
            "content": "Mum",
            "beginOffset": -1
          },
          "type": "COMMON"
        }
      ]
    },
    {
      "name": "certs",
      "type": "OTHER",
      "metadata": {},
      "salience": 0.020005211,
      "mentions": [
        {
          "text": {
            "content": "certs",
            "beginOffset": -1
          },
          "type": "COMMON"
        }
      ]
    },
    {
      "name": "dog lovers",
      "type": "PERSON",
      "metadata": {},
      "salience": 0.016461272,
      "mentions": [
        {
          "text": {
            "content": "dog lovers",
            "beginOffset": -1
          },
          "type": "COMMON"
        }
      ]
    },
    {
      "name": "intention",
      "type": "OTHER",
      "metadata": {},
      "salience": 0.013562936,
      "mentions": [
        {
          "text": {
            "content": "intention",
            "beginOffset": -1
          },
          "type": "COMMON"
        }
      ]
    },
    {
      "name": "change",
      "type": "OTHER",
      "metadata": {},
      "salience": 0.01346433,
      "mentions": [
        {
          "text": {
            "content": "change",
            "beginOffset": -1
          },
          "type": "COMMON"
        }
      ]
    },
    {
      "name": "circumstances",
      "type": "OTHER",
      "metadata": {},
      "salience": 0.01346433,
      "mentions": [
        {
          "text": {
            "content": "circumstances",
            "beginOffset": -1
          },
          "type": "COMMON"
        }
      ]
    },
    {
      "name": "re-adoption",
      "type": "EVENT",
      "metadata": {},
      "salience": 0.01346433,
      "mentions": [
        {
          "text": {
            "content": "re-adoption",
            "beginOffset": -1
          },
          "type": "COMMON"
        }
      ]
    },
    {
      "name": "policy",
      "type": "OTHER",
      "metadata": {},
      "salience": 0.0133974925,
      "mentions": [
        {
          "text": {
            "content": "policy",
            "beginOffset": -1
          },
          "type": "COMMON"
        }
      ]
    },
    {
      "name": "Golden Retriever",
      "type": "ORGANIZATION",
      "metadata": {
        "mid": "/m/01t032",
        "wikipedia_url": "https://en.wikipedia.org/wiki/Golden_Retriever"
      },
      "salience": 0.01184339,
      "mentions": [
        {
          "text": {
            "content": "Golden Retriever",
            "beginOffset": -1
          },
          "type": "PROPER"
        }
      ]
    },
    {
      "name": "Siberian Husky",
      "type": "ORGANIZATION",
      "metadata": {
        "mid": "/m/071jj",
        "wikipedia_url": "https://en.wikipedia.org/wiki/Siberian_Husky"
      },
      "salience": 0.01184339,
      "mentions": [
        {
          "text": {
            "content": "Siberian Husky",
            "beginOffset": -1
          },
          "type": "PROPER"
        }
      ]
    },
    {
      "name": "MKA",
      "type": "ORGANIZATION",
      "metadata": {},
      "salience": 0.01184339,
      "mentions": [
        {
          "text": {
            "content": "MKA",
            "beginOffset": -1
          },
          "type": "PROPER"
        }
      ]
    },
    {
      "name": "parents",
      "type": "PERSON",
      "metadata": {},
      "salience": 0.011650116,
      "mentions": [
        {
          "text": {
            "content": "parents",
            "beginOffset": -1
          },
          "type": "COMMON"
        }
      ]
    },
    {
      "name": "delivery",
      "type": "EVENT",
      "metadata": {},
      "salience": 0.009350176,
      "mentions": [
        {
          "text": {
            "content": "delivery",
            "beginOffset": -1
          },
          "type": "COMMON"
        }
      ]
    },
    {
      "name": "bond",
      "type": "OTHER",
      "metadata": {},
      "salience": 0.009336654,
      "mentions": [
        {
          "text": {
            "content": "bond",
            "beginOffset": -1
          },
          "type": "COMMON"
        }
      ]
    },
    {
      "name": "parent",
      "type": "PERSON",
      "metadata": {},
      "salience": 0.0081382105,
      "mentions": [
        {
          "text": {
            "content": "parent",
            "beginOffset": -1
          },
          "type": "COMMON"
        }
      ]
    },
    {
      "name": "puppies",
      "type": "OTHER",
      "metadata": {},
      "salience": 0.007423329,
      "mentions": [
        {
          "text": {
            "content": "puppies",
            "beginOffset": -1
          },
          "type": "COMMON"
        }
      ]
    },
    {
      "name": "pet",
      "type": "OTHER",
      "metadata": {},
      "salience": 0.0065209055,
      "mentions": [
        {
          "text": {
            "content": "pet",
            "beginOffset": -1
          },
          "type": "COMMON"
        }
      ]
    },
    {
      "name": "profile",
      "type": "OTHER",
      "metadata": {},
      "salience": 0.0065209055,
      "mentions": [
        {
          "text": {
            "content": "profile",
            "beginOffset": -1
          },
          "type": "COMMON"
        }
      ]
    },
    {
      "name": "photos",
      "type": "WORK_OF_ART",
      "metadata": {},
      "salience": 0.0065209055,
      "mentions": [
        {
          "text": {
            "content": "photos",
            "beginOffset": -1
          },
          "type": "COMMON"
        }
      ]
    },
    {
      "name": "pups",
      "type": "PERSON",
      "metadata": {},
      "salience": 0.0046702255,
      "mentions": [
        {
          "text": {
            "content": "pups",
            "beginOffset": -1
          },
          "type": "COMMON"
        }
      ]
    },
    {
      "name": "pick-up",
      "type": "OTHER",
      "metadata": {},
      "salience": 0.004102114,
      "mentions": [
        {
          "text": {
            "content": "pick-up",
            "beginOffset": -1
          },
          "type": "COMMON"
        }
      ]
    },
    {
      "name": "outstation",
      "type": "OTHER",
      "metadata": {},
      "salience": 0.004102114,
      "mentions": [
        {
          "text": {
            "content": "outstation",
            "beginOffset": -1
          },
          "type": "COMMON"
        }
      ]
    },
    {
      "name": "conditions",
      "type": "OTHER",
      "metadata": {},
      "salience": 0.004102114,
      "mentions": [
        {
          "text": {
            "content": "conditions",
            "beginOffset": -1
          },
          "type": "COMMON"
        }
      ]
    },
    {
      "name": "boarding",
      "type": "EVENT",
      "metadata": {},
      "salience": 0.0040023965,
      "mentions": [
        {
          "text": {
            "content": "boarding",
            "beginOffset": -1
          },
          "type": "COMMON"
        }
      ]
    }
  ],
  "documentSentiment": {
    "magnitude": 3.9,
    "score": 0.1
  },
  "language": "en",
  "categories": []
}
