{
  "sentences": [
    {
      "text": {
        "content": "Born during CNY near my house.",
        "beginOffset": -1
      },
      "sentiment": {
        "magnitude": 0.2,
        "score": 0.2
      }
    }
  ],
  "tokens": [],
  "entities": [
    {
      "name": "CNY",
      "type": "EVENT",
      "metadata": {},
      "salience": 0.7483922,
      "mentions": [
        {
          "text": {
            "content": "CNY",
            "beginOffset": -1
          },
          "type": "COMMON"
        }
      ]
    },
    {
      "name": "house",
      "type": "LOCATION",
      "metadata": {},
      "salience": 0.25160778,
      "mentions": [
        {
          "text": {
            "content": "house",
            "beginOffset": -1
          },
          "type": "COMMON"
        }
      ]
    }
  ],
  "documentSentiment": {
    "magnitude": 0.2,
    "score": 0.2
  },
  "language": "en",
  "categories": []
}
