{
  "sentences": [
    {
      "text": {
        "content": "Extremely healthy and fat.",
        "beginOffset": -1
      },
      "sentiment": {
        "magnitude": 0.5,
        "score": 0.5
      }
    },
    {
      "text": {
        "content": "Loves to eat and is very loving and obedient.",
        "beginOffset": -1
      },
      "sentiment": {
        "magnitude": 0.9,
        "score": 0.9
      }
    },
    {
      "text": {
        "content": "Litter trained and understands basic commands like sit down, sleep, come here, etc.",
        "beginOffset": -1
      },
      "sentiment": {
        "magnitude": 0.3,
        "score": 0.3
      }
    },
    {
      "text": {
        "content": "He's very loving and is great company.",
        "beginOffset": -1
      },
      "sentiment": {
        "magnitude": 0.9,
        "score": 0.9
      }
    }
  ],
  "tokens": [],
  "entities": [
    {
      "name": "fat",
      "type": "OTHER",
      "metadata": {},
      "salience": 0.48722938,
      "mentions": [
        {
          "text": {
            "content": "fat",
            "beginOffset": -1
          },
          "type": "COMMON"
        }
      ]
    },
    {
      "name": "Loves",
      "type": "PERSON",
      "metadata": {},
      "salience": 0.25905815,
      "mentions": [
        {
          "text": {
            "content": "Loves",
            "beginOffset": -1
          },
          "type": "COMMON"
        }
      ]
    },
    {
      "name": "commands",
      "type": "OTHER",
      "metadata": {},
      "salience": 0.07186082,
      "mentions": [
        {
          "text": {
            "content": "commands",
            "beginOffset": -1
          },
          "type": "COMMON"
        }
      ]
    },
    {
      "name": "Litter",
      "type": "OTHER",
      "metadata": {},
      "salience": 0.07100531,
      "mentions": [
        {
          "text": {
            "content": "Litter",
            "beginOffset": -1
          },
          "type": "COMMON"
        }
      ]
    },
    {
      "name": "sleep",
      "type": "OTHER",
      "metadata": {},
      "salience": 0.06607635,
      "mentions": [
        {
          "text": {
            "content": "sleep",
            "beginOffset": -1
          },
          "type": "COMMON"
        }
      ]
    },
    {
      "name": "company",
      "type": "ORGANIZATION",
      "metadata": {},
      "salience": 0.044769984,
      "mentions": [
        {
          "text": {
            "content": "company",
            "beginOffset": -1
          },
          "type": "COMMON"
        }
      ]
    }
  ],
  "documentSentiment": {
    "magnitude": 2.8,
    "score": 0.7
  },
  "language": "en",
  "categories": []
}
