{
  "sentences": [
    {
      "text": {
        "content": "Beautiful puppy looking for a forever home.",
        "beginOffset": -1
      },
      "sentiment": {
        "magnitude": 0.8,
        "score": 0.8
      }
    },
    {
      "text": {
        "content": "If u are interested to adopt.",
        "beginOffset": -1
      },
      "sentiment": {
        "magnitude": 0.3,
        "score": 0.3
      }
    },
    {
      "text": {
        "content": "Pls contact Joyceline",
        "beginOffset": -1
      },
      "sentiment": {
        "magnitude": 0,
        "score": 0
      }
    }
  ],
  "tokens": [],
  "entities": [
    {
      "name": "puppy",
      "type": "OTHER",
      "metadata": {},
      "salience": 0.72405756,
      "mentions": [
        {
          "text": {
            "content": "puppy",
            "beginOffset": -1
          },
          "type": "COMMON"
        }
      ]
    },
    {
      "name": "home",
      "type": "LOCATION",
      "metadata": {},
      "salience": 0.2396902,
      "mentions": [
        {
          "text": {
            "content": "home",
            "beginOffset": -1
          },
          "type": "COMMON"
        }
      ]
    },
    {
      "name": "Joyceline",
      "type": "OTHER",
      "metadata": {},
      "salience": 0.03625227,
      "mentions": [
        {
          "text": {
            "content": "Joyceline",
            "beginOffset": -1
          },
          "type": "PROPER"
        }
      ]
    }
  ],
  "documentSentiment": {
    "magnitude": 1.2,
    "score": 0.4
  },
  "language": "en",
  "categories": []
}
