{
  "sentences": [
    {
      "text": {
        "content": "- latest status : Poor boy need to find another home again due to X-owner personal problems.Please call me at if you are willing to give this boy a FOREVER HOME,many thanks !!!!",
        "beginOffset": -1
      },
      "sentiment": {
        "magnitude": 0.1,
        "score": 0.1
      }
    },
    {
      "text": {
        "content": "**Dear friends,a simple story about this Poor 3 legged cat.",
        "beginOffset": -1
      },
      "sentiment": {
        "magnitude": 0.9,
        "score": -0.9
      }
    },
    {
      "text": {
        "content": "meet this Poor 3 legged STRAY cat at a kopitiam ,his severed leg are still bleeding,he can't move around much with his severed leg too :(",
        "beginOffset": -1
      },
      "sentiment": {
        "magnitude": 0.9,
        "score": -0.9
      }
    },
    {
      "text": {
        "content": "the shop workers there also can't tell when were he 'dumped'here.Can't bear to see him keep suffering like this,i decided want to help him.a kind lady responds after my sos posted,she then help send him to vet &amp; Dr confirmed that Poor boy infected with Sporo(a skin disease in cat that is contagious &amp; can spread to human)most of the vets will suggest to put down a sporo cat unless there's someone willing to take care of it,but to me every animals deserve a second chance to live,we have no right to make decision for them!",
        "beginOffset": -1
      },
      "sentiment": {
        "magnitude": 0.8,
        "score": -0.8
      }
    },
    {
      "text": {
        "content": "so he's started giving all the treatments &amp; medication needed (he's treatｅｄ at one of the kind vet which agree to take him in) his about 2-3 years old,very friendly.even the vet worker like him too :)",
        "beginOffset": -1
      },
      "sentiment": {
        "magnitude": 0.8,
        "score": 0.8
      }
    },
    {
      "text": {
        "content": "Big size : 5-6 kg btw，he is a talkative boy :P",
        "beginOffset": -1
      },
      "sentiment": {
        "magnitude": 0.6,
        "score": 0.6
      }
    },
    {
      "text": {
        "content": "After being stay in cage for 2 months(he need to be isolated),thanks God he is very lucky coz he respond well for the meds,his open wounds are all dried!according Vet he can be discharge anytime,this is another BIG CHALLENGE for me to find him a home!!",
        "beginOffset": -1
      },
      "sentiment": {
        "magnitude": 0.1,
        "score": 0.1
      }
    },
    {
      "text": {
        "content": "Please, if you know someone willing to adopt/foster him do let me know,Poor boy had gone thru so much &amp; deserve a good home,i can be reached at.Many thanks in advance! *he still need another 2 months medication.meaning if someone willing to adopt him need to care for his daily medication as well.",
        "beginOffset": -1
      },
      "sentiment": {
        "magnitude": 0.3,
        "score": 0.3
      }
    }
  ],
  "tokens": [],
  "entities": [
    {
      "name": "boy",
      "type": "PERSON",
      "metadata": {},
      "salience": 0.7342195,
      "mentions": [
        {
          "text": {
            "content": "boy",
            "beginOffset": -1
          },
          "type": "COMMON"
        },
        {
          "text": {
            "content": "boy",
            "beginOffset": -1
          },
          "type": "COMMON"
        },
        {
          "text": {
            "content": "boy",
            "beginOffset": -1
          },
          "type": "COMMON"
        },
        {
          "text": {
            "content": "boy",
            "beginOffset": -1
          },
          "type": "COMMON"
        }
      ]
    },
    {
      "name": "home",
      "type": "LOCATION",
      "metadata": {},
      "salience": 0.028004851,
      "mentions": [
        {
          "text": {
            "content": "home",
            "beginOffset": -1
          },
          "type": "COMMON"
        }
      ]
    },
    {
      "name": "boy",
      "type": "PERSON",
      "metadata": {},
      "salience": 0.020883825,
      "mentions": [
        {
          "text": {
            "content": "boy",
            "beginOffset": -1
          },
          "type": "COMMON"
        }
      ]
    },
    {
      "name": "someone",
      "type": "PERSON",
      "metadata": {},
      "salience": 0.016126959,
      "mentions": [
        {
          "text": {
            "content": "someone",
            "beginOffset": -1
          },
          "type": "COMMON"
        },
        {
          "text": {
            "content": "someone",
            "beginOffset": -1
          },
          "type": "COMMON"
        },
        {
          "text": {
            "content": "someone",
            "beginOffset": -1
          },
          "type": "COMMON"
        }
      ]
    },
    {
      "name": "discharge",
      "type": "OTHER",
      "metadata": {},
      "salience": 0.015082671,
      "mentions": [
        {
          "text": {
            "content": "discharge",
            "beginOffset": -1
          },
          "type": "COMMON"
        },
        {
          "text": {
            "content": "CHALLENGE",
            "beginOffset": -1
          },
          "type": "COMMON"
        }
      ]
    },
    {
      "name": "problems.",
      "type": "OTHER",
      "metadata": {},
      "salience": 0.014609741,
      "mentions": [
        {
          "text": {
            "content": "problems.",
            "beginOffset": -1
          },
          "type": "COMMON"
        }
      ]
    },
    {
      "name": "HOME",
      "type": "OTHER",
      "metadata": {},
      "salience": 0.014609741,
      "mentions": [
        {
          "text": {
            "content": "HOME",
            "beginOffset": -1
          },
          "type": "COMMON"
        }
      ]
    },
    {
      "name": "FOREVER",
      "type": "OTHER",
      "metadata": {},
      "salience": 0.014609741,
      "mentions": [
        {
          "text": {
            "content": "FOREVER",
            "beginOffset": -1
          },
          "type": "COMMON"
        }
      ]
    },
    {
      "name": "status",
      "type": "OTHER",
      "metadata": {},
      "salience": 0.014609741,
      "mentions": [
        {
          "text": {
            "content": "status",
            "beginOffset": -1
          },
          "type": "COMMON"
        }
      ]
    },
    {
      "name": "thanks",
      "type": "OTHER",
      "metadata": {},
      "salience": 0.01392154,
      "mentions": [
        {
          "text": {
            "content": "thanks",
            "beginOffset": -1
          },
          "type": "COMMON"
        }
      ]
    },
    {
      "name": "Sporo",
      "type": "OTHER",
      "metadata": {},
      "salience": 0.011903691,
      "mentions": [
        {
          "text": {
            "content": "Sporo",
            "beginOffset": -1
          },
          "type": "PROPER"
        },
        {
          "text": {
            "content": "skin disease",
            "beginOffset": -1
          },
          "type": "COMMON"
        }
      ]
    },
    {
      "name": "shop workers",
      "type": "PERSON",
      "metadata": {},
      "salience": 0.008382304,
      "mentions": [
        {
          "text": {
            "content": "shop workers",
            "beginOffset": -1
          },
          "type": "COMMON"
        }
      ]
    },
    {
      "name": "kind lady",
      "type": "PERSON",
      "metadata": {},
      "salience": 0.007738714,
      "mentions": [
        {
          "text": {
            "content": "kind lady",
            "beginOffset": -1
          },
          "type": "COMMON"
        }
      ]
    },
    {
      "name": "story",
      "type": "WORK_OF_ART",
      "metadata": {},
      "salience": 0.007061121,
      "mentions": [
        {
          "text": {
            "content": "story",
            "beginOffset": -1
          },
          "type": "COMMON"
        }
      ]
    },
    {
      "name": "friends",
      "type": "PERSON",
      "metadata": {},
      "salience": 0.007061121,
      "mentions": [
        {
          "text": {
            "content": "friends",
            "beginOffset": -1
          },
          "type": "COMMON"
        }
      ]
    },
    {
      "name": "care",
      "type": "OTHER",
      "metadata": {},
      "salience": 0.0052963723,
      "mentions": [
        {
          "text": {
            "content": "care",
            "beginOffset": -1
          },
          "type": "COMMON"
        }
      ]
    },
    {
      "name": "kind vet",
      "type": "OTHER",
      "metadata": {},
      "salience": 0.005283329,
      "mentions": [
        {
          "text": {
            "content": "kind vet",
            "beginOffset": -1
          },
          "type": "COMMON"
        }
      ]
    },
    {
      "name": "cat",
      "type": "OTHER",
      "metadata": {},
      "salience": 0.003591935,
      "mentions": [
        {
          "text": {
            "content": "cat",
            "beginOffset": -1
          },
          "type": "COMMON"
        }
      ]
    },
    {
      "name": "cat",
      "type": "OTHER",
      "metadata": {},
      "salience": 0.0035741085,
      "mentions": [
        {
          "text": {
            "content": "cat",
            "beginOffset": -1
          },
          "type": "COMMON"
        }
      ]
    },
    {
      "name": "leg",
      "type": "OTHER",
      "metadata": {},
      "salience": 0.0030364657,
      "mentions": [
        {
          "text": {
            "content": "leg",
            "beginOffset": -1
          },
          "type": "COMMON"
        }
      ]
    },
    {
      "name": "leg",
      "type": "OTHER",
      "metadata": {},
      "salience": 0.0030364657,
      "mentions": [
        {
          "text": {
            "content": "leg",
            "beginOffset": -1
          },
          "type": "COMMON"
        }
      ]
    },
    {
      "name": "kopitiam",
      "type": "LOCATION",
      "metadata": {},
      "salience": 0.0026677458,
      "mentions": [
        {
          "text": {
            "content": "kopitiam",
            "beginOffset": -1
          },
          "type": "COMMON"
        }
      ]
    },
    {
      "name": "dumped'here.",
      "type": "LOCATION",
      "metadata": {},
      "salience": 0.002658336,
      "mentions": [
        {
          "text": {
            "content": "dumped'here.",
            "beginOffset": -1
          },
          "type": "COMMON"
        }
      ]
    },
    {
      "name": "sporo cat",
      "type": "OTHER",
      "metadata": {},
      "salience": 0.0024340155,
      "mentions": [
        {
          "text": {
            "content": "sporo cat",
            "beginOffset": -1
          },
          "type": "COMMON"
        }
      ]
    },
    {
      "name": "home",
      "type": "LOCATION",
      "metadata": {},
      "salience": 0.0024232338,
      "mentions": [
        {
          "text": {
            "content": "home",
            "beginOffset": -1
          },
          "type": "COMMON"
        }
      ]
    },
    {
      "name": "cat",
      "type": "OTHER",
      "metadata": {},
      "salience": 0.0024042942,
      "mentions": [
        {
          "text": {
            "content": "cat",
            "beginOffset": -1
          },
          "type": "COMMON"
        }
      ]
    },
    {
      "name": "Poor 3",
      "type": "CONSUMER_GOOD",
      "metadata": {},
      "salience": 0.0022347206,
      "mentions": [
        {
          "text": {
            "content": "Poor 3",
            "beginOffset": -1
          },
          "type": "PROPER"
        },
        {
          "text": {
            "content": "Poor 3",
            "beginOffset": -1
          },
          "type": "PROPER"
        }
      ]
    },
    {
      "name": "sos",
      "type": "OTHER",
      "metadata": {},
      "salience": 0.0021048703,
      "mentions": [
        {
          "text": {
            "content": "sos",
            "beginOffset": -1
          },
          "type": "COMMON"
        }
      ]
    },
    {
      "name": "vet worker",
      "type": "PERSON",
      "metadata": {},
      "salience": 0.0018918397,
      "mentions": [
        {
          "text": {
            "content": "vet worker",
            "beginOffset": -1
          },
          "type": "COMMON"
        }
      ]
    },
    {
      "name": "medication",
      "type": "CONSUMER_GOOD",
      "metadata": {},
      "salience": 0.0018918397,
      "mentions": [
        {
          "text": {
            "content": "medication",
            "beginOffset": -1
          },
          "type": "COMMON"
        }
      ]
    },
    {
      "name": "vets",
      "type": "PERSON",
      "metadata": {},
      "salience": 0.0018162032,
      "mentions": [
        {
          "text": {
            "content": "vets",
            "beginOffset": -1
          },
          "type": "COMMON"
        }
      ]
    },
    {
      "name": "chance",
      "type": "OTHER",
      "metadata": {},
      "salience": 0.0018162032,
      "mentions": [
        {
          "text": {
            "content": "chance",
            "beginOffset": -1
          },
          "type": "COMMON"
        }
      ]
    },
    {
      "name": "animals",
      "type": "OTHER",
      "metadata": {},
      "salience": 0.0018162032,
      "mentions": [
        {
          "text": {
            "content": "animals",
            "beginOffset": -1
          },
          "type": "COMMON"
        }
      ]
    },
    {
      "name": "most",
      "type": "OTHER",
      "metadata": {},
      "salience": 0.0018162032,
      "mentions": [
        {
          "text": {
            "content": "most",
            "beginOffset": -1
          },
          "type": "COMMON"
        }
      ]
    },
    {
      "name": "human",
      "type": "PERSON",
      "metadata": {},
      "salience": 0.0018162032,
      "mentions": [
        {
          "text": {
            "content": "human",
            "beginOffset": -1
          },
          "type": "COMMON"
        }
      ]
    },
    {
      "name": "right",
      "type": "OTHER",
      "metadata": {},
      "salience": 0.0017940112,
      "mentions": [
        {
          "text": {
            "content": "right",
            "beginOffset": -1
          },
          "type": "COMMON"
        }
      ]
    },
    {
      "name": "Dr",
      "type": "PERSON",
      "metadata": {},
      "salience": 0.0017940112,
      "mentions": [
        {
          "text": {
            "content": "Dr",
            "beginOffset": -1
          },
          "type": "COMMON"
        }
      ]
    },
    {
      "name": "treatments",
      "type": "OTHER",
      "metadata": {},
      "salience": 0.0016618631,
      "mentions": [
        {
          "text": {
            "content": "treatments",
            "beginOffset": -1
          },
          "type": "COMMON"
        }
      ]
    },
    {
      "name": "one",
      "type": "OTHER",
      "metadata": {},
      "salience": 0.0016618631,
      "mentions": [
        {
          "text": {
            "content": "one",
            "beginOffset": -1
          },
          "type": "COMMON"
        }
      ]
    },
    {
      "name": "Vet",
      "type": "PERSON",
      "metadata": {},
      "salience": 0.0015567283,
      "mentions": [
        {
          "text": {
            "content": "Vet",
            "beginOffset": -1
          },
          "type": "COMMON"
        }
      ]
    },
    {
      "name": "decision",
      "type": "OTHER",
      "metadata": {},
      "salience": 0.0013191844,
      "mentions": [
        {
          "text": {
            "content": "decision",
            "beginOffset": -1
          },
          "type": "COMMON"
        }
      ]
    },
    {
      "name": "wounds",
      "type": "OTHER",
      "metadata": {},
      "salience": 0.0012472305,
      "mentions": [
        {
          "text": {
            "content": "wounds",
            "beginOffset": -1
          },
          "type": "COMMON"
        }
      ]
    },
    {
      "name": "thanks",
      "type": "OTHER",
      "metadata": {},
      "salience": 0.0010878707,
      "mentions": [
        {
          "text": {
            "content": "thanks",
            "beginOffset": -1
          },
          "type": "COMMON"
        }
      ]
    },
    {
      "name": "home",
      "type": "LOCATION",
      "metadata": {},
      "salience": 0.0010878707,
      "mentions": [
        {
          "text": {
            "content": "home",
            "beginOffset": -1
          },
          "type": "COMMON"
        }
      ]
    },
    {
      "name": "medication",
      "type": "CONSUMER_GOOD",
      "metadata": {},
      "salience": 0.0009922198,
      "mentions": [
        {
          "text": {
            "content": "medication",
            "beginOffset": -1
          },
          "type": "COMMON"
        }
      ]
    },
    {
      "name": "advance",
      "type": "OTHER",
      "metadata": {},
      "salience": 0.0008715003,
      "mentions": [
        {
          "text": {
            "content": "advance",
            "beginOffset": -1
          },
          "type": "COMMON"
        }
      ]
    },
    {
      "name": "size",
      "type": "OTHER",
      "metadata": {},
      "salience": 0.00065896654,
      "mentions": [
        {
          "text": {
            "content": "size",
            "beginOffset": -1
          },
          "type": "COMMON"
        }
      ]
    },
    {
      "name": "meds",
      "type": "OTHER",
      "metadata": {},
      "salience": 0.00054682203,
      "mentions": [
        {
          "text": {
            "content": "meds",
            "beginOffset": -1
          },
          "type": "COMMON"
        }
      ]
    },
    {
      "name": "cage",
      "type": "OTHER",
      "metadata": {},
      "salience": 0.00054682203,
      "mentions": [
        {
          "text": {
            "content": "cage",
            "beginOffset": -1
          },
          "type": "COMMON"
        }
      ]
    },
    {
      "name": ":P",
      "type": "OTHER",
      "metadata": {},
      "salience": 0.00041409326,
      "mentions": [
        {
          "text": {
            "content": ":P",
            "beginOffset": -1
          },
          "type": "PROPER"
        }
      ]
    },
    {
      "name": "God",
      "type": "PERSON",
      "metadata": {
        "wikipedia_url": "https://en.wikipedia.org/wiki/God",
        "mid": "/m/0d05l6"
      },
      "salience": 0.00032308925,
      "mentions": [
        {
          "text": {
            "content": "God",
            "beginOffset": -1
          },
          "type": "PROPER"
        }
      ]
    }
  ],
  "documentSentiment": {
    "magnitude": 4.8,
    "score": 0
  },
  "language": "en",
  "categories": []
}
