{
  "sentences": [
    {
      "text": {
        "content": "Bambi is a very active, healthy dog.",
        "beginOffset": -1
      },
      "sentiment": {
        "magnitude": 0.1,
        "score": 0.1
      }
    },
    {
      "text": {
        "content": "She is very cute and shiny short coat.",
        "beginOffset": -1
      },
      "sentiment": {
        "magnitude": 0.6,
        "score": 0.6
      }
    },
    {
      "text": {
        "content": "Her license no is :.",
        "beginOffset": -1
      },
      "sentiment": {
        "magnitude": 0,
        "score": 0
      }
    }
  ],
  "tokens": [],
  "entities": [
    {
      "name": "Bambi",
      "type": "PERSON",
      "metadata": {},
      "salience": 0.8372295,
      "mentions": [
        {
          "text": {
            "content": "Bambi",
            "beginOffset": -1
          },
          "type": "PROPER"
        }
      ]
    },
    {
      "name": "dog",
      "type": "OTHER",
      "metadata": {},
      "salience": 0.111512855,
      "mentions": [
        {
          "text": {
            "content": "dog",
            "beginOffset": -1
          },
          "type": "COMMON"
        }
      ]
    },
    {
      "name": "license",
      "type": "OTHER",
      "metadata": {},
      "salience": 0.03732609,
      "mentions": [
        {
          "text": {
            "content": "license",
            "beginOffset": -1
          },
          "type": "COMMON"
        }
      ]
    },
    {
      "name": "coat",
      "type": "OTHER",
      "metadata": {},
      "salience": 0.013931586,
      "mentions": [
        {
          "text": {
            "content": "coat",
            "beginOffset": -1
          },
          "type": "COMMON"
        }
      ]
    }
  ],
  "documentSentiment": {
    "magnitude": 0.8,
    "score": 0.2
  },
  "language": "en",
  "categories": []
}
