{
  "sentences": [
    {
      "text": {
        "content": "Anyone who is interested, please call me at.",
        "beginOffset": -1
      },
      "sentiment": {
        "magnitude": 0.2,
        "score": 0.2
      }
    },
    {
      "text": {
        "content": "Thank you Felicia",
        "beginOffset": -1
      },
      "sentiment": {
        "magnitude": 0,
        "score": 0
      }
    }
  ],
  "tokens": [],
  "entities": [
    {
      "name": "Anyone",
      "type": "PERSON",
      "metadata": {},
      "salience": 0.9764873,
      "mentions": [
        {
          "text": {
            "content": "Anyone",
            "beginOffset": -1
          },
          "type": "COMMON"
        }
      ]
    },
    {
      "name": "Felicia",
      "type": "PERSON",
      "metadata": {},
      "salience": 0.023512734,
      "mentions": [
        {
          "text": {
            "content": "Felicia",
            "beginOffset": -1
          },
          "type": "PROPER"
        }
      ]
    }
  ],
  "documentSentiment": {
    "magnitude": 0.3,
    "score": 0.1
  },
  "language": "en",
  "categories": []
}
