{
  "sentences": [
    {
      "text": {
        "content": "location: Klang contact no.",
        "beginOffset": -1
      },
      "sentiment": {
        "magnitude": 0.2,
        "score": -0.2
      }
    }
  ],
  "tokens": [],
  "entities": [
    {
      "name": "location",
      "type": "LOCATION",
      "metadata": {},
      "salience": 0.6363644,
      "mentions": [
        {
          "text": {
            "content": "location",
            "beginOffset": -1
          },
          "type": "COMMON"
        }
      ]
    },
    {
      "name": "contact",
      "type": "OTHER",
      "metadata": {},
      "salience": 0.22494714,
      "mentions": [
        {
          "text": {
            "content": "contact",
            "beginOffset": -1
          },
          "type": "COMMON"
        }
      ]
    },
    {
      "name": "Klang",
      "type": "LOCATION",
      "metadata": {
        "mid": "/m/02m2h0",
        "wikipedia_url": "https://en.wikipedia.org/wiki/Klang_(city)"
      },
      "salience": 0.13868846,
      "mentions": [
        {
          "text": {
            "content": "Klang",
            "beginOffset": -1
          },
          "type": "PROPER"
        }
      ]
    }
  ],
  "documentSentiment": {
    "magnitude": 0.2,
    "score": -0.2
  },
  "language": "en",
  "categories": []
}
