{
  "sentences": [
    {
      "text": {
        "content": "Very manja with a pretty rounded face (you've got to see it for yourself since the photo doesn't do her any justice).",
        "beginOffset": -1
      },
      "sentiment": {
        "magnitude": 0.4,
        "score": 0.4
      }
    },
    {
      "text": {
        "content": "She will roll on your feet to get any love she can.",
        "beginOffset": -1
      },
      "sentiment": {
        "magnitude": 0.6,
        "score": 0.6
      }
    },
    {
      "text": {
        "content": "Saved her from almost being suffocated in a bag while condo management was trying to throw her away from the premises.",
        "beginOffset": -1
      },
      "sentiment": {
        "magnitude": 0.3,
        "score": -0.3
      }
    },
    {
      "text": {
        "content": "She's now in a vet for observation before she can her shots but looking healthy.",
        "beginOffset": -1
      },
      "sentiment": {
        "magnitude": 0.2,
        "score": 0.2
      }
    }
  ],
  "tokens": [],
  "entities": [
    {
      "name": "face",
      "type": "OTHER",
      "metadata": {},
      "salience": 0.39428914,
      "mentions": [
        {
          "text": {
            "content": "face",
            "beginOffset": -1
          },
          "type": "COMMON"
        }
      ]
    },
    {
      "name": "photo",
      "type": "WORK_OF_ART",
      "metadata": {},
      "salience": 0.15607633,
      "mentions": [
        {
          "text": {
            "content": "photo",
            "beginOffset": -1
          },
          "type": "COMMON"
        }
      ]
    },
    {
      "name": "justice",
      "type": "OTHER",
      "metadata": {},
      "salience": 0.1335515,
      "mentions": [
        {
          "text": {
            "content": "justice",
            "beginOffset": -1
          },
          "type": "COMMON"
        }
      ]
    },
    {
      "name": "love",
      "type": "OTHER",
      "metadata": {},
      "salience": 0.06645015,
      "mentions": [
        {
          "text": {
            "content": "love",
            "beginOffset": -1
          },
          "type": "COMMON"
        }
      ]
    },
    {
      "name": "feet",
      "type": "OTHER",
      "metadata": {},
      "salience": 0.052079707,
      "mentions": [
        {
          "text": {
            "content": "feet",
            "beginOffset": -1
          },
          "type": "COMMON"
        }
      ]
    },
    {
      "name": "bag",
      "type": "CONSUMER_GOOD",
      "metadata": {},
      "salience": 0.047579102,
      "mentions": [
        {
          "text": {
            "content": "bag",
            "beginOffset": -1
          },
          "type": "COMMON"
        }
      ]
    },
    {
      "name": "premises",
      "type": "LOCATION",
      "metadata": {},
      "salience": 0.035918385,
      "mentions": [
        {
          "text": {
            "content": "premises",
            "beginOffset": -1
          },
          "type": "COMMON"
        }
      ]
    },
    {
      "name": "vet",
      "type": "PERSON",
      "metadata": {},
      "salience": 0.03579217,
      "mentions": [
        {
          "text": {
            "content": "vet",
            "beginOffset": -1
          },
          "type": "COMMON"
        }
      ]
    },
    {
      "name": "observation",
      "type": "OTHER",
      "metadata": {},
      "salience": 0.03579217,
      "mentions": [
        {
          "text": {
            "content": "observation",
            "beginOffset": -1
          },
          "type": "COMMON"
        }
      ]
    },
    {
      "name": "shots",
      "type": "OTHER",
      "metadata": {},
      "salience": 0.026676668,
      "mentions": [
        {
          "text": {
            "content": "shots",
            "beginOffset": -1
          },
          "type": "COMMON"
        }
      ]
    },
    {
      "name": "condo management",
      "type": "OTHER",
      "metadata": {},
      "salience": 0.015794694,
      "mentions": [
        {
          "text": {
            "content": "condo management",
            "beginOffset": -1
          },
          "type": "COMMON"
        }
      ]
    }
  ],
  "documentSentiment": {
    "magnitude": 1.7,
    "score": 0.2
  },
  "language": "en",
  "categories": []
}
