{
  "sentences": [
    {
      "text": {
        "content": "Found her wandering near Segi College Kota Damansara.",
        "beginOffset": -1
      },
      "sentiment": {
        "magnitude": 0.4,
        "score": 0.4
      }
    },
    {
      "text": {
        "content": "With a choke chain, without tag, both eye has cataract, friendly.",
        "beginOffset": -1
      },
      "sentiment": {
        "magnitude": 0.6,
        "score": 0.6
      }
    },
    {
      "text": {
        "content": "Kindly contact me if you lost you want to adopt.",
        "beginOffset": -1
      },
      "sentiment": {
        "magnitude": 0.1,
        "score": -0.1
      }
    }
  ],
  "tokens": [],
  "entities": [
    {
      "name": "wandering",
      "type": "OTHER",
      "metadata": {},
      "salience": 0.5478289,
      "mentions": [
        {
          "text": {
            "content": "wandering",
            "beginOffset": -1
          },
          "type": "COMMON"
        }
      ]
    },
    {
      "name": "Segi College Kota Damansara",
      "type": "LOCATION",
      "metadata": {
        "mid": "/m/0b6h3sg",
        "wikipedia_url": "https://en.wikipedia.org/wiki/SEGi_University"
      },
      "salience": 0.13931064,
      "mentions": [
        {
          "text": {
            "content": "Segi College Kota Damansara",
            "beginOffset": -1
          },
          "type": "PROPER"
        }
      ]
    },
    {
      "name": "eye",
      "type": "OTHER",
      "metadata": {},
      "salience": 0.08444988,
      "mentions": [
        {
          "text": {
            "content": "eye",
            "beginOffset": -1
          },
          "type": "COMMON"
        }
      ]
    },
    {
      "name": "tag",
      "type": "OTHER",
      "metadata": {},
      "salience": 0.0785691,
      "mentions": [
        {
          "text": {
            "content": "tag",
            "beginOffset": -1
          },
          "type": "COMMON"
        }
      ]
    },
    {
      "name": "choke chain",
      "type": "OTHER",
      "metadata": {},
      "salience": 0.07762866,
      "mentions": [
        {
          "text": {
            "content": "choke chain",
            "beginOffset": -1
          },
          "type": "COMMON"
        }
      ]
    },
    {
      "name": "cataract",
      "type": "OTHER",
      "metadata": {},
      "salience": 0.07221279,
      "mentions": [
        {
          "text": {
            "content": "cataract",
            "beginOffset": -1
          },
          "type": "COMMON"
        }
      ]
    }
  ],
  "documentSentiment": {
    "magnitude": 1.2,
    "score": 0.3
  },
  "language": "en",
  "categories": []
}
