{
  "sentences": [
    {
      "text": {
        "content": "Meet Vanilla!!",
        "beginOffset": -1
      },
      "sentiment": {
        "magnitude": 0.4,
        "score": 0.4
      }
    },
    {
      "text": {
        "content": "I rescued this hairball from SPCA Selangor.",
        "beginOffset": -1
      },
      "sentiment": {
        "magnitude": 0,
        "score": 0
      }
    },
    {
      "text": {
        "content": "The lady from SPCA told me vanilla is giving in by his owner, and vanilla is actually a mixed breed of American shorthair and DSH.",
        "beginOffset": -1
      },
      "sentiment": {
        "magnitude": 0.1,
        "score": -0.1
      }
    },
    {
      "text": {
        "content": "(I HATE OWNER LIKE THIS!!).",
        "beginOffset": -1
      },
      "sentiment": {
        "magnitude": 0.6,
        "score": -0.6
      }
    },
    {
      "text": {
        "content": "The actual reason was giving in is unknown.",
        "beginOffset": -1
      },
      "sentiment": {
        "magnitude": 0,
        "score": 0
      }
    },
    {
      "text": {
        "content": "Anyways, Vanilla at first was having bad ear mites, hairfall(not coz of kurap o fungus, i check it with UPM vet),now he is better.",
        "beginOffset": -1
      },
      "sentiment": {
        "magnitude": 0.2,
        "score": -0.2
      }
    },
    {
      "text": {
        "content": "the vet just told me he need vitamins for the coats.",
        "beginOffset": -1
      },
      "sentiment": {
        "magnitude": 0,
        "score": 0
      }
    },
    {
      "text": {
        "content": "Others health issues are okey.",
        "beginOffset": -1
      },
      "sentiment": {
        "magnitude": 0,
        "score": 0
      }
    },
    {
      "text": {
        "content": "weight that time is 3.3kg.",
        "beginOffset": -1
      },
      "sentiment": {
        "magnitude": 0,
        "score": 0
      }
    },
    {
      "text": {
        "content": "Vanilla: 1) Toilet trained - so easy to train him, he never poo n pee everywhere, he always follow where i placed the litter box.",
        "beginOffset": -1
      },
      "sentiment": {
        "magnitude": 0.6,
        "score": 0.6
      }
    },
    {
      "text": {
        "content": "2) Eat IAMS 3) Good with female cats ONLY!!",
        "beginOffset": -1
      },
      "sentiment": {
        "magnitude": 0.8,
        "score": 0.8
      }
    },
    {
      "text": {
        "content": "no MALE!!",
        "beginOffset": -1
      },
      "sentiment": {
        "magnitude": 0.2,
        "score": -0.2
      }
    },
    {
      "text": {
        "content": "4) Good with children 5) Barely meowing. 6) Like to be in his box and watch other cats playing. he LOVES to be in a box.",
        "beginOffset": -1
      },
      "sentiment": {
        "magnitude": 0.8,
        "score": 0.8
      }
    },
    {
      "text": {
        "content": "7) Like to be a watch cat 8) Love anything that have feathers.",
        "beginOffset": -1
      },
      "sentiment": {
        "magnitude": 0.8,
        "score": 0.8
      }
    },
    {
      "text": {
        "content": "9) Likes to sleep between your legs/ on your tummy and on top of your head.",
        "beginOffset": -1
      },
      "sentiment": {
        "magnitude": 0.6,
        "score": 0.6
      }
    },
    {
      "text": {
        "content": "10) HATE to be caged in The adoption fee will goes to other rescued cats/kittens.",
        "beginOffset": -1
      },
      "sentiment": {
        "magnitude": 0.4,
        "score": -0.4
      }
    },
    {
      "text": {
        "content": "Note: if any of you interested to adopt a kitten, go to SPCA Selangor.",
        "beginOffset": -1
      },
      "sentiment": {
        "magnitude": 0.1,
        "score": 0.1
      }
    },
    {
      "text": {
        "content": "they have lots and lots of kittens with different colors/patterns.",
        "beginOffset": -1
      },
      "sentiment": {
        "magnitude": 0.7,
        "score": 0.7
      }
    },
    {
      "text": {
        "content": "You will be surprised if you see lots of mixed breed there.",
        "beginOffset": -1
      },
      "sentiment": {
        "magnitude": 0.5,
        "score": 0.5
      }
    },
    {
      "text": {
        "content": "When i went there, they got mixed persian(DLH/DMH), mixed siamese/ mixed burmese.",
        "beginOffset": -1
      },
      "sentiment": {
        "magnitude": 0,
        "score": 0
      }
    }
  ],
  "tokens": [],
  "entities": [
    {
      "name": "Vanilla",
      "type": "OTHER",
      "metadata": {
        "mid": "/m/07_rn",
        "wikipedia_url": "https://en.wikipedia.org/wiki/Vanilla"
      },
      "salience": 0.56695503,
      "mentions": [
        {
          "text": {
            "content": "Vanilla",
            "beginOffset": -1
          },
          "type": "COMMON"
        },
        {
          "text": {
            "content": "vanilla",
            "beginOffset": -1
          },
          "type": "COMMON"
        },
        {
          "text": {
            "content": "breed",
            "beginOffset": -1
          },
          "type": "COMMON"
        },
        {
          "text": {
            "content": "Vanilla",
            "beginOffset": -1
          },
          "type": "PROPER"
        }
      ]
    },
    {
      "name": "vet",
      "type": "PERSON",
      "metadata": {},
      "salience": 0.040499914,
      "mentions": [
        {
          "text": {
            "content": "vet",
            "beginOffset": -1
          },
          "type": "COMMON"
        },
        {
          "text": {
            "content": "vet",
            "beginOffset": -1
          },
          "type": "COMMON"
        }
      ]
    },
    {
      "name": "hairfall",
      "type": "OTHER",
      "metadata": {},
      "salience": 0.034846865,
      "mentions": [
        {
          "text": {
            "content": "hairfall",
            "beginOffset": -1
          },
          "type": "COMMON"
        }
      ]
    },
    {
      "name": "hairball",
      "type": "OTHER",
      "metadata": {},
      "salience": 0.025053576,
      "mentions": [
        {
          "text": {
            "content": "hairball",
            "beginOffset": -1
          },
          "type": "COMMON"
        }
      ]
    },
    {
      "name": "owner",
      "type": "PERSON",
      "metadata": {},
      "salience": 0.024929946,
      "mentions": [
        {
          "text": {
            "content": "owner",
            "beginOffset": -1
          },
          "type": "COMMON"
        }
      ]
    },
    {
      "name": "shorthair",
      "type": "OTHER",
      "metadata": {},
      "salience": 0.021919413,
      "mentions": [
        {
          "text": {
            "content": "shorthair",
            "beginOffset": -1
          },
          "type": "COMMON"
        }
      ]
    },
    {
      "name": "lady",
      "type": "PERSON",
      "metadata": {},
      "salience": 0.021919413,
      "mentions": [
        {
          "text": {
            "content": "lady",
            "beginOffset": -1
          },
          "type": "COMMON"
        }
      ]
    },
    {
      "name": "SPCA",
      "type": "ORGANIZATION",
      "metadata": {
        "mid": "/m/0117qddf",
        "wikipedia_url": "https://en.wikipedia.org/wiki/Society_for_the_Prevention_of_Cruelty_to_Animals"
      },
      "salience": 0.016201979,
      "mentions": [
        {
          "text": {
            "content": "SPCA",
            "beginOffset": -1
          },
          "type": "PROPER"
        }
      ]
    },
    {
      "name": "SPCA Selangor",
      "type": "LOCATION",
      "metadata": {},
      "salience": 0.013956505,
      "mentions": [
        {
          "text": {
            "content": "SPCA Selangor",
            "beginOffset": -1
          },
          "type": "PROPER"
        },
        {
          "text": {
            "content": "SPCA Selangor",
            "beginOffset": -1
          },
          "type": "PROPER"
        }
      ]
    },
    {
      "name": "DSH",
      "type": "OTHER",
      "metadata": {
        "mid": "/m/012c9l",
        "wikipedia_url": "https://en.wikipedia.org/wiki/Domestic_short-haired_cat"
      },
      "salience": 0.012992507,
      "mentions": [
        {
          "text": {
            "content": "DSH",
            "beginOffset": -1
          },
          "type": "PROPER"
        }
      ]
    },
    {
      "name": "American",
      "type": "LOCATION",
      "metadata": {},
      "salience": 0.012992507,
      "mentions": [
        {
          "text": {
            "content": "American",
            "beginOffset": -1
          },
          "type": "PROPER"
        }
      ]
    },
    {
      "name": "OWNER",
      "type": "PERSON",
      "metadata": {},
      "salience": 0.009443784,
      "mentions": [
        {
          "text": {
            "content": "OWNER",
            "beginOffset": -1
          },
          "type": "COMMON"
        }
      ]
    },
    {
      "name": "reason",
      "type": "OTHER",
      "metadata": {},
      "salience": 0.008274662,
      "mentions": [
        {
          "text": {
            "content": "reason",
            "beginOffset": -1
          },
          "type": "COMMON"
        }
      ]
    },
    {
      "name": "kurap o fungus",
      "type": "OTHER",
      "metadata": {},
      "salience": 0.008256158,
      "mentions": [
        {
          "text": {
            "content": "kurap o fungus",
            "beginOffset": -1
          },
          "type": "COMMON"
        }
      ]
    },
    {
      "name": "ear mites",
      "type": "OTHER",
      "metadata": {},
      "salience": 0.008256158,
      "mentions": [
        {
          "text": {
            "content": "ear mites",
            "beginOffset": -1
          },
          "type": "COMMON"
        }
      ]
    },
    {
      "name": "cats",
      "type": "OTHER",
      "metadata": {},
      "salience": 0.007599233,
      "mentions": [
        {
          "text": {
            "content": "cats",
            "beginOffset": -1
          },
          "type": "COMMON"
        }
      ]
    },
    {
      "name": "Vanilla",
      "type": "OTHER",
      "metadata": {},
      "salience": 0.007420669,
      "mentions": [
        {
          "text": {
            "content": "Vanilla",
            "beginOffset": -1
          },
          "type": "COMMON"
        }
      ]
    },
    {
      "name": "litter box",
      "type": "OTHER",
      "metadata": {},
      "salience": 0.0073479493,
      "mentions": [
        {
          "text": {
            "content": "litter box",
            "beginOffset": -1
          },
          "type": "COMMON"
        }
      ]
    },
    {
      "name": "cats",
      "type": "OTHER",
      "metadata": {},
      "salience": 0.006987432,
      "mentions": [
        {
          "text": {
            "content": "cats",
            "beginOffset": -1
          },
          "type": "COMMON"
        }
      ]
    },
    {
      "name": "weight",
      "type": "OTHER",
      "metadata": {},
      "salience": 0.0066669774,
      "mentions": [
        {
          "text": {
            "content": "weight",
            "beginOffset": -1
          },
          "type": "COMMON"
        }
      ]
    },
    {
      "name": "box",
      "type": "OTHER",
      "metadata": {},
      "salience": 0.0063984413,
      "mentions": [
        {
          "text": {
            "content": "box",
            "beginOffset": -1
          },
          "type": "COMMON"
        }
      ]
    },
    {
      "name": "box",
      "type": "OTHER",
      "metadata": {},
      "salience": 0.0063984413,
      "mentions": [
        {
          "text": {
            "content": "box",
            "beginOffset": -1
          },
          "type": "COMMON"
        }
      ]
    },
    {
      "name": "pee",
      "type": "OTHER",
      "metadata": {},
      "salience": 0.0056059137,
      "mentions": [
        {
          "text": {
            "content": "pee",
            "beginOffset": -1
          },
          "type": "COMMON"
        }
      ]
    },
    {
      "name": "everywhere",
      "type": "LOCATION",
      "metadata": {},
      "salience": 0.0056059137,
      "mentions": [
        {
          "text": {
            "content": "everywhere",
            "beginOffset": -1
          },
          "type": "COMMON"
        }
      ]
    },
    {
      "name": "coats",
      "type": "OTHER",
      "metadata": {},
      "salience": 0.005561759,
      "mentions": [
        {
          "text": {
            "content": "coats",
            "beginOffset": -1
          },
          "type": "COMMON"
        }
      ]
    },
    {
      "name": "health issues",
      "type": "OTHER",
      "metadata": {},
      "salience": 0.0054177935,
      "mentions": [
        {
          "text": {
            "content": "health issues",
            "beginOffset": -1
          },
          "type": "COMMON"
        }
      ]
    },
    {
      "name": "MALE",
      "type": "PERSON",
      "metadata": {},
      "salience": 0.005132183,
      "mentions": [
        {
          "text": {
            "content": "MALE",
            "beginOffset": -1
          },
          "type": "COMMON"
        }
      ]
    },
    {
      "name": "children",
      "type": "PERSON",
      "metadata": {},
      "salience": 0.005127135,
      "mentions": [
        {
          "text": {
            "content": "children",
            "beginOffset": -1
          },
          "type": "COMMON"
        }
      ]
    },
    {
      "name": "cats",
      "type": "OTHER",
      "metadata": {},
      "salience": 0.0048104427,
      "mentions": [
        {
          "text": {
            "content": "cats",
            "beginOffset": -1
          },
          "type": "COMMON"
        }
      ]
    },
    {
      "name": "kittens",
      "type": "PERSON",
      "metadata": {},
      "salience": 0.0048104427,
      "mentions": [
        {
          "text": {
            "content": "kittens",
            "beginOffset": -1
          },
          "type": "COMMON"
        }
      ]
    },
    {
      "name": "kitten",
      "type": "PERSON",
      "metadata": {},
      "salience": 0.004806858,
      "mentions": [
        {
          "text": {
            "content": "kitten",
            "beginOffset": -1
          },
          "type": "COMMON"
        }
      ]
    },
    {
      "name": "kittens",
      "type": "PERSON",
      "metadata": {},
      "salience": 0.004803481,
      "mentions": [
        {
          "text": {
            "content": "kittens",
            "beginOffset": -1
          },
          "type": "COMMON"
        }
      ]
    },
    {
      "name": "lots",
      "type": "OTHER",
      "metadata": {},
      "salience": 0.004803481,
      "mentions": [
        {
          "text": {
            "content": "lots",
            "beginOffset": -1
          },
          "type": "COMMON"
        }
      ]
    },
    {
      "name": "lots",
      "type": "OTHER",
      "metadata": {},
      "salience": 0.004744781,
      "mentions": [
        {
          "text": {
            "content": "lots",
            "beginOffset": -1
          },
          "type": "COMMON"
        }
      ]
    },
    {
      "name": "vitamins",
      "type": "CONSUMER_GOOD",
      "metadata": {},
      "salience": 0.0047402694,
      "mentions": [
        {
          "text": {
            "content": "vitamins",
            "beginOffset": -1
          },
          "type": "COMMON"
        }
      ]
    },
    {
      "name": "anything",
      "type": "OTHER",
      "metadata": {},
      "salience": 0.004430199,
      "mentions": [
        {
          "text": {
            "content": "anything",
            "beginOffset": -1
          },
          "type": "COMMON"
        }
      ]
    },
    {
      "name": "adoption fee will",
      "type": "OTHER",
      "metadata": {},
      "salience": 0.0038541898,
      "mentions": [
        {
          "text": {
            "content": "adoption fee will",
            "beginOffset": -1
          },
          "type": "COMMON"
        }
      ]
    },
    {
      "name": "any",
      "type": "OTHER",
      "metadata": {},
      "salience": 0.0038513169,
      "mentions": [
        {
          "text": {
            "content": "any",
            "beginOffset": -1
          },
          "type": "COMMON"
        }
      ]
    },
    {
      "name": "Note",
      "type": "OTHER",
      "metadata": {},
      "salience": 0.0038513169,
      "mentions": [
        {
          "text": {
            "content": "Note",
            "beginOffset": -1
          },
          "type": "COMMON"
        }
      ]
    },
    {
      "name": "lots",
      "type": "OTHER",
      "metadata": {},
      "salience": 0.0035733795,
      "mentions": [
        {
          "text": {
            "content": "lots",
            "beginOffset": -1
          },
          "type": "COMMON"
        }
      ]
    },
    {
      "name": "HATE",
      "type": "OTHER",
      "metadata": {},
      "salience": 0.0033252544,
      "mentions": [
        {
          "text": {
            "content": "HATE",
            "beginOffset": -1
          },
          "type": "COMMON"
        }
      ]
    },
    {
      "name": "IAMS 3",
      "type": "ORGANIZATION",
      "metadata": {},
      "salience": 0.003310474,
      "mentions": [
        {
          "text": {
            "content": "IAMS 3",
            "beginOffset": -1
          },
          "type": "PROPER"
        }
      ]
    },
    {
      "name": "UPM",
      "type": "ORGANIZATION",
      "metadata": {},
      "salience": 0.003294472,
      "mentions": [
        {
          "text": {
            "content": "UPM",
            "beginOffset": -1
          },
          "type": "PROPER"
        }
      ]
    },
    {
      "name": "breed",
      "type": "OTHER",
      "metadata": {},
      "salience": 0.0030647928,
      "mentions": [
        {
          "text": {
            "content": "breed",
            "beginOffset": -1
          },
          "type": "COMMON"
        }
      ]
    },
    {
      "name": "patterns",
      "type": "OTHER",
      "metadata": {},
      "salience": 0.0026937372,
      "mentions": [
        {
          "text": {
            "content": "patterns",
            "beginOffset": -1
          },
          "type": "COMMON"
        }
      ]
    },
    {
      "name": "colors",
      "type": "OTHER",
      "metadata": {},
      "salience": 0.0026937372,
      "mentions": [
        {
          "text": {
            "content": "colors",
            "beginOffset": -1
          },
          "type": "COMMON"
        }
      ]
    },
    {
      "name": "burmese",
      "type": "OTHER",
      "metadata": {},
      "salience": 0.002690247,
      "mentions": [
        {
          "text": {
            "content": "burmese",
            "beginOffset": -1
          },
          "type": "COMMON"
        }
      ]
    },
    {
      "name": "siamese",
      "type": "OTHER",
      "metadata": {},
      "salience": 0.002690247,
      "mentions": [
        {
          "text": {
            "content": "siamese",
            "beginOffset": -1
          },
          "type": "COMMON"
        }
      ]
    },
    {
      "name": "watch cat",
      "type": "OTHER",
      "metadata": {},
      "salience": 0.0020866871,
      "mentions": [
        {
          "text": {
            "content": "watch cat",
            "beginOffset": -1
          },
          "type": "COMMON"
        }
      ]
    },
    {
      "name": "legs",
      "type": "OTHER",
      "metadata": {},
      "salience": 0.0016912562,
      "mentions": [
        {
          "text": {
            "content": "legs",
            "beginOffset": -1
          },
          "type": "COMMON"
        }
      ]
    },
    {
      "name": "tummy",
      "type": "OTHER",
      "metadata": {},
      "salience": 0.0016912562,
      "mentions": [
        {
          "text": {
            "content": "tummy",
            "beginOffset": -1
          },
          "type": "COMMON"
        }
      ]
    },
    {
      "name": "head",
      "type": "OTHER",
      "metadata": {},
      "salience": 0.0016912562,
      "mentions": [
        {
          "text": {
            "content": "head",
            "beginOffset": -1
          },
          "type": "COMMON"
        }
      ]
    },
    {
      "name": "top",
      "type": "OTHER",
      "metadata": {},
      "salience": 0.0016912562,
      "mentions": [
        {
          "text": {
            "content": "top",
            "beginOffset": -1
          },
          "type": "COMMON"
        }
      ]
    },
    {
      "name": "persian",
      "type": "CONSUMER_GOOD",
      "metadata": {},
      "salience": 0.0016852774,
      "mentions": [
        {
          "text": {
            "content": "persian",
            "beginOffset": -1
          },
          "type": "COMMON"
        }
      ]
    },
    {
      "name": "feathers",
      "type": "OTHER",
      "metadata": {},
      "salience": 0.0016719836,
      "mentions": [
        {
          "text": {
            "content": "feathers",
            "beginOffset": -1
          },
          "type": "COMMON"
        }
      ]
    },
    {
      "name": "DMH",
      "type": "OTHER",
      "metadata": {},
      "salience": 0.0015898162,
      "mentions": [
        {
          "text": {
            "content": "DMH",
            "beginOffset": -1
          },
          "type": "PROPER"
        }
      ]
    },
    {
      "name": "DLH",
      "type": "ORGANIZATION",
      "metadata": {},
      "salience": 0.0015898162,
      "mentions": [
        {
          "text": {
            "content": "DLH",
            "beginOffset": -1
          },
          "type": "PROPER"
        }
      ]
    }
  ],
  "documentSentiment": {
    "magnitude": 7.8,
    "score": 0.1
  },
  "language": "en",
  "categories": []
}
