{
  "sentences": [
    {
      "text": {
        "content": "Miyu is a small kitten lovely smooth kitten love to play around hope to find family that would adpot miyu with her brother Charu and Mother Ginny you can view them in my profile.",
        "beginOffset": -1
      },
      "sentiment": {
        "magnitude": 0.9,
        "score": 0.9
      }
    },
    {
      "text": {
        "content": "ps.",
        "beginOffset": -1
      },
      "sentiment": {
        "magnitude": 0.1,
        "score": 0.1
      }
    },
    {
      "text": {
        "content": "i dun have a beautiful picture of ginny..",
        "beginOffset": -1
      },
      "sentiment": {
        "magnitude": 0.5,
        "score": 0.5
      }
    },
    {
      "text": {
        "content": "no time to take picture.",
        "beginOffset": -1
      },
      "sentiment": {
        "magnitude": 0,
        "score": 0
      }
    },
    {
      "text": {
        "content": "this is all i have for now.",
        "beginOffset": -1
      },
      "sentiment": {
        "magnitude": 0.2,
        "score": 0.2
      }
    }
  ],
  "tokens": [],
  "entities": [
    {
      "name": "family",
      "type": "PERSON",
      "metadata": {},
      "salience": 0.23908414,
      "mentions": [
        {
          "text": {
            "content": "family",
            "beginOffset": -1
          },
          "type": "COMMON"
        }
      ]
    },
    {
      "name": "love",
      "type": "OTHER",
      "metadata": {},
      "salience": 0.16301975,
      "mentions": [
        {
          "text": {
            "content": "love",
            "beginOffset": -1
          },
          "type": "COMMON"
        }
      ]
    },
    {
      "name": "kitten",
      "type": "PERSON",
      "metadata": {},
      "salience": 0.1371246,
      "mentions": [
        {
          "text": {
            "content": "kitten",
            "beginOffset": -1
          },
          "type": "COMMON"
        }
      ]
    },
    {
      "name": "kitten",
      "type": "PERSON",
      "metadata": {},
      "salience": 0.1371246,
      "mentions": [
        {
          "text": {
            "content": "kitten",
            "beginOffset": -1
          },
          "type": "COMMON"
        }
      ]
    },
    {
      "name": "Charu",
      "type": "PERSON",
      "metadata": {},
      "salience": 0.09564042,
      "mentions": [
        {
          "text": {
            "content": "brother",
            "beginOffset": -1
          },
          "type": "COMMON"
        },
        {
          "text": {
            "content": "Charu",
            "beginOffset": -1
          },
          "type": "PROPER"
        }
      ]
    },
    {
      "name": "Miyu",
      "type": "PERSON",
      "metadata": {},
      "salience": 0.08870812,
      "mentions": [
        {
          "text": {
            "content": "Miyu",
            "beginOffset": -1
          },
          "type": "PROPER"
        }
      ]
    },
    {
      "name": "Ginny",
      "type": "PERSON",
      "metadata": {},
      "salience": 0.0828068,
      "mentions": [
        {
          "text": {
            "content": "Ginny",
            "beginOffset": -1
          },
          "type": "PROPER"
        },
        {
          "text": {
            "content": "Mother",
            "beginOffset": -1
          },
          "type": "COMMON"
        }
      ]
    },
    {
      "name": "profile",
      "type": "OTHER",
      "metadata": {},
      "salience": 0.030790625,
      "mentions": [
        {
          "text": {
            "content": "profile",
            "beginOffset": -1
          },
          "type": "COMMON"
        }
      ]
    },
    {
      "name": "picture",
      "type": "OTHER",
      "metadata": {},
      "salience": 0.014537438,
      "mentions": [
        {
          "text": {
            "content": "picture",
            "beginOffset": -1
          },
          "type": "COMMON"
        }
      ]
    },
    {
      "name": "ginny",
      "type": "PERSON",
      "metadata": {},
      "salience": 0.005615997,
      "mentions": [
        {
          "text": {
            "content": "ginny",
            "beginOffset": -1
          },
          "type": "COMMON"
        }
      ]
    },
    {
      "name": "picture",
      "type": "WORK_OF_ART",
      "metadata": {},
      "salience": 0.005547505,
      "mentions": [
        {
          "text": {
            "content": "picture",
            "beginOffset": -1
          },
          "type": "COMMON"
        }
      ]
    }
  ],
  "documentSentiment": {
    "magnitude": 1.8,
    "score": 0.3
  },
  "language": "en",
  "categories": []
}
