{
  "sentences": [
    {
      "text": {
        "content": "A female stray followed me to my front door, she chose to give birth right in front of my house door.",
        "beginOffset": -1
      },
      "sentiment": {
        "magnitude": 0,
        "score": 0
      }
    },
    {
      "text": {
        "content": "I couldn't just chase her away.",
        "beginOffset": -1
      },
      "sentiment": {
        "magnitude": 0,
        "score": 0
      }
    },
    {
      "text": {
        "content": "Therefore had to be a foster to the mummy cat &amp; her kittens.",
        "beginOffset": -1
      },
      "sentiment": {
        "magnitude": 0.1,
        "score": 0.1
      }
    },
    {
      "text": {
        "content": "The fee is to cover the mummy cat's neutering fees.",
        "beginOffset": -1
      },
      "sentiment": {
        "magnitude": 0,
        "score": 0
      }
    },
    {
      "text": {
        "content": "This kitten is healthy &amp; happy.",
        "beginOffset": -1
      },
      "sentiment": {
        "magnitude": 0.9,
        "score": 0.9
      }
    },
    {
      "text": {
        "content": "Adorable as well.",
        "beginOffset": -1
      },
      "sentiment": {
        "magnitude": 0.9,
        "score": 0.9
      }
    },
    {
      "text": {
        "content": "Im just helping this kitten to find her forever home.",
        "beginOffset": -1
      },
      "sentiment": {
        "magnitude": 0.7,
        "score": 0.7
      }
    },
    {
      "text": {
        "content": "Please contact me asap if you wish to love &amp; be loved by this little furry bundle of love :D",
        "beginOffset": -1
      },
      "sentiment": {
        "magnitude": 0.8,
        "score": 0.8
      }
    }
  ],
  "tokens": [],
  "entities": [
    {
      "name": "door",
      "type": "OTHER",
      "metadata": {},
      "salience": 0.2467213,
      "mentions": [
        {
          "text": {
            "content": "door",
            "beginOffset": -1
          },
          "type": "COMMON"
        }
      ]
    },
    {
      "name": "kitten",
      "type": "PERSON",
      "metadata": {},
      "salience": 0.12936458,
      "mentions": [
        {
          "text": {
            "content": "kitten",
            "beginOffset": -1
          },
          "type": "COMMON"
        }
      ]
    },
    {
      "name": "foster",
      "type": "PERSON",
      "metadata": {},
      "salience": 0.11599647,
      "mentions": [
        {
          "text": {
            "content": "foster",
            "beginOffset": -1
          },
          "type": "COMMON"
        }
      ]
    },
    {
      "name": "house door",
      "type": "OTHER",
      "metadata": {},
      "salience": 0.09748966,
      "mentions": [
        {
          "text": {
            "content": "house door",
            "beginOffset": -1
          },
          "type": "COMMON"
        }
      ]
    },
    {
      "name": "front",
      "type": "OTHER",
      "metadata": {},
      "salience": 0.08590731,
      "mentions": [
        {
          "text": {
            "content": "front",
            "beginOffset": -1
          },
          "type": "COMMON"
        }
      ]
    },
    {
      "name": "birth",
      "type": "OTHER",
      "metadata": {},
      "salience": 0.0658965,
      "mentions": [
        {
          "text": {
            "content": "birth",
            "beginOffset": -1
          },
          "type": "COMMON"
        }
      ]
    },
    {
      "name": "kitten",
      "type": "PERSON",
      "metadata": {},
      "salience": 0.038821835,
      "mentions": [
        {
          "text": {
            "content": "kitten",
            "beginOffset": -1
          },
          "type": "COMMON"
        }
      ]
    },
    {
      "name": "kittens",
      "type": "PERSON",
      "metadata": {},
      "salience": 0.03543513,
      "mentions": [
        {
          "text": {
            "content": "kittens",
            "beginOffset": -1
          },
          "type": "COMMON"
        }
      ]
    },
    {
      "name": "fee",
      "type": "OTHER",
      "metadata": {},
      "salience": 0.034033295,
      "mentions": [
        {
          "text": {
            "content": "fee",
            "beginOffset": -1
          },
          "type": "COMMON"
        }
      ]
    },
    {
      "name": "mummy cat",
      "type": "OTHER",
      "metadata": {},
      "salience": 0.032344848,
      "mentions": [
        {
          "text": {
            "content": "mummy cat",
            "beginOffset": -1
          },
          "type": "COMMON"
        }
      ]
    },
    {
      "name": ":D",
      "type": "OTHER",
      "metadata": {},
      "salience": 0.030526519,
      "mentions": [
        {
          "text": {
            "content": ":D",
            "beginOffset": -1
          },
          "type": "PROPER"
        },
        {
          "text": {
            "content": "love",
            "beginOffset": -1
          },
          "type": "COMMON"
        }
      ]
    },
    {
      "name": "mummy cat",
      "type": "OTHER",
      "metadata": {},
      "salience": 0.029591119,
      "mentions": [
        {
          "text": {
            "content": "mummy cat",
            "beginOffset": -1
          },
          "type": "COMMON"
        }
      ]
    },
    {
      "name": "home",
      "type": "LOCATION",
      "metadata": {},
      "salience": 0.01949769,
      "mentions": [
        {
          "text": {
            "content": "home",
            "beginOffset": -1
          },
          "type": "COMMON"
        }
      ]
    },
    {
      "name": "neutering fees",
      "type": "OTHER",
      "metadata": {},
      "salience": 0.016136125,
      "mentions": [
        {
          "text": {
            "content": "neutering fees",
            "beginOffset": -1
          },
          "type": "COMMON"
        }
      ]
    },
    {
      "name": "bundle",
      "type": "OTHER",
      "metadata": {},
      "salience": 0.013641265,
      "mentions": [
        {
          "text": {
            "content": "bundle",
            "beginOffset": -1
          },
          "type": "COMMON"
        }
      ]
    },
    {
      "name": "Im",
      "type": "PERSON",
      "metadata": {},
      "salience": 0.00859635,
      "mentions": [
        {
          "text": {
            "content": "Im",
            "beginOffset": -1
          },
          "type": "PROPER"
        }
      ]
    }
  ],
  "documentSentiment": {
    "magnitude": 3.7,
    "score": 0.4
  },
  "language": "en",
  "categories": []
}
