{
  "sentences": [
    {
      "text": {
        "content": "This morning found a puppy.",
        "beginOffset": -1
      },
      "sentiment": {
        "magnitude": 0.2,
        "score": 0.2
      }
    },
    {
      "text": {
        "content": "He was left at shop houses near Ipoh, Simpang Pulai by his mother and didnt see other puppies...his mother only came to see sometimes and one uncle living there gave him food sometimes..",
        "beginOffset": -1
      },
      "sentiment": {
        "magnitude": 0.5,
        "score": 0.5
      }
    },
    {
      "text": {
        "content": "If you are kind and want a pet, please contact me at to pick up the puppy ( location at Ipoh)",
        "beginOffset": -1
      },
      "sentiment": {
        "magnitude": 0.1,
        "score": 0.1
      }
    }
  ],
  "tokens": [],
  "entities": [
    {
      "name": "puppy",
      "type": "OTHER",
      "metadata": {},
      "salience": 0.43787402,
      "mentions": [
        {
          "text": {
            "content": "puppy",
            "beginOffset": -1
          },
          "type": "COMMON"
        }
      ]
    },
    {
      "name": "Ipoh",
      "type": "LOCATION",
      "metadata": {
        "mid": "/m/01rv39",
        "wikipedia_url": "https://en.wikipedia.org/wiki/Ipoh"
      },
      "salience": 0.099640615,
      "mentions": [
        {
          "text": {
            "content": "Ipoh",
            "beginOffset": -1
          },
          "type": "PROPER"
        },
        {
          "text": {
            "content": "Ipoh",
            "beginOffset": -1
          },
          "type": "PROPER"
        }
      ]
    },
    {
      "name": "shop houses",
      "type": "LOCATION",
      "metadata": {},
      "salience": 0.06960892,
      "mentions": [
        {
          "text": {
            "content": "shop houses",
            "beginOffset": -1
          },
          "type": "COMMON"
        }
      ]
    },
    {
      "name": "mother",
      "type": "PERSON",
      "metadata": {},
      "salience": 0.06282265,
      "mentions": [
        {
          "text": {
            "content": "mother",
            "beginOffset": -1
          },
          "type": "COMMON"
        }
      ]
    },
    {
      "name": "puppies",
      "type": "OTHER",
      "metadata": {},
      "salience": 0.062427167,
      "mentions": [
        {
          "text": {
            "content": "puppies",
            "beginOffset": -1
          },
          "type": "COMMON"
        }
      ]
    },
    {
      "name": "mother",
      "type": "PERSON",
      "metadata": {},
      "salience": 0.053643037,
      "mentions": [
        {
          "text": {
            "content": "mother",
            "beginOffset": -1
          },
          "type": "COMMON"
        }
      ]
    },
    {
      "name": "uncle",
      "type": "PERSON",
      "metadata": {},
      "salience": 0.043855254,
      "mentions": [
        {
          "text": {
            "content": "uncle",
            "beginOffset": -1
          },
          "type": "COMMON"
        }
      ]
    },
    {
      "name": "food",
      "type": "OTHER",
      "metadata": {},
      "salience": 0.043855254,
      "mentions": [
        {
          "text": {
            "content": "food",
            "beginOffset": -1
          },
          "type": "COMMON"
        }
      ]
    },
    {
      "name": "Simpang Pulai",
      "type": "LOCATION",
      "metadata": {
        "mid": "/m/0dh_ff",
        "wikipedia_url": "https://en.wikipedia.org/wiki/Simpang_Pulai"
      },
      "salience": 0.0413936,
      "mentions": [
        {
          "text": {
            "content": "Simpang Pulai",
            "beginOffset": -1
          },
          "type": "PROPER"
        }
      ]
    },
    {
      "name": "pet",
      "type": "OTHER",
      "metadata": {},
      "salience": 0.032955233,
      "mentions": [
        {
          "text": {
            "content": "pet",
            "beginOffset": -1
          },
          "type": "COMMON"
        }
      ]
    },
    {
      "name": "puppy",
      "type": "OTHER",
      "metadata": {},
      "salience": 0.028814908,
      "mentions": [
        {
          "text": {
            "content": "puppy",
            "beginOffset": -1
          },
          "type": "COMMON"
        }
      ]
    },
    {
      "name": "location",
      "type": "LOCATION",
      "metadata": {},
      "salience": 0.02310936,
      "mentions": [
        {
          "text": {
            "content": "location",
            "beginOffset": -1
          },
          "type": "COMMON"
        }
      ]
    }
  ],
  "documentSentiment": {
    "magnitude": 0.8,
    "score": 0.2
  },
  "language": "en",
  "categories": []
}
