{
  "sentences": [
    {
      "text": {
        "content": "I'm looking for a pet lover to adopt my 2 years+ mini poodle which apricot in colour.",
        "beginOffset": -1
      },
      "sentiment": {
        "magnitude": 0.5,
        "score": 0.5
      }
    },
    {
      "text": {
        "content": "He is fully vaccinated and dewormed with a minor skin alergy.",
        "beginOffset": -1
      },
      "sentiment": {
        "magnitude": 0.3,
        "score": 0.3
      }
    }
  ],
  "tokens": [],
  "entities": [
    {
      "name": "pet lover",
      "type": "PERSON",
      "metadata": {},
      "salience": 0.40327516,
      "mentions": [
        {
          "text": {
            "content": "pet lover",
            "beginOffset": -1
          },
          "type": "COMMON"
        }
      ]
    },
    {
      "name": "poodle",
      "type": "OTHER",
      "metadata": {},
      "salience": 0.3989959,
      "mentions": [
        {
          "text": {
            "content": "poodle",
            "beginOffset": -1
          },
          "type": "COMMON"
        }
      ]
    },
    {
      "name": "colour",
      "type": "OTHER",
      "metadata": {},
      "salience": 0.15656748,
      "mentions": [
        {
          "text": {
            "content": "colour",
            "beginOffset": -1
          },
          "type": "COMMON"
        }
      ]
    },
    {
      "name": "skin alergy",
      "type": "OTHER",
      "metadata": {},
      "salience": 0.041161466,
      "mentions": [
        {
          "text": {
            "content": "skin alergy",
            "beginOffset": -1
          },
          "type": "COMMON"
        }
      ]
    }
  ],
  "documentSentiment": {
    "magnitude": 0.8,
    "score": 0.4
  },
  "language": "en",
  "categories": []
}
