{
  "sentences": [
    {
      "text": {
        "content": "Tiffani is a stray cat living at Tiffani condo in Mont Kiara.",
        "beginOffset": -1
      },
      "sentiment": {
        "magnitude": 0,
        "score": 0
      }
    },
    {
      "text": {
        "content": "Currently being fed by Patty ( ex-pat ) living in Malaysia until Aprl .",
        "beginOffset": -1
      },
      "sentiment": {
        "magnitude": 0,
        "score": 0
      }
    },
    {
      "text": {
        "content": "According to Patty , Tiffani is pretty cute and playful.She is so loveable and loves to play and cuddle.Patty is trying to find someone to adopt Tiffani before she goes back to the USA.",
        "beginOffset": -1
      },
      "sentiment": {
        "magnitude": 0.8,
        "score": 0.8
      }
    }
  ],
  "tokens": [],
  "entities": [
    {
      "name": "Tiffani",
      "type": "PERSON",
      "metadata": {},
      "salience": 0.71240455,
      "mentions": [
        {
          "text": {
            "content": "Tiffani",
            "beginOffset": -1
          },
          "type": "PROPER"
        },
        {
          "text": {
            "content": "Tiffani",
            "beginOffset": -1
          },
          "type": "PROPER"
        },
        {
          "text": {
            "content": "Tiffani",
            "beginOffset": -1
          },
          "type": "PROPER"
        }
      ]
    },
    {
      "name": "cat",
      "type": "OTHER",
      "metadata": {},
      "salience": 0.13442035,
      "mentions": [
        {
          "text": {
            "content": "cat",
            "beginOffset": -1
          },
          "type": "COMMON"
        }
      ]
    },
    {
      "name": "Tiffani condo",
      "type": "LOCATION",
      "metadata": {},
      "salience": 0.06697292,
      "mentions": [
        {
          "text": {
            "content": "Tiffani condo",
            "beginOffset": -1
          },
          "type": "PROPER"
        }
      ]
    },
    {
      "name": "Mont Kiara",
      "type": "LOCATION",
      "metadata": {
        "wikipedia_url": "https://en.wikipedia.org/wiki/Mont_Kiara",
        "mid": "/m/0chhlb"
      },
      "salience": 0.02642412,
      "mentions": [
        {
          "text": {
            "content": "Mont Kiara",
            "beginOffset": -1
          },
          "type": "PROPER"
        }
      ]
    },
    {
      "name": "Patty",
      "type": "PERSON",
      "metadata": {},
      "salience": 0.016336141,
      "mentions": [
        {
          "text": {
            "content": "Patty",
            "beginOffset": -1
          },
          "type": "PROPER"
        },
        {
          "text": {
            "content": "Patty",
            "beginOffset": -1
          },
          "type": "PROPER"
        },
        {
          "text": {
            "content": "Patty",
            "beginOffset": -1
          },
          "type": "PROPER"
        }
      ]
    },
    {
      "name": "someone",
      "type": "PERSON",
      "metadata": {},
      "salience": 0.015853683,
      "mentions": [
        {
          "text": {
            "content": "someone",
            "beginOffset": -1
          },
          "type": "COMMON"
        }
      ]
    },
    {
      "name": "ex-pat",
      "type": "OTHER",
      "metadata": {},
      "salience": 0.014635109,
      "mentions": [
        {
          "text": {
            "content": "ex-pat",
            "beginOffset": -1
          },
          "type": "COMMON"
        }
      ]
    },
    {
      "name": "Malaysia",
      "type": "LOCATION",
      "metadata": {
        "mid": "/m/09pmkv",
        "wikipedia_url": "https://en.wikipedia.org/wiki/Malaysia"
      },
      "salience": 0.008697829,
      "mentions": [
        {
          "text": {
            "content": "Malaysia",
            "beginOffset": -1
          },
          "type": "PROPER"
        }
      ]
    },
    {
      "name": "USA",
      "type": "LOCATION",
      "metadata": {
        "mid": "/m/09c7w0",
        "wikipedia_url": "https://en.wikipedia.org/wiki/United_States"
      },
      "salience": 0.004255275,
      "mentions": [
        {
          "text": {
            "content": "USA",
            "beginOffset": -1
          },
          "type": "PROPER"
        }
      ]
    }
  ],
  "documentSentiment": {
    "magnitude": 0.9,
    "score": 0.3
  },
  "language": "en",
  "categories": []
}
