{
  "sentences": [
    {
      "text": {
        "content": "A girl who lives next to my sister store knowing that we're stray rescuer and passed us this female beagle without asking us =.= and the story is this beagle come from a indian family, her owner are always very bad to her nearly hit her everyday with a big long stick, she ran away from house and wont go home due to afraid will hit again, and this kind heart girl's can't stand for her owner's would abuse her again, then she save her home and passed her to us from PJ, now at store with our 3 others rescue dogs, then....we found out she was pregnant @ but we would still try for her luck and so our luck too if anyone would like to adopt her and possible to accept she may deliver soon, plz do contact with me for more detail, thanks!",
        "beginOffset": -1
      },
      "sentiment": {
        "magnitude": 0.7,
        "score": -0.7
      }
    }
  ],
  "tokens": [],
  "entities": [
    {
      "name": "girl",
      "type": "PERSON",
      "metadata": {},
      "salience": 0.7102569,
      "mentions": [
        {
          "text": {
            "content": "girl",
            "beginOffset": -1
          },
          "type": "COMMON"
        }
      ]
    },
    {
      "name": "sister store",
      "type": "LOCATION",
      "metadata": {},
      "salience": 0.037547883,
      "mentions": [
        {
          "text": {
            "content": "sister store",
            "beginOffset": -1
          },
          "type": "COMMON"
        }
      ]
    },
    {
      "name": "beagle",
      "type": "OTHER",
      "metadata": {},
      "salience": 0.036896322,
      "mentions": [
        {
          "text": {
            "content": "beagle",
            "beginOffset": -1
          },
          "type": "COMMON"
        }
      ]
    },
    {
      "name": "rescuer",
      "type": "PERSON",
      "metadata": {},
      "salience": 0.034363877,
      "mentions": [
        {
          "text": {
            "content": "rescuer",
            "beginOffset": -1
          },
          "type": "COMMON"
        }
      ]
    },
    {
      "name": "heart girl",
      "type": "PERSON",
      "metadata": {},
      "salience": 0.023502782,
      "mentions": [
        {
          "text": {
            "content": "heart girl",
            "beginOffset": -1
          },
          "type": "COMMON"
        }
      ]
    },
    {
      "name": "story",
      "type": "OTHER",
      "metadata": {},
      "salience": 0.01744938,
      "mentions": [
        {
          "text": {
            "content": "story",
            "beginOffset": -1
          },
          "type": "COMMON"
        }
      ]
    },
    {
      "name": "beagle",
      "type": "OTHER",
      "metadata": {},
      "salience": 0.017348468,
      "mentions": [
        {
          "text": {
            "content": "beagle",
            "beginOffset": -1
          },
          "type": "COMMON"
        }
      ]
    },
    {
      "name": "owner",
      "type": "PERSON",
      "metadata": {},
      "salience": 0.0129696075,
      "mentions": [
        {
          "text": {
            "content": "owner",
            "beginOffset": -1
          },
          "type": "COMMON"
        }
      ]
    },
    {
      "name": "family",
      "type": "PERSON",
      "metadata": {},
      "salience": 0.011690383,
      "mentions": [
        {
          "text": {
            "content": "family",
            "beginOffset": -1
          },
          "type": "COMMON"
        }
      ]
    },
    {
      "name": "owner",
      "type": "PERSON",
      "metadata": {},
      "salience": 0.008365497,
      "mentions": [
        {
          "text": {
            "content": "owner",
            "beginOffset": -1
          },
          "type": "COMMON"
        }
      ]
    },
    {
      "name": "home",
      "type": "LOCATION",
      "metadata": {},
      "salience": 0.0080113895,
      "mentions": [
        {
          "text": {
            "content": "home",
            "beginOffset": -1
          },
          "type": "COMMON"
        }
      ]
    },
    {
      "name": "house",
      "type": "LOCATION",
      "metadata": {},
      "salience": 0.007914137,
      "mentions": [
        {
          "text": {
            "content": "house",
            "beginOffset": -1
          },
          "type": "COMMON"
        }
      ]
    },
    {
      "name": "stick",
      "type": "CONSUMER_GOOD",
      "metadata": {},
      "salience": 0.007914137,
      "mentions": [
        {
          "text": {
            "content": "stick",
            "beginOffset": -1
          },
          "type": "COMMON"
        }
      ]
    },
    {
      "name": "everyday",
      "type": "OTHER",
      "metadata": {},
      "salience": 0.007914137,
      "mentions": [
        {
          "text": {
            "content": "everyday",
            "beginOffset": -1
          },
          "type": "COMMON"
        }
      ]
    },
    {
      "name": "wont",
      "type": "OTHER",
      "metadata": {},
      "salience": 0.007818054,
      "mentions": [
        {
          "text": {
            "content": "wont",
            "beginOffset": -1
          },
          "type": "COMMON"
        }
      ]
    },
    {
      "name": "home",
      "type": "LOCATION",
      "metadata": {},
      "salience": 0.007354722,
      "mentions": [
        {
          "text": {
            "content": "home",
            "beginOffset": -1
          },
          "type": "COMMON"
        }
      ]
    },
    {
      "name": "indian",
      "type": "LOCATION",
      "metadata": {},
      "salience": 0.0069409464,
      "mentions": [
        {
          "text": {
            "content": "indian",
            "beginOffset": -1
          },
          "type": "PROPER"
        }
      ]
    },
    {
      "name": "luck",
      "type": "OTHER",
      "metadata": {},
      "salience": 0.0063154534,
      "mentions": [
        {
          "text": {
            "content": "luck",
            "beginOffset": -1
          },
          "type": "COMMON"
        }
      ]
    },
    {
      "name": "PJ",
      "type": "PERSON",
      "metadata": {},
      "salience": 0.004358452,
      "mentions": [
        {
          "text": {
            "content": "PJ",
            "beginOffset": -1
          },
          "type": "PROPER"
        }
      ]
    },
    {
      "name": "luck",
      "type": "OTHER",
      "metadata": {},
      "salience": 0.0042154277,
      "mentions": [
        {
          "text": {
            "content": "luck",
            "beginOffset": -1
          },
          "type": "COMMON"
        }
      ]
    },
    {
      "name": "detail",
      "type": "OTHER",
      "metadata": {},
      "salience": 0.0038904021,
      "mentions": [
        {
          "text": {
            "content": "detail",
            "beginOffset": -1
          },
          "type": "COMMON"
        }
      ]
    },
    {
      "name": "thanks",
      "type": "OTHER",
      "metadata": {},
      "salience": 0.0038904021,
      "mentions": [
        {
          "text": {
            "content": "thanks",
            "beginOffset": -1
          },
          "type": "COMMON"
        }
      ]
    },
    {
      "name": "anyone",
      "type": "PERSON",
      "metadata": {},
      "salience": 0.0037040964,
      "mentions": [
        {
          "text": {
            "content": "anyone",
            "beginOffset": -1
          },
          "type": "COMMON"
        }
      ]
    },
    {
      "name": "store",
      "type": "LOCATION",
      "metadata": {},
      "salience": 0.0030444602,
      "mentions": [
        {
          "text": {
            "content": "store",
            "beginOffset": -1
          },
          "type": "COMMON"
        }
      ]
    },
    {
      "name": "rescue dogs",
      "type": "OTHER",
      "metadata": {},
      "salience": 0.002439943,
      "mentions": [
        {
          "text": {
            "content": "rescue dogs",
            "beginOffset": -1
          },
          "type": "COMMON"
        }
      ]
    },
    {
      "name": "others",
      "type": "PERSON",
      "metadata": {},
      "salience": 0.002439943,
      "mentions": [
        {
          "text": {
            "content": "others",
            "beginOffset": -1
          },
          "type": "COMMON"
        }
      ]
    },
    {
      "name": "@",
      "type": "OTHER",
      "metadata": {},
      "salience": 0.0014428246,
      "mentions": [
        {
          "text": {
            "content": "@",
            "beginOffset": -1
          },
          "type": "PROPER"
        }
      ]
    }
  ],
  "documentSentiment": {
    "magnitude": 0.7,
    "score": -0.7
  },
  "language": "en",
  "categories": []
}
