{
  "sentences": [
    {
      "text": {
        "content": "*Terms and condition Our adoption policy are as follow: - Owner must bring pets back to our store to be neutered at 6 months of age - Owner should keep in touch with rescuer for the benefit of the pets - Pets must be kept indoors - All adoption is FREE",
        "beginOffset": -1
      },
      "sentiment": {
        "magnitude": 0,
        "score": 0
      }
    }
  ],
  "tokens": [],
  "entities": [
    {
      "name": "condition",
      "type": "OTHER",
      "metadata": {},
      "salience": 0.18948345,
      "mentions": [
        {
          "text": {
            "content": "condition",
            "beginOffset": -1
          },
          "type": "COMMON"
        }
      ]
    },
    {
      "name": "adoption policy",
      "type": "OTHER",
      "metadata": {},
      "salience": 0.1853671,
      "mentions": [
        {
          "text": {
            "content": "adoption policy",
            "beginOffset": -1
          },
          "type": "COMMON"
        }
      ]
    },
    {
      "name": "Terms",
      "type": "OTHER",
      "metadata": {},
      "salience": 0.15870197,
      "mentions": [
        {
          "text": {
            "content": "Terms",
            "beginOffset": -1
          },
          "type": "COMMON"
        }
      ]
    },
    {
      "name": "Owner",
      "type": "PERSON",
      "metadata": {},
      "salience": 0.09219939,
      "mentions": [
        {
          "text": {
            "content": "Owner",
            "beginOffset": -1
          },
          "type": "COMMON"
        }
      ]
    },
    {
      "name": "pets",
      "type": "OTHER",
      "metadata": {},
      "salience": 0.05649223,
      "mentions": [
        {
          "text": {
            "content": "pets",
            "beginOffset": -1
          },
          "type": "COMMON"
        }
      ]
    },
    {
      "name": "age - Owner",
      "type": "PERSON",
      "metadata": {},
      "salience": 0.055504635,
      "mentions": [
        {
          "text": {
            "content": "age - Owner",
            "beginOffset": -1
          },
          "type": "COMMON"
        }
      ]
    },
    {
      "name": "store",
      "type": "LOCATION",
      "metadata": {},
      "salience": 0.052576352,
      "mentions": [
        {
          "text": {
            "content": "store",
            "beginOffset": -1
          },
          "type": "COMMON"
        }
      ]
    },
    {
      "name": "touch",
      "type": "OTHER",
      "metadata": {},
      "salience": 0.048936743,
      "mentions": [
        {
          "text": {
            "content": "touch",
            "beginOffset": -1
          },
          "type": "COMMON"
        }
      ]
    },
    {
      "name": "pets",
      "type": "OTHER",
      "metadata": {},
      "salience": 0.0461037,
      "mentions": [
        {
          "text": {
            "content": "pets",
            "beginOffset": -1
          },
          "type": "COMMON"
        }
      ]
    },
    {
      "name": "Pets",
      "type": "PERSON",
      "metadata": {},
      "salience": 0.0461037,
      "mentions": [
        {
          "text": {
            "content": "Pets",
            "beginOffset": -1
          },
          "type": "COMMON"
        }
      ]
    },
    {
      "name": "adoption",
      "type": "OTHER",
      "metadata": {},
      "salience": 0.035606477,
      "mentions": [
        {
          "text": {
            "content": "adoption",
            "beginOffset": -1
          },
          "type": "COMMON"
        }
      ]
    },
    {
      "name": "rescuer",
      "type": "PERSON",
      "metadata": {},
      "salience": 0.016462121,
      "mentions": [
        {
          "text": {
            "content": "rescuer",
            "beginOffset": -1
          },
          "type": "COMMON"
        }
      ]
    },
    {
      "name": "benefit",
      "type": "OTHER",
      "metadata": {},
      "salience": 0.016462121,
      "mentions": [
        {
          "text": {
            "content": "benefit",
            "beginOffset": -1
          },
          "type": "COMMON"
        }
      ]
    }
  ],
  "documentSentiment": {
    "magnitude": 0,
    "score": 0
  },
  "language": "en",
  "categories": []
}
