{
  "sentences": [
    {
      "text": {
        "content": "anyone interested to adopt this adorable fluffy female puppy?",
        "beginOffset": -1
      },
      "sentiment": {
        "magnitude": 0.7,
        "score": 0.7
      }
    },
    {
      "text": {
        "content": "She was lost or abandoned in kampung cheras baru area.",
        "beginOffset": -1
      },
      "sentiment": {
        "magnitude": 0.2,
        "score": -0.2
      }
    },
    {
      "text": {
        "content": "We currently kept this puppy in our house but we cannot keep it for too long and seem like no one looking for this lost puppy.",
        "beginOffset": -1
      },
      "sentiment": {
        "magnitude": 0.4,
        "score": -0.4
      }
    },
    {
      "text": {
        "content": "If anyone interested can whatapss me for more information.",
        "beginOffset": -1
      },
      "sentiment": {
        "magnitude": 0.2,
        "score": 0.2
      }
    },
    {
      "text": {
        "content": "Hope she will get a forever home soon.",
        "beginOffset": -1
      },
      "sentiment": {
        "magnitude": 0,
        "score": 0
      }
    },
    {
      "text": {
        "content": "Last but not least, help me to share this among your friends as well.",
        "beginOffset": -1
      },
      "sentiment": {
        "magnitude": 0,
        "score": 0
      }
    },
    {
      "text": {
        "content": "Thank you",
        "beginOffset": -1
      },
      "sentiment": {
        "magnitude": 0.1,
        "score": 0.1
      }
    }
  ],
  "tokens": [],
  "entities": [
    {
      "name": "anyone",
      "type": "PERSON",
      "metadata": {},
      "salience": 0.54500496,
      "mentions": [
        {
          "text": {
            "content": "anyone",
            "beginOffset": -1
          },
          "type": "COMMON"
        },
        {
          "text": {
            "content": "anyone",
            "beginOffset": -1
          },
          "type": "COMMON"
        }
      ]
    },
    {
      "name": "puppy",
      "type": "OTHER",
      "metadata": {},
      "salience": 0.19150153,
      "mentions": [
        {
          "text": {
            "content": "puppy",
            "beginOffset": -1
          },
          "type": "COMMON"
        }
      ]
    },
    {
      "name": "puppy",
      "type": "OTHER",
      "metadata": {},
      "salience": 0.07653059,
      "mentions": [
        {
          "text": {
            "content": "puppy",
            "beginOffset": -1
          },
          "type": "COMMON"
        }
      ]
    },
    {
      "name": "puppy",
      "type": "OTHER",
      "metadata": {},
      "salience": 0.05884225,
      "mentions": [
        {
          "text": {
            "content": "puppy",
            "beginOffset": -1
          },
          "type": "COMMON"
        }
      ]
    },
    {
      "name": "area",
      "type": "LOCATION",
      "metadata": {},
      "salience": 0.029981991,
      "mentions": [
        {
          "text": {
            "content": "area",
            "beginOffset": -1
          },
          "type": "COMMON"
        }
      ]
    },
    {
      "name": "kampung",
      "type": "LOCATION",
      "metadata": {},
      "salience": 0.029981991,
      "mentions": [
        {
          "text": {
            "content": "kampung",
            "beginOffset": -1
          },
          "type": "COMMON"
        }
      ]
    },
    {
      "name": "house",
      "type": "LOCATION",
      "metadata": {},
      "salience": 0.020203413,
      "mentions": [
        {
          "text": {
            "content": "house",
            "beginOffset": -1
          },
          "type": "COMMON"
        }
      ]
    },
    {
      "name": "cheras",
      "type": "LOCATION",
      "metadata": {},
      "salience": 0.01780841,
      "mentions": [
        {
          "text": {
            "content": "cheras",
            "beginOffset": -1
          },
          "type": "PROPER"
        }
      ]
    },
    {
      "name": "home",
      "type": "LOCATION",
      "metadata": {},
      "salience": 0.014084789,
      "mentions": [
        {
          "text": {
            "content": "home",
            "beginOffset": -1
          },
          "type": "COMMON"
        }
      ]
    },
    {
      "name": "friends",
      "type": "PERSON",
      "metadata": {},
      "salience": 0.009850587,
      "mentions": [
        {
          "text": {
            "content": "friends",
            "beginOffset": -1
          },
          "type": "COMMON"
        }
      ]
    },
    {
      "name": "information",
      "type": "OTHER",
      "metadata": {},
      "salience": 0.006209463,
      "mentions": [
        {
          "text": {
            "content": "information",
            "beginOffset": -1
          },
          "type": "COMMON"
        }
      ]
    }
  ],
  "documentSentiment": {
    "magnitude": 1.9,
    "score": 0
  },
  "language": "en",
  "categories": []
}
