{
  "sentences": [
    {
      "text": {
        "content": "WhatsApps for more info",
        "beginOffset": -1
      },
      "sentiment": {
        "magnitude": 0.1,
        "score": 0.1
      }
    }
  ],
  "tokens": [],
  "entities": [
    {
      "name": "WhatsApps",
      "type": "CONSUMER_GOOD",
      "metadata": {},
      "salience": 0.8837491,
      "mentions": [
        {
          "text": {
            "content": "WhatsApps",
            "beginOffset": -1
          },
          "type": "COMMON"
        }
      ]
    },
    {
      "name": "info",
      "type": "OTHER",
      "metadata": {},
      "salience": 0.116250865,
      "mentions": [
        {
          "text": {
            "content": "info",
            "beginOffset": -1
          },
          "type": "COMMON"
        }
      ]
    }
  ],
  "documentSentiment": {
    "magnitude": 0.1,
    "score": 0.1
  },
  "language": "en",
  "categories": []
}
