{
  "sentences": [
    {
      "text": {
        "content": "stray kittens living by the busy street near school.",
        "beginOffset": -1
      },
      "sentiment": {
        "magnitude": 0.4,
        "score": 0.4
      }
    },
    {
      "text": {
        "content": "high risk of being hit by car.",
        "beginOffset": -1
      },
      "sentiment": {
        "magnitude": 0.3,
        "score": -0.3
      }
    },
    {
      "text": {
        "content": "age &amp; gender not sure IF INTERESTED PLEASE EMAIL ME, DONT COMMENT ON PHOTO COZ I WONT GET ANY NOTIFICATION &amp; CANT CONTACT U. THANX",
        "beginOffset": -1
      },
      "sentiment": {
        "magnitude": 0.9,
        "score": -0.9
      }
    }
  ],
  "tokens": [],
  "entities": [
    {
      "name": "kittens",
      "type": "PERSON",
      "metadata": {},
      "salience": 0.34485307,
      "mentions": [
        {
          "text": {
            "content": "kittens",
            "beginOffset": -1
          },
          "type": "COMMON"
        }
      ]
    },
    {
      "name": "street",
      "type": "LOCATION",
      "metadata": {},
      "salience": 0.14053726,
      "mentions": [
        {
          "text": {
            "content": "street",
            "beginOffset": -1
          },
          "type": "COMMON"
        }
      ]
    },
    {
      "name": "school",
      "type": "LOCATION",
      "metadata": {},
      "salience": 0.14053726,
      "mentions": [
        {
          "text": {
            "content": "school",
            "beginOffset": -1
          },
          "type": "COMMON"
        }
      ]
    },
    {
      "name": "age",
      "type": "OTHER",
      "metadata": {},
      "salience": 0.09387018,
      "mentions": [
        {
          "text": {
            "content": "age",
            "beginOffset": -1
          },
          "type": "COMMON"
        }
      ]
    },
    {
      "name": "risk",
      "type": "OTHER",
      "metadata": {},
      "salience": 0.069080785,
      "mentions": [
        {
          "text": {
            "content": "risk",
            "beginOffset": -1
          },
          "type": "COMMON"
        }
      ]
    },
    {
      "name": "gender",
      "type": "OTHER",
      "metadata": {},
      "salience": 0.04727399,
      "mentions": [
        {
          "text": {
            "content": "gender",
            "beginOffset": -1
          },
          "type": "COMMON"
        }
      ]
    },
    {
      "name": "car",
      "type": "CONSUMER_GOOD",
      "metadata": {},
      "salience": 0.04693453,
      "mentions": [
        {
          "text": {
            "content": "car",
            "beginOffset": -1
          },
          "type": "COMMON"
        }
      ]
    },
    {
      "name": "NOTIFICATION",
      "type": "OTHER",
      "metadata": {},
      "salience": 0.04187286,
      "mentions": [
        {
          "text": {
            "content": "NOTIFICATION",
            "beginOffset": -1
          },
          "type": "COMMON"
        }
      ]
    },
    {
      "name": "THANX",
      "type": "OTHER",
      "metadata": {},
      "salience": 0.023046242,
      "mentions": [
        {
          "text": {
            "content": "THANX",
            "beginOffset": -1
          },
          "type": "COMMON"
        }
      ]
    },
    {
      "name": "CANT",
      "type": "OTHER",
      "metadata": {},
      "salience": 0.023046242,
      "mentions": [
        {
          "text": {
            "content": "CANT",
            "beginOffset": -1
          },
          "type": "COMMON"
        }
      ]
    },
    {
      "name": "DONT COMMENT",
      "type": "WORK_OF_ART",
      "metadata": {},
      "salience": 0.014473786,
      "mentions": [
        {
          "text": {
            "content": "DONT COMMENT",
            "beginOffset": -1
          },
          "type": "COMMON"
        }
      ]
    },
    {
      "name": "PHOTO",
      "type": "WORK_OF_ART",
      "metadata": {},
      "salience": 0.014473786,
      "mentions": [
        {
          "text": {
            "content": "PHOTO",
            "beginOffset": -1
          },
          "type": "COMMON"
        }
      ]
    }
  ],
  "documentSentiment": {
    "magnitude": 1.7,
    "score": -0.2
  },
  "language": "en",
  "categories": []
}
