{
  "sentences": [
    {
      "text": {
        "content": "3 months old female puppy for adoption.",
        "beginOffset": -1
      },
      "sentiment": {
        "magnitude": 0,
        "score": 0
      }
    },
    {
      "text": {
        "content": "She was rescue with her sister from the trunk toad to Kampung Desa Aman 2 weeks ago.",
        "beginOffset": -1
      },
      "sentiment": {
        "magnitude": 0,
        "score": 0
      }
    },
    {
      "text": {
        "content": "Her sister has been adopted and we hope she too will also find a loving &amp; forever home.",
        "beginOffset": -1
      },
      "sentiment": {
        "magnitude": 0.9,
        "score": 0.9
      }
    },
    {
      "text": {
        "content": "Please pm me if interested.",
        "beginOffset": -1
      },
      "sentiment": {
        "magnitude": 0.1,
        "score": -0.1
      }
    },
    {
      "text": {
        "content": "1.",
        "beginOffset": -1
      },
      "sentiment": {
        "magnitude": 0,
        "score": 0
      }
    },
    {
      "text": {
        "content": "Female Mix Bred 2.",
        "beginOffset": -1
      },
      "sentiment": {
        "magnitude": 0,
        "score": 0
      }
    },
    {
      "text": {
        "content": "Dewormed 3.",
        "beginOffset": -1
      },
      "sentiment": {
        "magnitude": 0,
        "score": 0
      }
    },
    {
      "text": {
        "content": "1st vaccination done 4.",
        "beginOffset": -1
      },
      "sentiment": {
        "magnitude": 0.1,
        "score": 0.1
      }
    },
    {
      "text": {
        "content": "Not spay yet (too young) 5.",
        "beginOffset": -1
      },
      "sentiment": {
        "magnitude": 0,
        "score": 0
      }
    },
    {
      "text": {
        "content": "Area : Kepong 6.",
        "beginOffset": -1
      },
      "sentiment": {
        "magnitude": 0,
        "score": 0
      }
    },
    {
      "text": {
        "content": "No fees just your promise to love &amp; care for her till the end.",
        "beginOffset": -1
      },
      "sentiment": {
        "magnitude": 0.7,
        "score": 0.7
      }
    }
  ],
  "tokens": [],
  "entities": [
    {
      "name": "rescue",
      "type": "OTHER",
      "metadata": {},
      "salience": 0.2625581,
      "mentions": [
        {
          "text": {
            "content": "rescue",
            "beginOffset": -1
          },
          "type": "COMMON"
        }
      ]
    },
    {
      "name": "sister",
      "type": "PERSON",
      "metadata": {},
      "salience": 0.2523261,
      "mentions": [
        {
          "text": {
            "content": "sister",
            "beginOffset": -1
          },
          "type": "COMMON"
        },
        {
          "text": {
            "content": "sister",
            "beginOffset": -1
          },
          "type": "COMMON"
        }
      ]
    },
    {
      "name": "puppy",
      "type": "OTHER",
      "metadata": {},
      "salience": 0.15999982,
      "mentions": [
        {
          "text": {
            "content": "puppy",
            "beginOffset": -1
          },
          "type": "COMMON"
        }
      ]
    },
    {
      "name": "adoption",
      "type": "OTHER",
      "metadata": {},
      "salience": 0.15999982,
      "mentions": [
        {
          "text": {
            "content": "adoption",
            "beginOffset": -1
          },
          "type": "COMMON"
        }
      ]
    },
    {
      "name": "trunk toad",
      "type": "OTHER",
      "metadata": {},
      "salience": 0.03066877,
      "mentions": [
        {
          "text": {
            "content": "trunk toad",
            "beginOffset": -1
          },
          "type": "COMMON"
        }
      ]
    },
    {
      "name": "home",
      "type": "LOCATION",
      "metadata": {},
      "salience": 0.0209162,
      "mentions": [
        {
          "text": {
            "content": "home",
            "beginOffset": -1
          },
          "type": "COMMON"
        }
      ]
    },
    {
      "name": "Kampung Desa Aman",
      "type": "PERSON",
      "metadata": {},
      "salience": 0.018212112,
      "mentions": [
        {
          "text": {
            "content": "Kampung Desa Aman",
            "beginOffset": -1
          },
          "type": "PROPER"
        }
      ]
    },
    {
      "name": "Area",
      "type": "LOCATION",
      "metadata": {},
      "salience": 0.014281336,
      "mentions": [
        {
          "text": {
            "content": "Area",
            "beginOffset": -1
          },
          "type": "COMMON"
        }
      ]
    },
    {
      "name": "fees",
      "type": "OTHER",
      "metadata": {},
      "salience": 0.0142646795,
      "mentions": [
        {
          "text": {
            "content": "fees",
            "beginOffset": -1
          },
          "type": "COMMON"
        }
      ]
    },
    {
      "name": "Female Mix Bred 2",
      "type": "CONSUMER_GOOD",
      "metadata": {},
      "salience": 0.011284047,
      "mentions": [
        {
          "text": {
            "content": "Female Mix Bred 2",
            "beginOffset": -1
          },
          "type": "PROPER"
        }
      ]
    },
    {
      "name": "Dewormed 3",
      "type": "OTHER",
      "metadata": {},
      "salience": 0.011262741,
      "mentions": [
        {
          "text": {
            "content": "Dewormed 3",
            "beginOffset": -1
          },
          "type": "PROPER"
        }
      ]
    },
    {
      "name": "promise",
      "type": "OTHER",
      "metadata": {},
      "salience": 0.0099977525,
      "mentions": [
        {
          "text": {
            "content": "promise",
            "beginOffset": -1
          },
          "type": "COMMON"
        }
      ]
    },
    {
      "name": "care",
      "type": "OTHER",
      "metadata": {},
      "salience": 0.0099977525,
      "mentions": [
        {
          "text": {
            "content": "care",
            "beginOffset": -1
          },
          "type": "COMMON"
        }
      ]
    },
    {
      "name": "end",
      "type": "OTHER",
      "metadata": {},
      "salience": 0.0099977525,
      "mentions": [
        {
          "text": {
            "content": "end",
            "beginOffset": -1
          },
          "type": "COMMON"
        }
      ]
    },
    {
      "name": "Kepong 6",
      "type": "OTHER",
      "metadata": {},
      "salience": 0.008456809,
      "mentions": [
        {
          "text": {
            "content": "Kepong 6",
            "beginOffset": -1
          },
          "type": "PROPER"
        }
      ]
    },
    {
      "name": "vaccination",
      "type": "OTHER",
      "metadata": {},
      "salience": 0.0057761953,
      "mentions": [
        {
          "text": {
            "content": "vaccination",
            "beginOffset": -1
          },
          "type": "COMMON"
        }
      ]
    }
  ],
  "documentSentiment": {
    "magnitude": 2.2,
    "score": 0.1
  },
  "language": "en",
  "categories": []
}
