{
  "sentences": [
    {
      "text": {
        "content": "Both siblings very attached to each other",
        "beginOffset": -1
      },
      "sentiment": {
        "magnitude": 0.3,
        "score": 0.3
      }
    }
  ],
  "tokens": [],
  "entities": [
    {
      "name": "siblings",
      "type": "PERSON",
      "metadata": {},
      "salience": 0.65071195,
      "mentions": [
        {
          "text": {
            "content": "siblings",
            "beginOffset": -1
          },
          "type": "COMMON"
        }
      ]
    },
    {
      "name": "each other",
      "type": "PERSON",
      "metadata": {},
      "salience": 0.34928805,
      "mentions": [
        {
          "text": {
            "content": "each other",
            "beginOffset": -1
          },
          "type": "COMMON"
        }
      ]
    }
  ],
  "documentSentiment": {
    "magnitude": 0.3,
    "score": 0.3
  },
  "language": "en",
  "categories": []
}
