{
  "sentences": [
    {
      "text": {
        "content": "Loki is an active cat.",
        "beginOffset": -1
      },
      "sentiment": {
        "magnitude": 0.2,
        "score": 0.2
      }
    },
    {
      "text": {
        "content": "I am moving out and my new landlord is strict about pets.",
        "beginOffset": -1
      },
      "sentiment": {
        "magnitude": 0.2,
        "score": 0.2
      }
    },
    {
      "text": {
        "content": "So, I can't bring him along and I hope someone good will take him as a pet.",
        "beginOffset": -1
      },
      "sentiment": {
        "magnitude": 0.5,
        "score": -0.5
      }
    },
    {
      "text": {
        "content": "He will come will 1.",
        "beginOffset": -1
      },
      "sentiment": {
        "magnitude": 0,
        "score": 0
      }
    },
    {
      "text": {
        "content": "Cat It Jumbo Litter Box 2.",
        "beginOffset": -1
      },
      "sentiment": {
        "magnitude": 0.5,
        "score": -0.5
      }
    },
    {
      "text": {
        "content": "Eco Friendly Cat Wood Litter 3.",
        "beginOffset": -1
      },
      "sentiment": {
        "magnitude": 0.5,
        "score": 0.5
      }
    },
    {
      "text": {
        "content": "Brand New Shampoo 4.",
        "beginOffset": -1
      },
      "sentiment": {
        "magnitude": 0.4,
        "score": 0.4
      }
    },
    {
      "text": {
        "content": "Wet Food 5.",
        "beginOffset": -1
      },
      "sentiment": {
        "magnitude": 0.2,
        "score": 0.2
      }
    },
    {
      "text": {
        "content": "Snacks 6.",
        "beginOffset": -1
      },
      "sentiment": {
        "magnitude": 0.2,
        "score": 0.2
      }
    },
    {
      "text": {
        "content": "Brand New Catnip 7.",
        "beginOffset": -1
      },
      "sentiment": {
        "magnitude": 0.1,
        "score": 0.1
      }
    },
    {
      "text": {
        "content": "Toys 8.",
        "beginOffset": -1
      },
      "sentiment": {
        "magnitude": 0,
        "score": 0
      }
    },
    {
      "text": {
        "content": "Collar 9.",
        "beginOffset": -1
      },
      "sentiment": {
        "magnitude": 0,
        "score": 0
      }
    },
    {
      "text": {
        "content": "T-shirt 10.",
        "beginOffset": -1
      },
      "sentiment": {
        "magnitude": 0,
        "score": 0
      }
    },
    {
      "text": {
        "content": "Wet Wipes",
        "beginOffset": -1
      },
      "sentiment": {
        "magnitude": 0.1,
        "score": 0.1
      }
    }
  ],
  "tokens": [],
  "entities": [
    {
      "name": "cat",
      "type": "OTHER",
      "metadata": {},
      "salience": 0.41007066,
      "mentions": [
        {
          "text": {
            "content": "cat",
            "beginOffset": -1
          },
          "type": "COMMON"
        }
      ]
    },
    {
      "name": "Loki",
      "type": "PERSON",
      "metadata": {
        "mid": "/m/05pnb1",
        "wikipedia_url": "https://en.wikipedia.org/wiki/Loki_(comics)"
      },
      "salience": 0.19348791,
      "mentions": [
        {
          "text": {
            "content": "Loki",
            "beginOffset": -1
          },
          "type": "PROPER"
        }
      ]
    },
    {
      "name": "landlord",
      "type": "PERSON",
      "metadata": {},
      "salience": 0.061406,
      "mentions": [
        {
          "text": {
            "content": "landlord",
            "beginOffset": -1
          },
          "type": "COMMON"
        }
      ]
    },
    {
      "name": "pets",
      "type": "OTHER",
      "metadata": {},
      "salience": 0.051179692,
      "mentions": [
        {
          "text": {
            "content": "pets",
            "beginOffset": -1
          },
          "type": "COMMON"
        }
      ]
    },
    {
      "name": "someone",
      "type": "PERSON",
      "metadata": {},
      "salience": 0.05092797,
      "mentions": [
        {
          "text": {
            "content": "someone",
            "beginOffset": -1
          },
          "type": "COMMON"
        }
      ]
    },
    {
      "name": "Cat",
      "type": "OTHER",
      "metadata": {},
      "salience": 0.03968152,
      "mentions": [
        {
          "text": {
            "content": "Cat",
            "beginOffset": -1
          },
          "type": "COMMON"
        }
      ]
    },
    {
      "name": "pet",
      "type": "OTHER",
      "metadata": {},
      "salience": 0.03490471,
      "mentions": [
        {
          "text": {
            "content": "pet",
            "beginOffset": -1
          },
          "type": "COMMON"
        }
      ]
    },
    {
      "name": "Litter Box",
      "type": "CONSUMER_GOOD",
      "metadata": {},
      "salience": 0.03184493,
      "mentions": [
        {
          "text": {
            "content": "Litter Box",
            "beginOffset": -1
          },
          "type": "COMMON"
        }
      ]
    },
    {
      "name": "Snacks",
      "type": "OTHER",
      "metadata": {},
      "salience": 0.023863295,
      "mentions": [
        {
          "text": {
            "content": "Snacks",
            "beginOffset": -1
          },
          "type": "COMMON"
        }
      ]
    },
    {
      "name": "Cat Wood Litter 3",
      "type": "CONSUMER_GOOD",
      "metadata": {},
      "salience": 0.018830687,
      "mentions": [
        {
          "text": {
            "content": "Cat Wood Litter 3",
            "beginOffset": -1
          },
          "type": "PROPER"
        }
      ]
    },
    {
      "name": "Collar",
      "type": "CONSUMER_GOOD",
      "metadata": {},
      "salience": 0.016666336,
      "mentions": [
        {
          "text": {
            "content": "Collar",
            "beginOffset": -1
          },
          "type": "COMMON"
        }
      ]
    },
    {
      "name": "T-shirt",
      "type": "CONSUMER_GOOD",
      "metadata": {},
      "salience": 0.01664998,
      "mentions": [
        {
          "text": {
            "content": "T-shirt",
            "beginOffset": -1
          },
          "type": "COMMON"
        }
      ]
    },
    {
      "name": "Brand New Catnip 7",
      "type": "CONSUMER_GOOD",
      "metadata": {},
      "salience": 0.014112625,
      "mentions": [
        {
          "text": {
            "content": "Brand New Catnip 7",
            "beginOffset": -1
          },
          "type": "PROPER"
        }
      ]
    },
    {
      "name": "Toys 8",
      "type": "CONSUMER_GOOD",
      "metadata": {},
      "salience": 0.014096125,
      "mentions": [
        {
          "text": {
            "content": "Toys 8",
            "beginOffset": -1
          },
          "type": "PROPER"
        }
      ]
    },
    {
      "name": "Wet Wipes",
      "type": "OTHER",
      "metadata": {
        "mid": "/m/06v9fp",
        "wikipedia_url": "https://en.wikipedia.org/wiki/Wet_wipe"
      },
      "salience": 0.009843159,
      "mentions": [
        {
          "text": {
            "content": "Wet Wipes",
            "beginOffset": -1
          },
          "type": "PROPER"
        }
      ]
    },
    {
      "name": "Brand New Shampoo 4",
      "type": "CONSUMER_GOOD",
      "metadata": {},
      "salience": 0.006222297,
      "mentions": [
        {
          "text": {
            "content": "Brand New Shampoo 4",
            "beginOffset": -1
          },
          "type": "PROPER"
        }
      ]
    },
    {
      "name": "Wet Food 5",
      "type": "CONSUMER_GOOD",
      "metadata": {},
      "salience": 0.006212087,
      "mentions": [
        {
          "text": {
            "content": "Wet Food 5",
            "beginOffset": -1
          },
          "type": "PROPER"
        }
      ]
    }
  ],
  "documentSentiment": {
    "magnitude": 3.4,
    "score": 0
  },
  "language": "en",
  "categories": []
}
