{
  "sentences": [
    {
      "text": {
        "content": "Three of the puppies in white and cream are rescued from the DBKL dog pound.",
        "beginOffset": -1
      },
      "sentiment": {
        "magnitude": 0.1,
        "score": 0.1
      }
    },
    {
      "text": {
        "content": "As for the one in brown, my brother in law found her at the Happy Garden market.",
        "beginOffset": -1
      },
      "sentiment": {
        "magnitude": 0.6,
        "score": 0.6
      }
    },
    {
      "text": {
        "content": "All are healthy and active.",
        "beginOffset": -1
      },
      "sentiment": {
        "magnitude": 0.6,
        "score": 0.6
      }
    }
  ],
  "tokens": [],
  "entities": [
    {
      "name": "Three",
      "type": "OTHER",
      "metadata": {},
      "salience": 0.27891567,
      "mentions": [
        {
          "text": {
            "content": "Three",
            "beginOffset": -1
          },
          "type": "COMMON"
        }
      ]
    },
    {
      "name": "puppies",
      "type": "OTHER",
      "metadata": {},
      "salience": 0.27891567,
      "mentions": [
        {
          "text": {
            "content": "puppies",
            "beginOffset": -1
          },
          "type": "COMMON"
        }
      ]
    },
    {
      "name": "cream",
      "type": "CONSUMER_GOOD",
      "metadata": {},
      "salience": 0.11366593,
      "mentions": [
        {
          "text": {
            "content": "cream",
            "beginOffset": -1
          },
          "type": "COMMON"
        }
      ]
    },
    {
      "name": "dog pound",
      "type": "OTHER",
      "metadata": {},
      "salience": 0.07784518,
      "mentions": [
        {
          "text": {
            "content": "dog pound",
            "beginOffset": -1
          },
          "type": "COMMON"
        }
      ]
    },
    {
      "name": "brother",
      "type": "PERSON",
      "metadata": {},
      "salience": 0.050132256,
      "mentions": [
        {
          "text": {
            "content": "brother",
            "beginOffset": -1
          },
          "type": "COMMON"
        }
      ]
    },
    {
      "name": "DBKL",
      "type": "ORGANIZATION",
      "metadata": {
        "mid": "/m/0cnp39",
        "wikipedia_url": "https://en.wikipedia.org/wiki/Kuala_Lumpur_City_Hall"
      },
      "salience": 0.046605874,
      "mentions": [
        {
          "text": {
            "content": "DBKL",
            "beginOffset": -1
          },
          "type": "PROPER"
        }
      ]
    },
    {
      "name": "one",
      "type": "OTHER",
      "metadata": {},
      "salience": 0.038423363,
      "mentions": [
        {
          "text": {
            "content": "one",
            "beginOffset": -1
          },
          "type": "COMMON"
        }
      ]
    },
    {
      "name": "brown",
      "type": "OTHER",
      "metadata": {},
      "salience": 0.03529601,
      "mentions": [
        {
          "text": {
            "content": "brown",
            "beginOffset": -1
          },
          "type": "COMMON"
        }
      ]
    },
    {
      "name": "market",
      "type": "LOCATION",
      "metadata": {},
      "salience": 0.02668521,
      "mentions": [
        {
          "text": {
            "content": "market",
            "beginOffset": -1
          },
          "type": "COMMON"
        }
      ]
    },
    {
      "name": "All",
      "type": "OTHER",
      "metadata": {},
      "salience": 0.025914567,
      "mentions": [
        {
          "text": {
            "content": "All",
            "beginOffset": -1
          },
          "type": "COMMON"
        }
      ]
    },
    {
      "name": "Happy Garden",
      "type": "LOCATION",
      "metadata": {},
      "salience": 0.015835602,
      "mentions": [
        {
          "text": {
            "content": "Happy Garden",
            "beginOffset": -1
          },
          "type": "PROPER"
        }
      ]
    },
    {
      "name": "law",
      "type": "OTHER",
      "metadata": {},
      "salience": 0.0117646605,
      "mentions": [
        {
          "text": {
            "content": "law",
            "beginOffset": -1
          },
          "type": "COMMON"
        }
      ]
    }
  ],
  "documentSentiment": {
    "magnitude": 1.4,
    "score": 0.4
  },
  "language": "en",
  "categories": []
}
