{
  "sentences": [
    {
      "text": {
        "content": "Cotton is 2 months old and is very friendly.",
        "beginOffset": -1
      },
      "sentiment": {
        "magnitude": 0.9,
        "score": 0.9
      }
    },
    {
      "text": {
        "content": "He is a mixed breed and will make a very good friend to children.",
        "beginOffset": -1
      },
      "sentiment": {
        "magnitude": 0.7,
        "score": 0.7
      }
    },
    {
      "text": {
        "content": "If you wish to adopt, please call Kathleen at or Vignes at",
        "beginOffset": -1
      },
      "sentiment": {
        "magnitude": 0.3,
        "score": 0.3
      }
    }
  ],
  "tokens": [],
  "entities": [
    {
      "name": "Cotton",
      "type": "OTHER",
      "metadata": {},
      "salience": 0.56782895,
      "mentions": [
        {
          "text": {
            "content": "Cotton",
            "beginOffset": -1
          },
          "type": "COMMON"
        }
      ]
    },
    {
      "name": "breed",
      "type": "OTHER",
      "metadata": {},
      "salience": 0.261162,
      "mentions": [
        {
          "text": {
            "content": "breed",
            "beginOffset": -1
          },
          "type": "COMMON"
        }
      ]
    },
    {
      "name": "children",
      "type": "PERSON",
      "metadata": {},
      "salience": 0.06679596,
      "mentions": [
        {
          "text": {
            "content": "children",
            "beginOffset": -1
          },
          "type": "COMMON"
        }
      ]
    },
    {
      "name": "friend",
      "type": "PERSON",
      "metadata": {},
      "salience": 0.05314319,
      "mentions": [
        {
          "text": {
            "content": "friend",
            "beginOffset": -1
          },
          "type": "COMMON"
        }
      ]
    },
    {
      "name": "Kathleen",
      "type": "PERSON",
      "metadata": {},
      "salience": 0.030004822,
      "mentions": [
        {
          "text": {
            "content": "Kathleen",
            "beginOffset": -1
          },
          "type": "PROPER"
        }
      ]
    },
    {
      "name": "Vignes",
      "type": "PERSON",
      "metadata": {},
      "salience": 0.021065067,
      "mentions": [
        {
          "text": {
            "content": "Vignes",
            "beginOffset": -1
          },
          "type": "PROPER"
        }
      ]
    }
  ],
  "documentSentiment": {
    "magnitude": 1.9,
    "score": 0.6
  },
  "language": "en",
  "categories": []
}
