{
  "sentences": [
    {
      "text": {
        "content": "Lili is Haley's daughter and also fat fat's sister.",
        "beginOffset": -1
      },
      "sentiment": {
        "magnitude": 0.4,
        "score": 0.4
      }
    },
    {
      "text": {
        "content": "She's very friendly and lovely.",
        "beginOffset": -1
      },
      "sentiment": {
        "magnitude": 0.9,
        "score": 0.9
      }
    }
  ],
  "tokens": [],
  "entities": [
    {
      "name": "Lili",
      "type": "PERSON",
      "metadata": {},
      "salience": 0.6388446,
      "mentions": [
        {
          "text": {
            "content": "Lili",
            "beginOffset": -1
          },
          "type": "PROPER"
        },
        {
          "text": {
            "content": "daughter",
            "beginOffset": -1
          },
          "type": "COMMON"
        }
      ]
    },
    {
      "name": "Haley",
      "type": "PERSON",
      "metadata": {},
      "salience": 0.18815292,
      "mentions": [
        {
          "text": {
            "content": "Haley",
            "beginOffset": -1
          },
          "type": "PROPER"
        }
      ]
    },
    {
      "name": "fat",
      "type": "OTHER",
      "metadata": {},
      "salience": 0.089964904,
      "mentions": [
        {
          "text": {
            "content": "fat",
            "beginOffset": -1
          },
          "type": "COMMON"
        }
      ]
    },
    {
      "name": "sister",
      "type": "PERSON",
      "metadata": {},
      "salience": 0.083037555,
      "mentions": [
        {
          "text": {
            "content": "sister",
            "beginOffset": -1
          },
          "type": "COMMON"
        }
      ]
    }
  ],
  "documentSentiment": {
    "magnitude": 1.4,
    "score": 0.7
  },
  "language": "en",
  "categories": []
}
