{
  "sentences": [
    {
      "text": {
        "content": "Kittens for Adoption!",
        "beginOffset": -1
      },
      "sentiment": {
        "magnitude": 0.1,
        "score": 0.1
      }
    },
    {
      "text": {
        "content": "Please contact me if interested.",
        "beginOffset": -1
      },
      "sentiment": {
        "magnitude": 0.2,
        "score": -0.2
      }
    },
    {
      "text": {
        "content": "4 months old, not neutered/spayed, 3 black female+1 black &amp; white spots, very playful &amp; manja.",
        "beginOffset": -1
      },
      "sentiment": {
        "magnitude": 0.5,
        "score": 0.5
      }
    },
    {
      "text": {
        "content": "Prefer those self pick from Kepong.",
        "beginOffset": -1
      },
      "sentiment": {
        "magnitude": 0.1,
        "score": 0.1
      }
    },
    {
      "text": {
        "content": "Contact:",
        "beginOffset": -1
      },
      "sentiment": {
        "magnitude": 0,
        "score": 0
      }
    }
  ],
  "tokens": [],
  "entities": [
    {
      "name": "Kittens",
      "type": "PERSON",
      "metadata": {},
      "salience": 0.4332281,
      "mentions": [
        {
          "text": {
            "content": "Kittens",
            "beginOffset": -1
          },
          "type": "COMMON"
        }
      ]
    },
    {
      "name": "Adoption",
      "type": "OTHER",
      "metadata": {},
      "salience": 0.4332281,
      "mentions": [
        {
          "text": {
            "content": "Adoption",
            "beginOffset": -1
          },
          "type": "COMMON"
        }
      ]
    },
    {
      "name": "self pick",
      "type": "OTHER",
      "metadata": {},
      "salience": 0.04438472,
      "mentions": [
        {
          "text": {
            "content": "self pick",
            "beginOffset": -1
          },
          "type": "COMMON"
        }
      ]
    },
    {
      "name": "Contact",
      "type": "OTHER",
      "metadata": {},
      "salience": 0.031149397,
      "mentions": [
        {
          "text": {
            "content": "Contact",
            "beginOffset": -1
          },
          "type": "COMMON"
        }
      ]
    },
    {
      "name": "spots",
      "type": "OTHER",
      "metadata": {},
      "salience": 0.019728025,
      "mentions": [
        {
          "text": {
            "content": "spots",
            "beginOffset": -1
          },
          "type": "COMMON"
        }
      ]
    },
    {
      "name": "manja",
      "type": "OTHER",
      "metadata": {},
      "salience": 0.019728025,
      "mentions": [
        {
          "text": {
            "content": "manja",
            "beginOffset": -1
          },
          "type": "COMMON"
        }
      ]
    },
    {
      "name": "Kepong",
      "type": "LOCATION",
      "metadata": {
        "mid": "/m/0d0_lw",
        "wikipedia_url": "https://en.wikipedia.org/wiki/Kepong"
      },
      "salience": 0.018553622,
      "mentions": [
        {
          "text": {
            "content": "Kepong",
            "beginOffset": -1
          },
          "type": "PROPER"
        }
      ]
    }
  ],
  "documentSentiment": {
    "magnitude": 1.1,
    "score": 0.1
  },
  "language": "en",
  "categories": []
}
