{
  "sentences": [
    {
      "text": {
        "content": "Adopters must vaccinate, spay and keep her indoors/fenced.",
        "beginOffset": -1
      },
      "sentiment": {
        "magnitude": 0.4,
        "score": 0.4
      }
    },
    {
      "text": {
        "content": "Call/WhatsApp: Address: Relau, Penang.",
        "beginOffset": -1
      },
      "sentiment": {
        "magnitude": 0,
        "score": 0
      }
    }
  ],
  "tokens": [],
  "entities": [
    {
      "name": "Adopters",
      "type": "PERSON",
      "metadata": {},
      "salience": 0.745981,
      "mentions": [
        {
          "text": {
            "content": "Adopters",
            "beginOffset": -1
          },
          "type": "COMMON"
        }
      ]
    },
    {
      "name": "Call",
      "type": "OTHER",
      "metadata": {},
      "salience": 0.10396818,
      "mentions": [
        {
          "text": {
            "content": "Call",
            "beginOffset": -1
          },
          "type": "COMMON"
        }
      ]
    },
    {
      "name": "Relau",
      "type": "LOCATION",
      "metadata": {
        "mid": "/m/02705fd",
        "wikipedia_url": "https://en.wikipedia.org/wiki/Relau"
      },
      "salience": 0.047026128,
      "mentions": [
        {
          "text": {
            "content": "Relau",
            "beginOffset": -1
          },
          "type": "PROPER"
        }
      ]
    },
    {
      "name": "WhatsApp",
      "type": "OTHER",
      "metadata": {},
      "salience": 0.034996618,
      "mentions": [
        {
          "text": {
            "content": "WhatsApp",
            "beginOffset": -1
          },
          "type": "COMMON"
        }
      ]
    },
    {
      "name": "Address",
      "type": "OTHER",
      "metadata": {},
      "salience": 0.034996618,
      "mentions": [
        {
          "text": {
            "content": "Address",
            "beginOffset": -1
          },
          "type": "COMMON"
        }
      ]
    },
    {
      "name": "Penang",
      "type": "LOCATION",
      "metadata": {
        "mid": "/m/0g6xq",
        "wikipedia_url": "https://en.wikipedia.org/wiki/Penang"
      },
      "salience": 0.033031493,
      "mentions": [
        {
          "text": {
            "content": "Penang",
            "beginOffset": -1
          },
          "type": "PROPER"
        }
      ]
    }
  ],
  "documentSentiment": {
    "magnitude": 0.4,
    "score": 0.2
  },
  "language": "en",
  "categories": []
}
