{
  "sentences": [
    {
      "text": {
        "content": "Meet Lux.",
        "beginOffset": -1
      },
      "sentiment": {
        "magnitude": 0.1,
        "score": 0.1
      }
    },
    {
      "text": {
        "content": "She is very cute that we nicknamed her Teddy Bear.",
        "beginOffset": -1
      },
      "sentiment": {
        "magnitude": 0.5,
        "score": 0.5
      }
    },
    {
      "text": {
        "content": "She needs a loving home, someone who can give her all the happiness she deserves.",
        "beginOffset": -1
      },
      "sentiment": {
        "magnitude": 0.8,
        "score": 0.8
      }
    },
    {
      "text": {
        "content": "She is currently 1 month old, still too young to be adopted, however if you are very keen in adopting her you can call to book her adoption.",
        "beginOffset": -1
      },
      "sentiment": {
        "magnitude": 0,
        "score": 0
      }
    }
  ],
  "tokens": [],
  "entities": [
    {
      "name": "Lux",
      "type": "ORGANIZATION",
      "metadata": {},
      "salience": 0.39770964,
      "mentions": [
        {
          "text": {
            "content": "Lux",
            "beginOffset": -1
          },
          "type": "PROPER"
        }
      ]
    },
    {
      "name": "someone",
      "type": "PERSON",
      "metadata": {},
      "salience": 0.34913093,
      "mentions": [
        {
          "text": {
            "content": "someone",
            "beginOffset": -1
          },
          "type": "COMMON"
        }
      ]
    },
    {
      "name": "Teddy Bear",
      "type": "WORK_OF_ART",
      "metadata": {},
      "salience": 0.07555499,
      "mentions": [
        {
          "text": {
            "content": "Teddy Bear",
            "beginOffset": -1
          },
          "type": "PROPER"
        }
      ]
    },
    {
      "name": "home",
      "type": "LOCATION",
      "metadata": {},
      "salience": 0.07313715,
      "mentions": [
        {
          "text": {
            "content": "home",
            "beginOffset": -1
          },
          "type": "COMMON"
        }
      ]
    },
    {
      "name": "happiness",
      "type": "OTHER",
      "metadata": {},
      "salience": 0.06633856,
      "mentions": [
        {
          "text": {
            "content": "happiness",
            "beginOffset": -1
          },
          "type": "COMMON"
        }
      ]
    },
    {
      "name": "adoption",
      "type": "OTHER",
      "metadata": {},
      "salience": 0.038128737,
      "mentions": [
        {
          "text": {
            "content": "adoption",
            "beginOffset": -1
          },
          "type": "COMMON"
        }
      ]
    }
  ],
  "documentSentiment": {
    "magnitude": 1.5,
    "score": 0.3
  },
  "language": "en",
  "categories": []
}
