{
  "sentences": [
    {
      "text": {
        "content": "Their pregnant mother was dumped by her irresponsible owner at the roadside near some shops in Subang Jaya.",
        "beginOffset": -1
      },
      "sentiment": {
        "magnitude": 0.9,
        "score": -0.9
      }
    },
    {
      "text": {
        "content": "Gave birth to them at the roadside.",
        "beginOffset": -1
      },
      "sentiment": {
        "magnitude": 0,
        "score": 0
      }
    },
    {
      "text": {
        "content": "They are all healthy and adorable puppies.",
        "beginOffset": -1
      },
      "sentiment": {
        "magnitude": 0.9,
        "score": 0.9
      }
    },
    {
      "text": {
        "content": "Already dewormed, vaccinated and ready to go to a home.",
        "beginOffset": -1
      },
      "sentiment": {
        "magnitude": 0.2,
        "score": 0.2
      }
    },
    {
      "text": {
        "content": "No tying or caging for long hours as guard dogs.",
        "beginOffset": -1
      },
      "sentiment": {
        "magnitude": 0.1,
        "score": -0.1
      }
    },
    {
      "text": {
        "content": "However, it is acceptable to cage or tie for precautionary purposes.",
        "beginOffset": -1
      },
      "sentiment": {
        "magnitude": 0.6,
        "score": 0.6
      }
    },
    {
      "text": {
        "content": "Interested to adopt pls call me.",
        "beginOffset": -1
      },
      "sentiment": {
        "magnitude": 0.7,
        "score": 0.7
      }
    }
  ],
  "tokens": [],
  "entities": [
    {
      "name": "mother",
      "type": "PERSON",
      "metadata": {},
      "salience": 0.40149695,
      "mentions": [
        {
          "text": {
            "content": "mother",
            "beginOffset": -1
          },
          "type": "COMMON"
        }
      ]
    },
    {
      "name": "owner",
      "type": "PERSON",
      "metadata": {},
      "salience": 0.17851612,
      "mentions": [
        {
          "text": {
            "content": "owner",
            "beginOffset": -1
          },
          "type": "COMMON"
        }
      ]
    },
    {
      "name": "puppies",
      "type": "PERSON",
      "metadata": {},
      "salience": 0.095982194,
      "mentions": [
        {
          "text": {
            "content": "puppies",
            "beginOffset": -1
          },
          "type": "COMMON"
        }
      ]
    },
    {
      "name": "roadside",
      "type": "LOCATION",
      "metadata": {},
      "salience": 0.080858104,
      "mentions": [
        {
          "text": {
            "content": "roadside",
            "beginOffset": -1
          },
          "type": "COMMON"
        }
      ]
    },
    {
      "name": "shops",
      "type": "LOCATION",
      "metadata": {},
      "salience": 0.071356595,
      "mentions": [
        {
          "text": {
            "content": "shops",
            "beginOffset": -1
          },
          "type": "COMMON"
        }
      ]
    },
    {
      "name": "Subang Jaya",
      "type": "LOCATION",
      "metadata": {
        "mid": "/m/054t4_",
        "wikipedia_url": "https://en.wikipedia.org/wiki/Subang_Jaya"
      },
      "salience": 0.042764798,
      "mentions": [
        {
          "text": {
            "content": "Subang Jaya",
            "beginOffset": -1
          },
          "type": "PROPER"
        }
      ]
    },
    {
      "name": "roadside",
      "type": "OTHER",
      "metadata": {},
      "salience": 0.026855802,
      "mentions": [
        {
          "text": {
            "content": "roadside",
            "beginOffset": -1
          },
          "type": "COMMON"
        }
      ]
    },
    {
      "name": "birth",
      "type": "EVENT",
      "metadata": {},
      "salience": 0.023623275,
      "mentions": [
        {
          "text": {
            "content": "birth",
            "beginOffset": -1
          },
          "type": "COMMON"
        }
      ]
    },
    {
      "name": "home",
      "type": "LOCATION",
      "metadata": {},
      "salience": 0.02177375,
      "mentions": [
        {
          "text": {
            "content": "home",
            "beginOffset": -1
          },
          "type": "COMMON"
        }
      ]
    },
    {
      "name": "tying",
      "type": "OTHER",
      "metadata": {},
      "salience": 0.02171462,
      "mentions": [
        {
          "text": {
            "content": "tying",
            "beginOffset": -1
          },
          "type": "COMMON"
        }
      ]
    },
    {
      "name": "cage",
      "type": "OTHER",
      "metadata": {},
      "salience": 0.016363923,
      "mentions": [
        {
          "text": {
            "content": "cage",
            "beginOffset": -1
          },
          "type": "COMMON"
        }
      ]
    },
    {
      "name": "purposes",
      "type": "OTHER",
      "metadata": {},
      "salience": 0.011476182,
      "mentions": [
        {
          "text": {
            "content": "purposes",
            "beginOffset": -1
          },
          "type": "COMMON"
        }
      ]
    },
    {
      "name": "guard dogs",
      "type": "OTHER",
      "metadata": {},
      "salience": 0.0072176927,
      "mentions": [
        {
          "text": {
            "content": "guard dogs",
            "beginOffset": -1
          },
          "type": "COMMON"
        }
      ]
    }
  ],
  "documentSentiment": {
    "magnitude": 3.7,
    "score": 0.2
  },
  "language": "en",
  "categories": []
}
