{
  "sentences": [
    {
      "text": {
        "content": "Is there any kind soul here would like to give this three puppy a sweet home????",
        "beginOffset": -1
      },
      "sentiment": {
        "magnitude": 0.1,
        "score": -0.1
      }
    },
    {
      "text": {
        "content": "they are all female..if u are interested pls sms me:)",
        "beginOffset": -1
      },
      "sentiment": {
        "magnitude": 0.7,
        "score": 0.7
      }
    },
    {
      "text": {
        "content": "ps : pj area( near Kelana jaya LRT station)",
        "beginOffset": -1
      },
      "sentiment": {
        "magnitude": 0.2,
        "score": 0.2
      }
    }
  ],
  "tokens": [],
  "entities": [
    {
      "name": "soul",
      "type": "OTHER",
      "metadata": {},
      "salience": 0.4809353,
      "mentions": [
        {
          "text": {
            "content": "soul",
            "beginOffset": -1
          },
          "type": "COMMON"
        }
      ]
    },
    {
      "name": "puppy",
      "type": "OTHER",
      "metadata": {},
      "salience": 0.19761221,
      "mentions": [
        {
          "text": {
            "content": "puppy",
            "beginOffset": -1
          },
          "type": "COMMON"
        }
      ]
    },
    {
      "name": "home",
      "type": "LOCATION",
      "metadata": {},
      "salience": 0.15028389,
      "mentions": [
        {
          "text": {
            "content": "home",
            "beginOffset": -1
          },
          "type": "COMMON"
        }
      ]
    },
    {
      "name": "area",
      "type": "LOCATION",
      "metadata": {},
      "salience": 0.06685922,
      "mentions": [
        {
          "text": {
            "content": "area",
            "beginOffset": -1
          },
          "type": "COMMON"
        }
      ]
    },
    {
      "name": "station",
      "type": "LOCATION",
      "metadata": {},
      "salience": 0.04695932,
      "mentions": [
        {
          "text": {
            "content": "station",
            "beginOffset": -1
          },
          "type": "COMMON"
        }
      ]
    },
    {
      "name": "ps",
      "type": "OTHER",
      "metadata": {},
      "salience": 0.029506687,
      "mentions": [
        {
          "text": {
            "content": "ps",
            "beginOffset": -1
          },
          "type": "COMMON"
        }
      ]
    },
    {
      "name": "Kelana jaya LRT",
      "type": "LOCATION",
      "metadata": {},
      "salience": 0.02784335,
      "mentions": [
        {
          "text": {
            "content": "Kelana jaya LRT",
            "beginOffset": -1
          },
          "type": "PROPER"
        }
      ]
    }
  ],
  "documentSentiment": {
    "magnitude": 1,
    "score": 0.2
  },
  "language": "en",
  "categories": []
}
