{
  "sentences": [
    {
      "text": {
        "content": "Found him at the street along with his brother who has serious maggot wounds.",
        "beginOffset": -1
      },
      "sentiment": {
        "magnitude": 0.1,
        "score": -0.1
      }
    },
    {
      "text": {
        "content": "but he is % healthy confirmed by vet.",
        "beginOffset": -1
      },
      "sentiment": {
        "magnitude": 0,
        "score": 0
      }
    },
    {
      "text": {
        "content": "Dewormed &amp; lice are removed.",
        "beginOffset": -1
      },
      "sentiment": {
        "magnitude": 0.5,
        "score": -0.5
      }
    },
    {
      "text": {
        "content": "sorry I have to claim back RM38 vet fee,his brother's bill is RM,and a long period + revisitation to vet.",
        "beginOffset": -1
      },
      "sentiment": {
        "magnitude": 0,
        "score": 0
      }
    },
    {
      "text": {
        "content": "A burden for me who is just a ordinary white-collar.",
        "beginOffset": -1
      },
      "sentiment": {
        "magnitude": 0.2,
        "score": -0.2
      }
    }
  ],
  "tokens": [],
  "entities": [
    {
      "name": "brother",
      "type": "PERSON",
      "metadata": {},
      "salience": 0.53930116,
      "mentions": [
        {
          "text": {
            "content": "brother",
            "beginOffset": -1
          },
          "type": "COMMON"
        }
      ]
    },
    {
      "name": "street",
      "type": "LOCATION",
      "metadata": {},
      "salience": 0.16828546,
      "mentions": [
        {
          "text": {
            "content": "street",
            "beginOffset": -1
          },
          "type": "COMMON"
        }
      ]
    },
    {
      "name": "maggot wounds",
      "type": "OTHER",
      "metadata": {},
      "salience": 0.06691062,
      "mentions": [
        {
          "text": {
            "content": "maggot wounds",
            "beginOffset": -1
          },
          "type": "COMMON"
        }
      ]
    },
    {
      "name": "white-collar",
      "type": "CONSUMER_GOOD",
      "metadata": {},
      "salience": 0.052742865,
      "mentions": [
        {
          "text": {
            "content": "white-collar",
            "beginOffset": -1
          },
          "type": "COMMON"
        }
      ]
    },
    {
      "name": "vet",
      "type": "PERSON",
      "metadata": {},
      "salience": 0.027520733,
      "mentions": [
        {
          "text": {
            "content": "vet",
            "beginOffset": -1
          },
          "type": "COMMON"
        }
      ]
    },
    {
      "name": "bill",
      "type": "WORK_OF_ART",
      "metadata": {},
      "salience": 0.024452686,
      "mentions": [
        {
          "text": {
            "content": "bill",
            "beginOffset": -1
          },
          "type": "COMMON"
        }
      ]
    },
    {
      "name": "brother",
      "type": "PERSON",
      "metadata": {},
      "salience": 0.023160445,
      "mentions": [
        {
          "text": {
            "content": "brother",
            "beginOffset": -1
          },
          "type": "COMMON"
        }
      ]
    },
    {
      "name": "lice",
      "type": "OTHER",
      "metadata": {},
      "salience": 0.022259938,
      "mentions": [
        {
          "text": {
            "content": "lice",
            "beginOffset": -1
          },
          "type": "COMMON"
        }
      ]
    },
    {
      "name": "vet fee",
      "type": "OTHER",
      "metadata": {},
      "salience": 0.020367151,
      "mentions": [
        {
          "text": {
            "content": "vet fee",
            "beginOffset": -1
          },
          "type": "COMMON"
        }
      ]
    },
    {
      "name": "vet",
      "type": "PERSON",
      "metadata": {},
      "salience": 0.019166717,
      "mentions": [
        {
          "text": {
            "content": "vet",
            "beginOffset": -1
          },
          "type": "COMMON"
        }
      ]
    },
    {
      "name": "revisitation",
      "type": "EVENT",
      "metadata": {},
      "salience": 0.015378781,
      "mentions": [
        {
          "text": {
            "content": "revisitation",
            "beginOffset": -1
          },
          "type": "COMMON"
        }
      ]
    },
    {
      "name": "burden",
      "type": "OTHER",
      "metadata": {},
      "salience": 0.015336873,
      "mentions": [
        {
          "text": {
            "content": "burden",
            "beginOffset": -1
          },
          "type": "COMMON"
        }
      ]
    },
    {
      "name": "RM",
      "type": "LOCATION",
      "metadata": {},
      "salience": 0.0051165684,
      "mentions": [
        {
          "text": {
            "content": "RM",
            "beginOffset": -1
          },
          "type": "PROPER"
        }
      ]
    }
  ],
  "documentSentiment": {
    "magnitude": 0.9,
    "score": -0.1
  },
  "language": "en",
  "categories": []
}
