{
  "sentences": [
    {
      "text": {
        "content": "Bobo was rescued by my family when he was suffering from torn diagframe.",
        "beginOffset": -1
      },
      "sentiment": {
        "magnitude": 0.4,
        "score": -0.4
      }
    },
    {
      "text": {
        "content": "We found him at a nearby restaurant.",
        "beginOffset": -1
      },
      "sentiment": {
        "magnitude": 0.4,
        "score": 0.4
      }
    },
    {
      "text": {
        "content": "He is now fully recovered after a surgery done by dr lee and lim in seri kembangan a couple of months ago.",
        "beginOffset": -1
      },
      "sentiment": {
        "magnitude": 0.4,
        "score": 0.4
      }
    },
    {
      "text": {
        "content": "I have 5 big cats already under my care.",
        "beginOffset": -1
      },
      "sentiment": {
        "magnitude": 0.3,
        "score": 0.3
      }
    },
    {
      "text": {
        "content": "All were rescued from the street.",
        "beginOffset": -1
      },
      "sentiment": {
        "magnitude": 0.2,
        "score": 0.2
      }
    },
    {
      "text": {
        "content": "Please help us to adopt Bobo so that we can rescue more kitten in distressed.",
        "beginOffset": -1
      },
      "sentiment": {
        "magnitude": 0,
        "score": 0
      }
    },
    {
      "text": {
        "content": "Tq",
        "beginOffset": -1
      },
      "sentiment": {
        "magnitude": 0.3,
        "score": 0.3
      }
    }
  ],
  "tokens": [],
  "entities": [
    {
      "name": "Bobo",
      "type": "PERSON",
      "metadata": {},
      "salience": 0.6697856,
      "mentions": [
        {
          "text": {
            "content": "Bobo",
            "beginOffset": -1
          },
          "type": "PROPER"
        },
        {
          "text": {
            "content": "Bobo",
            "beginOffset": -1
          },
          "type": "PROPER"
        }
      ]
    },
    {
      "name": "family",
      "type": "PERSON",
      "metadata": {},
      "salience": 0.14302444,
      "mentions": [
        {
          "text": {
            "content": "family",
            "beginOffset": -1
          },
          "type": "COMMON"
        }
      ]
    },
    {
      "name": "diagframe",
      "type": "OTHER",
      "metadata": {},
      "salience": 0.05661513,
      "mentions": [
        {
          "text": {
            "content": "diagframe",
            "beginOffset": -1
          },
          "type": "COMMON"
        }
      ]
    },
    {
      "name": "dr",
      "type": "PERSON",
      "metadata": {},
      "salience": 0.018798176,
      "mentions": [
        {
          "text": {
            "content": "dr",
            "beginOffset": -1
          },
          "type": "COMMON"
        }
      ]
    },
    {
      "name": "lim",
      "type": "PERSON",
      "metadata": {},
      "salience": 0.018798176,
      "mentions": [
        {
          "text": {
            "content": "lim",
            "beginOffset": -1
          },
          "type": "COMMON"
        }
      ]
    },
    {
      "name": "restaurant",
      "type": "LOCATION",
      "metadata": {},
      "salience": 0.018662315,
      "mentions": [
        {
          "text": {
            "content": "restaurant",
            "beginOffset": -1
          },
          "type": "COMMON"
        }
      ]
    },
    {
      "name": "surgery",
      "type": "EVENT",
      "metadata": {},
      "salience": 0.018570216,
      "mentions": [
        {
          "text": {
            "content": "surgery",
            "beginOffset": -1
          },
          "type": "COMMON"
        }
      ]
    },
    {
      "name": "cats",
      "type": "OTHER",
      "metadata": {},
      "salience": 0.0169896,
      "mentions": [
        {
          "text": {
            "content": "cats",
            "beginOffset": -1
          },
          "type": "COMMON"
        }
      ]
    },
    {
      "name": "street",
      "type": "LOCATION",
      "metadata": {},
      "salience": 0.012947849,
      "mentions": [
        {
          "text": {
            "content": "street",
            "beginOffset": -1
          },
          "type": "COMMON"
        }
      ]
    },
    {
      "name": "kitten",
      "type": "PERSON",
      "metadata": {},
      "salience": 0.009056231,
      "mentions": [
        {
          "text": {
            "content": "kitten",
            "beginOffset": -1
          },
          "type": "COMMON"
        }
      ]
    },
    {
      "name": "care",
      "type": "OTHER",
      "metadata": {},
      "salience": 0.0057091597,
      "mentions": [
        {
          "text": {
            "content": "care",
            "beginOffset": -1
          },
          "type": "COMMON"
        }
      ]
    },
    {
      "name": "All",
      "type": "OTHER",
      "metadata": {},
      "salience": 0.005693534,
      "mentions": [
        {
          "text": {
            "content": "All",
            "beginOffset": -1
          },
          "type": "COMMON"
        }
      ]
    },
    {
      "name": "Tq",
      "type": "PERSON",
      "metadata": {},
      "salience": 0.0053495574,
      "mentions": [
        {
          "text": {
            "content": "Tq",
            "beginOffset": -1
          },
          "type": "PROPER"
        }
      ]
    }
  ],
  "documentSentiment": {
    "magnitude": 2.2,
    "score": 0.1
  },
  "language": "en",
  "categories": []
}
