{
  "sentences": [
    {
      "text": {
        "content": "LOOKING FOR A HOME URGENTLY Gender: one male one female Color: brown as seen in pic Health : no external injuries or anything Age: about 2 months old Adoption fee :none Fosterers welcome too Must agree to spay the female puppy Contact by email only for more info or enquires about adopting this puppy and more pic",
        "beginOffset": -1
      },
      "sentiment": {
        "magnitude": 0.5,
        "score": -0.5
      }
    }
  ],
  "tokens": [],
  "entities": [
    {
      "name": "HOME",
      "type": "LOCATION",
      "metadata": {},
      "salience": 0.17511378,
      "mentions": [
        {
          "text": {
            "content": "HOME",
            "beginOffset": -1
          },
          "type": "COMMON"
        }
      ]
    },
    {
      "name": "Gender",
      "type": "OTHER",
      "metadata": {},
      "salience": 0.17511378,
      "mentions": [
        {
          "text": {
            "content": "Gender",
            "beginOffset": -1
          },
          "type": "COMMON"
        }
      ]
    },
    {
      "name": "Color",
      "type": "OTHER",
      "metadata": {},
      "salience": 0.07045149,
      "mentions": [
        {
          "text": {
            "content": "Color",
            "beginOffset": -1
          },
          "type": "COMMON"
        }
      ]
    },
    {
      "name": "brown",
      "type": "OTHER",
      "metadata": {},
      "salience": 0.07045149,
      "mentions": [
        {
          "text": {
            "content": "brown",
            "beginOffset": -1
          },
          "type": "COMMON"
        }
      ]
    },
    {
      "name": "pic",
      "type": "WORK_OF_ART",
      "metadata": {},
      "salience": 0.05458523,
      "mentions": [
        {
          "text": {
            "content": "pic",
            "beginOffset": -1
          },
          "type": "COMMON"
        }
      ]
    },
    {
      "name": "anything",
      "type": "OTHER",
      "metadata": {},
      "salience": 0.04869622,
      "mentions": [
        {
          "text": {
            "content": "anything",
            "beginOffset": -1
          },
          "type": "COMMON"
        }
      ]
    },
    {
      "name": "Age",
      "type": "OTHER",
      "metadata": {},
      "salience": 0.04869622,
      "mentions": [
        {
          "text": {
            "content": "Age",
            "beginOffset": -1
          },
          "type": "COMMON"
        }
      ]
    },
    {
      "name": "injuries",
      "type": "OTHER",
      "metadata": {},
      "salience": 0.048116036,
      "mentions": [
        {
          "text": {
            "content": "injuries",
            "beginOffset": -1
          },
          "type": "COMMON"
        }
      ]
    },
    {
      "name": "Health",
      "type": "OTHER",
      "metadata": {},
      "salience": 0.048116036,
      "mentions": [
        {
          "text": {
            "content": "Health",
            "beginOffset": -1
          },
          "type": "COMMON"
        }
      ]
    },
    {
      "name": "Adoption fee",
      "type": "OTHER",
      "metadata": {},
      "salience": 0.044773605,
      "mentions": [
        {
          "text": {
            "content": "Adoption fee",
            "beginOffset": -1
          },
          "type": "COMMON"
        }
      ]
    },
    {
      "name": "Fosterers",
      "type": "PERSON",
      "metadata": {},
      "salience": 0.044773605,
      "mentions": [
        {
          "text": {
            "content": "Fosterers",
            "beginOffset": -1
          },
          "type": "COMMON"
        }
      ]
    },
    {
      "name": "email",
      "type": "OTHER",
      "metadata": {},
      "salience": 0.033936005,
      "mentions": [
        {
          "text": {
            "content": "email",
            "beginOffset": -1
          },
          "type": "COMMON"
        }
      ]
    },
    {
      "name": "info",
      "type": "OTHER",
      "metadata": {},
      "salience": 0.033936005,
      "mentions": [
        {
          "text": {
            "content": "info",
            "beginOffset": -1
          },
          "type": "COMMON"
        }
      ]
    },
    {
      "name": "enquires",
      "type": "OTHER",
      "metadata": {},
      "salience": 0.033936005,
      "mentions": [
        {
          "text": {
            "content": "enquires",
            "beginOffset": -1
          },
          "type": "COMMON"
        }
      ]
    },
    {
      "name": "puppy",
      "type": "OTHER",
      "metadata": {},
      "salience": 0.027138764,
      "mentions": [
        {
          "text": {
            "content": "puppy",
            "beginOffset": -1
          },
          "type": "COMMON"
        }
      ]
    },
    {
      "name": "pic",
      "type": "WORK_OF_ART",
      "metadata": {},
      "salience": 0.027138764,
      "mentions": [
        {
          "text": {
            "content": "pic",
            "beginOffset": -1
          },
          "type": "COMMON"
        }
      ]
    },
    {
      "name": "puppy Contact",
      "type": "OTHER",
      "metadata": {},
      "salience": 0.01502696,
      "mentions": [
        {
          "text": {
            "content": "puppy Contact",
            "beginOffset": -1
          },
          "type": "COMMON"
        }
      ]
    }
  ],
  "documentSentiment": {
    "magnitude": 0.5,
    "score": -0.5
  },
  "language": "en",
  "categories": []
}
