{
  "sentences": [
    {
      "text": {
        "content": "Hi...If you r looking for a pet ,a guard dog or a companion here we have 4 pretties for u to bring them home.They r in perfect healthy condition.Please take a look in their bio.",
        "beginOffset": -1
      },
      "sentiment": {
        "magnitude": 0.9,
        "score": 0.9
      }
    },
    {
      "text": {
        "content": "Age : 2 months(the golden time for the puppyhood) Breed : mixed breed Maturity size : medium Colour : brown Furcoat : short Best for : as a guard dog or companion Maintenance : easy to manage.",
        "beginOffset": -1
      },
      "sentiment": {
        "magnitude": 0.8,
        "score": 0.8
      }
    },
    {
      "text": {
        "content": "Adoption fee : FOC as long as u r an animal lover who willing to provide them TLC",
        "beginOffset": -1
      },
      "sentiment": {
        "magnitude": 0.5,
        "score": 0.5
      }
    }
  ],
  "tokens": [],
  "entities": [
    {
      "name": "pretties",
      "type": "OTHER",
      "metadata": {},
      "salience": 0.4848847,
      "mentions": [
        {
          "text": {
            "content": "pretties",
            "beginOffset": -1
          },
          "type": "COMMON"
        }
      ]
    },
    {
      "name": "guard dog",
      "type": "PERSON",
      "metadata": {},
      "salience": 0.13523005,
      "mentions": [
        {
          "text": {
            "content": "guard dog",
            "beginOffset": -1
          },
          "type": "COMMON"
        }
      ]
    },
    {
      "name": "pet",
      "type": "OTHER",
      "metadata": {},
      "salience": 0.11971391,
      "mentions": [
        {
          "text": {
            "content": "pet",
            "beginOffset": -1
          },
          "type": "COMMON"
        }
      ]
    },
    {
      "name": "companion",
      "type": "PERSON",
      "metadata": {},
      "salience": 0.053267643,
      "mentions": [
        {
          "text": {
            "content": "companion",
            "beginOffset": -1
          },
          "type": "COMMON"
        }
      ]
    },
    {
      "name": "look",
      "type": "OTHER",
      "metadata": {},
      "salience": 0.036419645,
      "mentions": [
        {
          "text": {
            "content": "look",
            "beginOffset": -1
          },
          "type": "COMMON"
        }
      ]
    },
    {
      "name": "bio",
      "type": "OTHER",
      "metadata": {},
      "salience": 0.03226452,
      "mentions": [
        {
          "text": {
            "content": "bio",
            "beginOffset": -1
          },
          "type": "COMMON"
        }
      ]
    },
    {
      "name": "animal lover",
      "type": "PERSON",
      "metadata": {},
      "salience": 0.01914141,
      "mentions": [
        {
          "text": {
            "content": "animal lover",
            "beginOffset": -1
          },
          "type": "COMMON"
        }
      ]
    },
    {
      "name": "Breed",
      "type": "OTHER",
      "metadata": {},
      "salience": 0.01628273,
      "mentions": [
        {
          "text": {
            "content": "Breed",
            "beginOffset": -1
          },
          "type": "COMMON"
        }
      ]
    },
    {
      "name": "Age",
      "type": "OTHER",
      "metadata": {},
      "salience": 0.015592797,
      "mentions": [
        {
          "text": {
            "content": "Age",
            "beginOffset": -1
          },
          "type": "COMMON"
        }
      ]
    },
    {
      "name": "Maturity size",
      "type": "OTHER",
      "metadata": {},
      "salience": 0.014313524,
      "mentions": [
        {
          "text": {
            "content": "Maturity size",
            "beginOffset": -1
          },
          "type": "COMMON"
        }
      ]
    },
    {
      "name": "Colour",
      "type": "OTHER",
      "metadata": {},
      "salience": 0.014313524,
      "mentions": [
        {
          "text": {
            "content": "Colour",
            "beginOffset": -1
          },
          "type": "COMMON"
        }
      ]
    },
    {
      "name": "puppyhood",
      "type": "OTHER",
      "metadata": {},
      "salience": 0.014313524,
      "mentions": [
        {
          "text": {
            "content": "puppyhood",
            "beginOffset": -1
          },
          "type": "COMMON"
        }
      ]
    },
    {
      "name": "companion Maintenance",
      "type": "OTHER",
      "metadata": {},
      "salience": 0.010800537,
      "mentions": [
        {
          "text": {
            "content": "companion Maintenance",
            "beginOffset": -1
          },
          "type": "COMMON"
        }
      ]
    },
    {
      "name": "Adoption fee",
      "type": "OTHER",
      "metadata": {},
      "salience": 0.010747006,
      "mentions": [
        {
          "text": {
            "content": "Adoption fee",
            "beginOffset": -1
          },
          "type": "COMMON"
        }
      ]
    },
    {
      "name": "FOC",
      "type": "ORGANIZATION",
      "metadata": {},
      "salience": 0.006361844,
      "mentions": [
        {
          "text": {
            "content": "FOC",
            "beginOffset": -1
          },
          "type": "PROPER"
        }
      ]
    },
    {
      "name": "guard dog",
      "type": "PERSON",
      "metadata": {},
      "salience": 0.00540195,
      "mentions": [
        {
          "text": {
            "content": "guard dog",
            "beginOffset": -1
          },
          "type": "COMMON"
        }
      ]
    },
    {
      "name": "Best",
      "type": "OTHER",
      "metadata": {},
      "salience": 0.004745607,
      "mentions": [
        {
          "text": {
            "content": "Best",
            "beginOffset": -1
          },
          "type": "COMMON"
        }
      ]
    },
    {
      "name": "TLC",
      "type": "ORGANIZATION",
      "metadata": {},
      "salience": 0.0033991658,
      "mentions": [
        {
          "text": {
            "content": "TLC",
            "beginOffset": -1
          },
          "type": "PROPER"
        }
      ]
    },
    {
      "name": "Furcoat",
      "type": "PERSON",
      "metadata": {},
      "salience": 0.0028058938,
      "mentions": [
        {
          "text": {
            "content": "Furcoat",
            "beginOffset": -1
          },
          "type": "PROPER"
        }
      ]
    }
  ],
  "documentSentiment": {
    "magnitude": 2.3,
    "score": 0.7
  },
  "language": "en",
  "categories": []
}
