{
  "sentences": [
    {
      "text": {
        "content": "i rescued mao mao last two weeks or 3 weeks ago.",
        "beginOffset": -1
      },
      "sentiment": {
        "magnitude": 0,
        "score": 0
      }
    },
    {
      "text": {
        "content": "She was very small but able to survive and now is so healthy.",
        "beginOffset": -1
      },
      "sentiment": {
        "magnitude": 0.5,
        "score": 0.5
      }
    },
    {
      "text": {
        "content": "She is a frend to sister beline, merry and berry..adopted together with Merry on 9 Jan . mummy pray for ur happiness mao2..so too Merry.",
        "beginOffset": -1
      },
      "sentiment": {
        "magnitude": 0.6,
        "score": 0.6
      }
    },
    {
      "text": {
        "content": "Take care of each other k.",
        "beginOffset": -1
      },
      "sentiment": {
        "magnitude": 0,
        "score": 0
      }
    }
  ],
  "tokens": [],
  "entities": [
    {
      "name": "mao mao",
      "type": "PERSON",
      "metadata": {},
      "salience": 0.8906827,
      "mentions": [
        {
          "text": {
            "content": "mao mao",
            "beginOffset": -1
          },
          "type": "COMMON"
        },
        {
          "text": {
            "content": "frend",
            "beginOffset": -1
          },
          "type": "COMMON"
        }
      ]
    },
    {
      "name": "sister beline",
      "type": "OTHER",
      "metadata": {},
      "salience": 0.028480493,
      "mentions": [
        {
          "text": {
            "content": "sister beline",
            "beginOffset": -1
          },
          "type": "COMMON"
        }
      ]
    },
    {
      "name": "berry",
      "type": "OTHER",
      "metadata": {},
      "salience": 0.026168093,
      "mentions": [
        {
          "text": {
            "content": "berry",
            "beginOffset": -1
          },
          "type": "COMMON"
        }
      ]
    },
    {
      "name": "happiness",
      "type": "OTHER",
      "metadata": {},
      "salience": 0.019795967,
      "mentions": [
        {
          "text": {
            "content": "happiness",
            "beginOffset": -1
          },
          "type": "COMMON"
        }
      ]
    },
    {
      "name": "care",
      "type": "OTHER",
      "metadata": {},
      "salience": 0.015844736,
      "mentions": [
        {
          "text": {
            "content": "care",
            "beginOffset": -1
          },
          "type": "COMMON"
        }
      ]
    },
    {
      "name": "each other",
      "type": "PERSON",
      "metadata": {},
      "salience": 0.013855182,
      "mentions": [
        {
          "text": {
            "content": "each other",
            "beginOffset": -1
          },
          "type": "COMMON"
        }
      ]
    },
    {
      "name": "Merry",
      "type": "PERSON",
      "metadata": {},
      "salience": 0.0051728496,
      "mentions": [
        {
          "text": {
            "content": "Merry",
            "beginOffset": -1
          },
          "type": "PROPER"
        }
      ]
    }
  ],
  "documentSentiment": {
    "magnitude": 1.3,
    "score": 0.3
  },
  "language": "en",
  "categories": []
}
