{
  "sentences": [
    {
      "text": {
        "content": "Ninja is energetic and playful and loves to eat.",
        "beginOffset": -1
      },
      "sentiment": {
        "magnitude": 0.9,
        "score": 0.9
      }
    },
    {
      "text": {
        "content": "He is also curious and loves to hunt for small preys.",
        "beginOffset": -1
      },
      "sentiment": {
        "magnitude": 0.6,
        "score": 0.6
      }
    },
    {
      "text": {
        "content": "He likes being stroked and being whispered soft sweet words.",
        "beginOffset": -1
      },
      "sentiment": {
        "magnitude": 0.8,
        "score": 0.8
      }
    },
    {
      "text": {
        "content": "He uses his litter box, never missed it and cleans himself diligently.",
        "beginOffset": -1
      },
      "sentiment": {
        "magnitude": 0.9,
        "score": 0.9
      }
    },
    {
      "text": {
        "content": "He doesn't cuddle much though and dislike being touched at belly.",
        "beginOffset": -1
      },
      "sentiment": {
        "magnitude": 0.3,
        "score": -0.3
      }
    },
    {
      "text": {
        "content": "Very independent and sensible kitten and well-mannered.",
        "beginOffset": -1
      },
      "sentiment": {
        "magnitude": 0.8,
        "score": 0.8
      }
    },
    {
      "text": {
        "content": "He is afraid of children.",
        "beginOffset": -1
      },
      "sentiment": {
        "magnitude": 0.2,
        "score": -0.2
      }
    },
    {
      "text": {
        "content": "He is SUPER cute when he plays and loves to eat grass.",
        "beginOffset": -1
      },
      "sentiment": {
        "magnitude": 0.9,
        "score": 0.9
      }
    },
    {
      "text": {
        "content": "Unfortunately I am ill and can't take care of him.",
        "beginOffset": -1
      },
      "sentiment": {
        "magnitude": 0.3,
        "score": -0.3
      }
    },
    {
      "text": {
        "content": "Please fetch him from me if you want to adopt him since I cannot drive far.",
        "beginOffset": -1
      },
      "sentiment": {
        "magnitude": 0.1,
        "score": -0.1
      }
    },
    {
      "text": {
        "content": "Or meet somewhere in between.",
        "beginOffset": -1
      },
      "sentiment": {
        "magnitude": 0,
        "score": 0
      }
    },
    {
      "text": {
        "content": "Preferably within Johor.",
        "beginOffset": -1
      },
      "sentiment": {
        "magnitude": 0,
        "score": 0
      }
    }
  ],
  "tokens": [],
  "entities": [
    {
      "name": "kitten",
      "type": "PERSON",
      "metadata": {},
      "salience": 0.41391712,
      "mentions": [
        {
          "text": {
            "content": "kitten",
            "beginOffset": -1
          },
          "type": "COMMON"
        }
      ]
    },
    {
      "name": "Ninja",
      "type": "CONSUMER_GOOD",
      "metadata": {},
      "salience": 0.19654427,
      "mentions": [
        {
          "text": {
            "content": "Ninja",
            "beginOffset": -1
          },
          "type": "PROPER"
        }
      ]
    },
    {
      "name": "litter box",
      "type": "OTHER",
      "metadata": {},
      "salience": 0.08761685,
      "mentions": [
        {
          "text": {
            "content": "litter box",
            "beginOffset": -1
          },
          "type": "COMMON"
        }
      ]
    },
    {
      "name": "preys",
      "type": "OTHER",
      "metadata": {},
      "salience": 0.051658016,
      "mentions": [
        {
          "text": {
            "content": "preys",
            "beginOffset": -1
          },
          "type": "COMMON"
        }
      ]
    },
    {
      "name": "words",
      "type": "OTHER",
      "metadata": {},
      "salience": 0.05140337,
      "mentions": [
        {
          "text": {
            "content": "words",
            "beginOffset": -1
          },
          "type": "COMMON"
        }
      ]
    },
    {
      "name": "much",
      "type": "OTHER",
      "metadata": {},
      "salience": 0.03498612,
      "mentions": [
        {
          "text": {
            "content": "much",
            "beginOffset": -1
          },
          "type": "COMMON"
        }
      ]
    },
    {
      "name": "belly",
      "type": "OTHER",
      "metadata": {},
      "salience": 0.03498612,
      "mentions": [
        {
          "text": {
            "content": "belly",
            "beginOffset": -1
          },
          "type": "COMMON"
        }
      ]
    },
    {
      "name": "well-mannered",
      "type": "OTHER",
      "metadata": {},
      "salience": 0.032043274,
      "mentions": [
        {
          "text": {
            "content": "well-mannered",
            "beginOffset": -1
          },
          "type": "COMMON"
        }
      ]
    },
    {
      "name": "children",
      "type": "PERSON",
      "metadata": {},
      "salience": 0.031982888,
      "mentions": [
        {
          "text": {
            "content": "children",
            "beginOffset": -1
          },
          "type": "COMMON"
        }
      ]
    },
    {
      "name": "care",
      "type": "OTHER",
      "metadata": {},
      "salience": 0.027528133,
      "mentions": [
        {
          "text": {
            "content": "care",
            "beginOffset": -1
          },
          "type": "COMMON"
        }
      ]
    },
    {
      "name": "somewhere",
      "type": "LOCATION",
      "metadata": {},
      "salience": 0.016814185,
      "mentions": [
        {
          "text": {
            "content": "somewhere",
            "beginOffset": -1
          },
          "type": "COMMON"
        }
      ]
    },
    {
      "name": "grass",
      "type": "OTHER",
      "metadata": {},
      "salience": 0.010583974,
      "mentions": [
        {
          "text": {
            "content": "grass",
            "beginOffset": -1
          },
          "type": "COMMON"
        }
      ]
    },
    {
      "name": "Johor",
      "type": "LOCATION",
      "metadata": {
        "mid": "/m/01jng9",
        "wikipedia_url": "https://en.wikipedia.org/wiki/Johor"
      },
      "salience": 0.009935671,
      "mentions": [
        {
          "text": {
            "content": "Johor",
            "beginOffset": -1
          },
          "type": "PROPER"
        }
      ]
    }
  ],
  "documentSentiment": {
    "magnitude": 6.2,
    "score": 0.3
  },
  "language": "en",
  "categories": []
}
