{
  "sentences": [
    {
      "text": {
        "content": "8 weeks old puppy looking for good home.",
        "beginOffset": -1
      },
      "sentiment": {
        "magnitude": 0.7,
        "score": 0.7
      }
    },
    {
      "text": {
        "content": "Do contact for detail.",
        "beginOffset": -1
      },
      "sentiment": {
        "magnitude": 0,
        "score": 0
      }
    }
  ],
  "tokens": [],
  "entities": [
    {
      "name": "puppy",
      "type": "OTHER",
      "metadata": {},
      "salience": 0.4731833,
      "mentions": [
        {
          "text": {
            "content": "puppy",
            "beginOffset": -1
          },
          "type": "COMMON"
        }
      ]
    },
    {
      "name": "home",
      "type": "LOCATION",
      "metadata": {},
      "salience": 0.33852792,
      "mentions": [
        {
          "text": {
            "content": "home",
            "beginOffset": -1
          },
          "type": "COMMON"
        }
      ]
    },
    {
      "name": "detail",
      "type": "OTHER",
      "metadata": {},
      "salience": 0.12047591,
      "mentions": [
        {
          "text": {
            "content": "detail",
            "beginOffset": -1
          },
          "type": "COMMON"
        }
      ]
    },
    {
      "name": "contact",
      "type": "OTHER",
      "metadata": {},
      "salience": 0.06781287,
      "mentions": [
        {
          "text": {
            "content": "contact",
            "beginOffset": -1
          },
          "type": "COMMON"
        }
      ]
    }
  ],
  "documentSentiment": {
    "magnitude": 0.7,
    "score": 0.3
  },
  "language": "en",
  "categories": []
}
