{
  "sentences": [
    {
      "text": {
        "content": "Mother cat visits my home and has delivered these two lovely kittens.",
        "beginOffset": -1
      },
      "sentiment": {
        "magnitude": 0.7,
        "score": 0.7
      }
    },
    {
      "text": {
        "content": "They were looked after by her and myself and are both now 1 month old and are beginning to eat kibbles, meat biscuits and drink water apart from still getting fed from their mother.",
        "beginOffset": -1
      },
      "sentiment": {
        "magnitude": 0.6,
        "score": -0.6
      }
    },
    {
      "text": {
        "content": "Both looking for caring responsible loving home.",
        "beginOffset": -1
      },
      "sentiment": {
        "magnitude": 0.9,
        "score": 0.9
      }
    }
  ],
  "tokens": [],
  "entities": [
    {
      "name": "Mother cat",
      "type": "OTHER",
      "metadata": {},
      "salience": 0.34438682,
      "mentions": [
        {
          "text": {
            "content": "Mother cat",
            "beginOffset": -1
          },
          "type": "COMMON"
        }
      ]
    },
    {
      "name": "home",
      "type": "LOCATION",
      "metadata": {},
      "salience": 0.31389013,
      "mentions": [
        {
          "text": {
            "content": "home",
            "beginOffset": -1
          },
          "type": "COMMON"
        }
      ]
    },
    {
      "name": "kittens",
      "type": "PERSON",
      "metadata": {},
      "salience": 0.24377993,
      "mentions": [
        {
          "text": {
            "content": "kittens",
            "beginOffset": -1
          },
          "type": "COMMON"
        }
      ]
    },
    {
      "name": "kibbles",
      "type": "OTHER",
      "metadata": {},
      "salience": 0.032057557,
      "mentions": [
        {
          "text": {
            "content": "kibbles",
            "beginOffset": -1
          },
          "type": "COMMON"
        }
      ]
    },
    {
      "name": "mother",
      "type": "PERSON",
      "metadata": {},
      "salience": 0.027559478,
      "mentions": [
        {
          "text": {
            "content": "mother",
            "beginOffset": -1
          },
          "type": "COMMON"
        }
      ]
    },
    {
      "name": "home",
      "type": "LOCATION",
      "metadata": {},
      "salience": 0.01693887,
      "mentions": [
        {
          "text": {
            "content": "home",
            "beginOffset": -1
          },
          "type": "COMMON"
        }
      ]
    },
    {
      "name": "meat biscuits",
      "type": "OTHER",
      "metadata": {},
      "salience": 0.010693609,
      "mentions": [
        {
          "text": {
            "content": "meat biscuits",
            "beginOffset": -1
          },
          "type": "COMMON"
        }
      ]
    },
    {
      "name": "water",
      "type": "OTHER",
      "metadata": {},
      "salience": 0.010693609,
      "mentions": [
        {
          "text": {
            "content": "water",
            "beginOffset": -1
          },
          "type": "COMMON"
        }
      ]
    }
  ],
  "documentSentiment": {
    "magnitude": 2.4,
    "score": 0.3
  },
  "language": "en",
  "categories": []
}
