{
  "sentences": [
    {
      "text": {
        "content": "Today 22Feb,our hero puppy whom we rescued, was adopted by a very nice couple from Mahkota Cheras.",
        "beginOffset": -1
      },
      "sentiment": {
        "magnitude": 0.5,
        "score": 0.5
      }
    },
    {
      "text": {
        "content": "Our hero almost 80% recovered from his tail injury.",
        "beginOffset": -1
      },
      "sentiment": {
        "magnitude": 0.1,
        "score": 0.1
      }
    },
    {
      "text": {
        "content": "He is in very joyful mood can't wait to leave the veterinary he was awarded for the past 2 weeks.",
        "beginOffset": -1
      },
      "sentiment": {
        "magnitude": 0.9,
        "score": 0.9
      }
    },
    {
      "text": {
        "content": "Boy2 (we named him), God bless you and your new owner.",
        "beginOffset": -1
      },
      "sentiment": {
        "magnitude": 0.8,
        "score": 0.8
      }
    },
    {
      "text": {
        "content": "Take good care of the family n be a good boy.",
        "beginOffset": -1
      },
      "sentiment": {
        "magnitude": 0.8,
        "score": 0.8
      }
    },
    {
      "text": {
        "content": "😇🐶🐶 Helping this stray dog.",
        "beginOffset": -1
      },
      "sentiment": {
        "magnitude": 0.8,
        "score": 0.8
      }
    },
    {
      "text": {
        "content": "Some bastard morons choked him with man made fan belt collar with screw and bolt and chopped of his tail.",
        "beginOffset": -1
      },
      "sentiment": {
        "magnitude": 0.7,
        "score": -0.7
      }
    },
    {
      "text": {
        "content": "Maggots infected tail wound.",
        "beginOffset": -1
      },
      "sentiment": {
        "magnitude": 0.3,
        "score": -0.3
      }
    },
    {
      "text": {
        "content": "We have took him to the vet @Taman Putra for treatment.",
        "beginOffset": -1
      },
      "sentiment": {
        "magnitude": 0,
        "score": 0
      }
    },
    {
      "text": {
        "content": "He look like a mix pit bull.",
        "beginOffset": -1
      },
      "sentiment": {
        "magnitude": 0.3,
        "score": -0.3
      }
    },
    {
      "text": {
        "content": "Now he is recovering well and we would like to seek for some kind hearted people to adopt him.",
        "beginOffset": -1
      },
      "sentiment": {
        "magnitude": 0.5,
        "score": 0.5
      }
    }
  ],
  "tokens": [],
  "entities": [
    {
      "name": "hero puppy",
      "type": "PERSON",
      "metadata": {},
      "salience": 0.2512346,
      "mentions": [
        {
          "text": {
            "content": "hero puppy",
            "beginOffset": -1
          },
          "type": "COMMON"
        }
      ]
    },
    {
      "name": "hero",
      "type": "PERSON",
      "metadata": {},
      "salience": 0.19798999,
      "mentions": [
        {
          "text": {
            "content": "hero",
            "beginOffset": -1
          },
          "type": "COMMON"
        }
      ]
    },
    {
      "name": "God",
      "type": "PERSON",
      "metadata": {
        "mid": "/m/0d05l6",
        "wikipedia_url": "https://en.wikipedia.org/wiki/God"
      },
      "salience": 0.119728334,
      "mentions": [
        {
          "text": {
            "content": "God",
            "beginOffset": -1
          },
          "type": "PROPER"
        }
      ]
    },
    {
      "name": "couple",
      "type": "PERSON",
      "metadata": {},
      "salience": 0.103784025,
      "mentions": [
        {
          "text": {
            "content": "couple",
            "beginOffset": -1
          },
          "type": "COMMON"
        }
      ]
    },
    {
      "name": "Mahkota Cheras",
      "type": "LOCATION",
      "metadata": {
        "mid": "/m/02w38df",
        "wikipedia_url": "https://en.wikipedia.org/wiki/Bandar_Mahkota_Cheras"
      },
      "salience": 0.06222184,
      "mentions": [
        {
          "text": {
            "content": "Mahkota Cheras",
            "beginOffset": -1
          },
          "type": "PROPER"
        }
      ]
    },
    {
      "name": "22Feb",
      "type": "OTHER",
      "metadata": {},
      "salience": 0.06222184,
      "mentions": [
        {
          "text": {
            "content": "22Feb",
            "beginOffset": -1
          },
          "type": "PROPER"
        }
      ]
    },
    {
      "name": "tail injury",
      "type": "OTHER",
      "metadata": {},
      "salience": 0.019370861,
      "mentions": [
        {
          "text": {
            "content": "tail injury",
            "beginOffset": -1
          },
          "type": "COMMON"
        }
      ]
    },
    {
      "name": "mood",
      "type": "OTHER",
      "metadata": {},
      "salience": 0.019274998,
      "mentions": [
        {
          "text": {
            "content": "mood",
            "beginOffset": -1
          },
          "type": "COMMON"
        }
      ]
    },
    {
      "name": "care",
      "type": "OTHER",
      "metadata": {},
      "salience": 0.016137684,
      "mentions": [
        {
          "text": {
            "content": "care",
            "beginOffset": -1
          },
          "type": "COMMON"
        }
      ]
    },
    {
      "name": "boy",
      "type": "PERSON",
      "metadata": {},
      "salience": 0.014811332,
      "mentions": [
        {
          "text": {
            "content": "boy",
            "beginOffset": -1
          },
          "type": "COMMON"
        }
      ]
    },
    {
      "name": "owner",
      "type": "PERSON",
      "metadata": {},
      "salience": 0.013138449,
      "mentions": [
        {
          "text": {
            "content": "owner",
            "beginOffset": -1
          },
          "type": "COMMON"
        }
      ]
    },
    {
      "name": "family",
      "type": "PERSON",
      "metadata": {},
      "salience": 0.013102548,
      "mentions": [
        {
          "text": {
            "content": "family",
            "beginOffset": -1
          },
          "type": "COMMON"
        }
      ]
    },
    {
      "name": "dog",
      "type": "OTHER",
      "metadata": {},
      "salience": 0.011997745,
      "mentions": [
        {
          "text": {
            "content": "dog",
            "beginOffset": -1
          },
          "type": "COMMON"
        }
      ]
    },
    {
      "name": "morons",
      "type": "PERSON",
      "metadata": {},
      "salience": 0.01197508,
      "mentions": [
        {
          "text": {
            "content": "morons",
            "beginOffset": -1
          },
          "type": "COMMON"
        }
      ]
    },
    {
      "name": "man",
      "type": "PERSON",
      "metadata": {},
      "salience": 0.01197508,
      "mentions": [
        {
          "text": {
            "content": "man",
            "beginOffset": -1
          },
          "type": "COMMON"
        }
      ]
    },
    {
      "name": "vet",
      "type": "PERSON",
      "metadata": {},
      "salience": 0.00900203,
      "mentions": [
        {
          "text": {
            "content": "vet",
            "beginOffset": -1
          },
          "type": "COMMON"
        }
      ]
    },
    {
      "name": "treatment",
      "type": "OTHER",
      "metadata": {},
      "salience": 0.00900203,
      "mentions": [
        {
          "text": {
            "content": "treatment",
            "beginOffset": -1
          },
          "type": "COMMON"
        }
      ]
    },
    {
      "name": "mix pit bull",
      "type": "OTHER",
      "metadata": {},
      "salience": 0.00899039,
      "mentions": [
        {
          "text": {
            "content": "mix pit bull",
            "beginOffset": -1
          },
          "type": "COMMON"
        }
      ]
    },
    {
      "name": "Boy2",
      "type": "ORGANIZATION",
      "metadata": {},
      "salience": 0.007680521,
      "mentions": [
        {
          "text": {
            "content": "Boy2",
            "beginOffset": -1
          },
          "type": "PROPER"
        }
      ]
    },
    {
      "name": "people",
      "type": "PERSON",
      "metadata": {},
      "salience": 0.006288336,
      "mentions": [
        {
          "text": {
            "content": "people",
            "beginOffset": -1
          },
          "type": "COMMON"
        }
      ]
    },
    {
      "name": "@Taman Putra",
      "type": "PERSON",
      "metadata": {},
      "salience": 0.005324357,
      "mentions": [
        {
          "text": {
            "content": "@Taman Putra",
            "beginOffset": -1
          },
          "type": "PROPER"
        }
      ]
    },
    {
      "name": "tail",
      "type": "OTHER",
      "metadata": {},
      "salience": 0.004946287,
      "mentions": [
        {
          "text": {
            "content": "tail",
            "beginOffset": -1
          },
          "type": "COMMON"
        }
      ]
    },
    {
      "name": "fan belt collar",
      "type": "OTHER",
      "metadata": {},
      "salience": 0.003962931,
      "mentions": [
        {
          "text": {
            "content": "fan belt collar",
            "beginOffset": -1
          },
          "type": "COMMON"
        }
      ]
    },
    {
      "name": "screw",
      "type": "OTHER",
      "metadata": {},
      "salience": 0.003962931,
      "mentions": [
        {
          "text": {
            "content": "screw",
            "beginOffset": -1
          },
          "type": "COMMON"
        }
      ]
    },
    {
      "name": "bolt",
      "type": "OTHER",
      "metadata": {},
      "salience": 0.003962931,
      "mentions": [
        {
          "text": {
            "content": "bolt",
            "beginOffset": -1
          },
          "type": "COMMON"
        }
      ]
    },
    {
      "name": "Maggots",
      "type": "OTHER",
      "metadata": {},
      "salience": 0.0039564273,
      "mentions": [
        {
          "text": {
            "content": "Maggots",
            "beginOffset": -1
          },
          "type": "COMMON"
        }
      ]
    },
    {
      "name": "tail wound",
      "type": "OTHER",
      "metadata": {},
      "salience": 0.0039564273,
      "mentions": [
        {
          "text": {
            "content": "tail wound",
            "beginOffset": -1
          },
          "type": "COMMON"
        }
      ]
    }
  ],
  "documentSentiment": {
    "magnitude": 6.3,
    "score": 0.3
  },
  "language": "en",
  "categories": []
}
