{
  "sentences": [
    {
      "text": {
        "content": "My girl gave birth to 3 cute little kittens. 2 was already adopted.",
        "beginOffset": -1
      },
      "sentiment": {
        "magnitude": 0.1,
        "score": 0.1
      }
    },
    {
      "text": {
        "content": "1 was booked earlier but was backed out.",
        "beginOffset": -1
      },
      "sentiment": {
        "magnitude": 0,
        "score": 0
      }
    },
    {
      "text": {
        "content": "So Mojie here has no friend to play with.",
        "beginOffset": -1
      },
      "sentiment": {
        "magnitude": 0,
        "score": 0
      }
    },
    {
      "text": {
        "content": "She's reallyyy playful.",
        "beginOffset": -1
      },
      "sentiment": {
        "magnitude": 0.8,
        "score": 0.8
      }
    },
    {
      "text": {
        "content": "I hope Mojie can find friends/owner she can play with.. :)",
        "beginOffset": -1
      },
      "sentiment": {
        "magnitude": 0.8,
        "score": 0.8
      }
    }
  ],
  "tokens": [],
  "entities": [
    {
      "name": "Mojie",
      "type": "PERSON",
      "metadata": {},
      "salience": 0.38786492,
      "mentions": [
        {
          "text": {
            "content": "Mojie",
            "beginOffset": -1
          },
          "type": "PROPER"
        },
        {
          "text": {
            "content": "Mojie",
            "beginOffset": -1
          },
          "type": "PROPER"
        }
      ]
    },
    {
      "name": "girl",
      "type": "PERSON",
      "metadata": {},
      "salience": 0.25462556,
      "mentions": [
        {
          "text": {
            "content": "girl",
            "beginOffset": -1
          },
          "type": "COMMON"
        }
      ]
    },
    {
      "name": "birth",
      "type": "OTHER",
      "metadata": {},
      "salience": 0.25462556,
      "mentions": [
        {
          "text": {
            "content": "birth",
            "beginOffset": -1
          },
          "type": "COMMON"
        }
      ]
    },
    {
      "name": "owner",
      "type": "PERSON",
      "metadata": {},
      "salience": 0.037943028,
      "mentions": [
        {
          "text": {
            "content": "owner",
            "beginOffset": -1
          },
          "type": "COMMON"
        }
      ]
    },
    {
      "name": "friend",
      "type": "PERSON",
      "metadata": {},
      "salience": 0.03706139,
      "mentions": [
        {
          "text": {
            "content": "friend",
            "beginOffset": -1
          },
          "type": "COMMON"
        }
      ]
    },
    {
      "name": "friends",
      "type": "PERSON",
      "metadata": {},
      "salience": 0.027879545,
      "mentions": [
        {
          "text": {
            "content": "friends",
            "beginOffset": -1
          },
          "type": "COMMON"
        }
      ]
    }
  ],
  "documentSentiment": {
    "magnitude": 1.9,
    "score": 0.3
  },
  "language": "en",
  "categories": []
}
