{
  "sentences": [
    {
      "text": {
        "content": "This girl appeared in front of my house at Taman Bukit Indah, Ampang on the 31st of august around am.",
        "beginOffset": -1
      },
      "sentiment": {
        "magnitude": 0,
        "score": 0
      }
    },
    {
      "text": {
        "content": "Her owners are yet to claim her and I'm starting to think that they don't want her anymore and that she was dumped.",
        "beginOffset": -1
      },
      "sentiment": {
        "magnitude": 0.8,
        "score": -0.8
      }
    },
    {
      "text": {
        "content": "She is an old dog and has cataract in both eyes and is also slightly arthritic.",
        "beginOffset": -1
      },
      "sentiment": {
        "magnitude": 0,
        "score": 0
      }
    },
    {
      "text": {
        "content": "However, she has an amazing appetite and loves to eat.",
        "beginOffset": -1
      },
      "sentiment": {
        "magnitude": 0.9,
        "score": 0.9
      }
    },
    {
      "text": {
        "content": "She's also very well-behaved and quiet.",
        "beginOffset": -1
      },
      "sentiment": {
        "magnitude": 0.8,
        "score": 0.8
      }
    }
  ],
  "tokens": [],
  "entities": [
    {
      "name": "girl",
      "type": "PERSON",
      "metadata": {},
      "salience": 0.6075207,
      "mentions": [
        {
          "text": {
            "content": "girl",
            "beginOffset": -1
          },
          "type": "COMMON"
        }
      ]
    },
    {
      "name": "front",
      "type": "OTHER",
      "metadata": {},
      "salience": 0.108116835,
      "mentions": [
        {
          "text": {
            "content": "front",
            "beginOffset": -1
          },
          "type": "COMMON"
        }
      ]
    },
    {
      "name": "house",
      "type": "LOCATION",
      "metadata": {},
      "salience": 0.108116835,
      "mentions": [
        {
          "text": {
            "content": "house",
            "beginOffset": -1
          },
          "type": "COMMON"
        }
      ]
    },
    {
      "name": "owners",
      "type": "PERSON",
      "metadata": {},
      "salience": 0.046447434,
      "mentions": [
        {
          "text": {
            "content": "owners",
            "beginOffset": -1
          },
          "type": "COMMON"
        }
      ]
    },
    {
      "name": "31st",
      "type": "OTHER",
      "metadata": {},
      "salience": 0.04298746,
      "mentions": [
        {
          "text": {
            "content": "31st",
            "beginOffset": -1
          },
          "type": "COMMON"
        }
      ]
    },
    {
      "name": "Taman Bukit Indah",
      "type": "LOCATION",
      "metadata": {
        "mid": "/g/1q5bkxxng"
      },
      "salience": 0.025726475,
      "mentions": [
        {
          "text": {
            "content": "Taman Bukit Indah",
            "beginOffset": -1
          },
          "type": "PROPER"
        }
      ]
    },
    {
      "name": "Ampang",
      "type": "LOCATION",
      "metadata": {
        "mid": "/m/0kw581",
        "wikipedia_url": "https://en.wikipedia.org/wiki/Ampang,_Selangor"
      },
      "salience": 0.025726475,
      "mentions": [
        {
          "text": {
            "content": "Ampang",
            "beginOffset": -1
          },
          "type": "PROPER"
        }
      ]
    },
    {
      "name": "dog",
      "type": "OTHER",
      "metadata": {},
      "salience": 0.016754156,
      "mentions": [
        {
          "text": {
            "content": "dog",
            "beginOffset": -1
          },
          "type": "COMMON"
        }
      ]
    },
    {
      "name": "appetite",
      "type": "OTHER",
      "metadata": {},
      "salience": 0.009880266,
      "mentions": [
        {
          "text": {
            "content": "appetite",
            "beginOffset": -1
          },
          "type": "COMMON"
        }
      ]
    },
    {
      "name": "cataract",
      "type": "OTHER",
      "metadata": {},
      "salience": 0.0043616854,
      "mentions": [
        {
          "text": {
            "content": "cataract",
            "beginOffset": -1
          },
          "type": "COMMON"
        }
      ]
    },
    {
      "name": "eyes",
      "type": "OTHER",
      "metadata": {},
      "salience": 0.0043616854,
      "mentions": [
        {
          "text": {
            "content": "eyes",
            "beginOffset": -1
          },
          "type": "COMMON"
        }
      ]
    }
  ],
  "documentSentiment": {
    "magnitude": 2.8,
    "score": 0.2
  },
  "language": "en",
  "categories": []
}
