{
  "sentences": [
    {
      "text": {
        "content": "healthy and active , skinny and tall, as the mother (doberman) fully vaccinated , dewormed.",
        "beginOffset": -1
      },
      "sentiment": {
        "magnitude": 0.5,
        "score": 0.5
      }
    },
    {
      "text": {
        "content": "Authorities not allowed have more than 1 dog at home, they dont issue license .",
        "beginOffset": -1
      },
      "sentiment": {
        "magnitude": 0,
        "score": 0
      }
    }
  ],
  "tokens": [],
  "entities": [
    {
      "name": "doberman",
      "type": "PERSON",
      "metadata": {},
      "salience": 0.5567991,
      "mentions": [
        {
          "text": {
            "content": "mother",
            "beginOffset": -1
          },
          "type": "COMMON"
        },
        {
          "text": {
            "content": "doberman",
            "beginOffset": -1
          },
          "type": "COMMON"
        }
      ]
    },
    {
      "name": "Authorities",
      "type": "PERSON",
      "metadata": {},
      "salience": 0.30170953,
      "mentions": [
        {
          "text": {
            "content": "Authorities",
            "beginOffset": -1
          },
          "type": "COMMON"
        }
      ]
    },
    {
      "name": "home",
      "type": "LOCATION",
      "metadata": {},
      "salience": 0.06603831,
      "mentions": [
        {
          "text": {
            "content": "home",
            "beginOffset": -1
          },
          "type": "COMMON"
        }
      ]
    },
    {
      "name": "issue license",
      "type": "OTHER",
      "metadata": {},
      "salience": 0.04651154,
      "mentions": [
        {
          "text": {
            "content": "issue license",
            "beginOffset": -1
          },
          "type": "COMMON"
        }
      ]
    },
    {
      "name": "dog",
      "type": "OTHER",
      "metadata": {},
      "salience": 0.028941495,
      "mentions": [
        {
          "text": {
            "content": "dog",
            "beginOffset": -1
          },
          "type": "COMMON"
        }
      ]
    }
  ],
  "documentSentiment": {
    "magnitude": 0.6,
    "score": 0.3
  },
  "language": "en",
  "categories": []
}
