{
  "sentences": [
    {
      "text": {
        "content": "BREAD AND BUTTER ARE SIBLINGS AND THEY LOOK ALIKE.",
        "beginOffset": -1
      },
      "sentiment": {
        "magnitude": 0.7,
        "score": 0.7
      }
    },
    {
      "text": {
        "content": "BOTH HAVE LONG TAILS AND ARE ACTIVE.",
        "beginOffset": -1
      },
      "sentiment": {
        "magnitude": 0.2,
        "score": 0.2
      }
    },
    {
      "text": {
        "content": "THEY HAVE A HEALTHY APPETITE.",
        "beginOffset": -1
      },
      "sentiment": {
        "magnitude": 0.3,
        "score": 0.3
      }
    },
    {
      "text": {
        "content": "THEY HAVE NEVER BEEN OUTDOORS AND ARE LITTER TRAINED.",
        "beginOffset": -1
      },
      "sentiment": {
        "magnitude": 0,
        "score": 0
      }
    }
  ],
  "tokens": [],
  "entities": [
    {
      "name": "SIBLINGS",
      "type": "PERSON",
      "metadata": {},
      "salience": 0.40463147,
      "mentions": [
        {
          "text": {
            "content": "SIBLINGS",
            "beginOffset": -1
          },
          "type": "COMMON"
        }
      ]
    },
    {
      "name": "BUTTER",
      "type": "CONSUMER_GOOD",
      "metadata": {},
      "salience": 0.20905024,
      "mentions": [
        {
          "text": {
            "content": "BUTTER",
            "beginOffset": -1
          },
          "type": "COMMON"
        }
      ]
    },
    {
      "name": "BREAD",
      "type": "CONSUMER_GOOD",
      "metadata": {},
      "salience": 0.20474665,
      "mentions": [
        {
          "text": {
            "content": "BREAD",
            "beginOffset": -1
          },
          "type": "COMMON"
        }
      ]
    },
    {
      "name": "BOTH",
      "type": "PERSON",
      "metadata": {},
      "salience": 0.12834114,
      "mentions": [
        {
          "text": {
            "content": "BOTH",
            "beginOffset": -1
          },
          "type": "COMMON"
        }
      ]
    },
    {
      "name": "TAILS",
      "type": "OTHER",
      "metadata": {},
      "salience": 0.029622912,
      "mentions": [
        {
          "text": {
            "content": "TAILS",
            "beginOffset": -1
          },
          "type": "COMMON"
        }
      ]
    },
    {
      "name": "LITTER",
      "type": "OTHER",
      "metadata": {},
      "salience": 0.014542836,
      "mentions": [
        {
          "text": {
            "content": "LITTER",
            "beginOffset": -1
          },
          "type": "COMMON"
        }
      ]
    },
    {
      "name": "APPETITE",
      "type": "OTHER",
      "metadata": {},
      "salience": 0.0090647675,
      "mentions": [
        {
          "text": {
            "content": "APPETITE",
            "beginOffset": -1
          },
          "type": "COMMON"
        }
      ]
    }
  ],
  "documentSentiment": {
    "magnitude": 1.4,
    "score": 0.3
  },
  "language": "en",
  "categories": []
}
