{
  "sentences": [
    {
      "text": {
        "content": "CONTACT PERSON: SHIDA I have just been contacted by Shida in Taman Putra Sulaiman, Ampang (opposite Ampang Point) about this gorgeous boy.",
        "beginOffset": -1
      },
      "sentiment": {
        "magnitude": 0.4,
        "score": 0.4
      }
    },
    {
      "text": {
        "content": "I am posting this on her behalf.",
        "beginOffset": -1
      },
      "sentiment": {
        "magnitude": 0,
        "score": 0
      }
    },
    {
      "text": {
        "content": "Please contact Shida directly if you can help.",
        "beginOffset": -1
      },
      "sentiment": {
        "magnitude": 0,
        "score": 0
      }
    },
    {
      "text": {
        "content": "He is a German Shepherd cross, and apparently his owner abandoned him when they moved out about 3 months ago.",
        "beginOffset": -1
      },
      "sentiment": {
        "magnitude": 0.7,
        "score": -0.7
      }
    },
    {
      "text": {
        "content": "She has been feeding him together with another neighbour, but as they are in predominantly Muslim/Malay area, they are having alot of problems.",
        "beginOffset": -1
      },
      "sentiment": {
        "magnitude": 0.1,
        "score": -0.1
      }
    },
    {
      "text": {
        "content": "The other neighbours have already called MPAJ a couple of times, but thankfully they have failed to catch him...",
        "beginOffset": -1
      },
      "sentiment": {
        "magnitude": 0,
        "score": 0
      }
    },
    {
      "text": {
        "content": "We need someone to adopt/rescue this sweet dog before it's too late.",
        "beginOffset": -1
      },
      "sentiment": {
        "magnitude": 0,
        "score": 0
      }
    },
    {
      "text": {
        "content": "If you can help, please contact Shida immediately at",
        "beginOffset": -1
      },
      "sentiment": {
        "magnitude": 0.2,
        "score": 0.2
      }
    }
  ],
  "tokens": [],
  "entities": [
    {
      "name": "CONTACT PERSON",
      "type": "PERSON",
      "metadata": {},
      "salience": 0.30055675,
      "mentions": [
        {
          "text": {
            "content": "CONTACT PERSON",
            "beginOffset": -1
          },
          "type": "COMMON"
        }
      ]
    },
    {
      "name": "Shepherd",
      "type": "PERSON",
      "metadata": {},
      "salience": 0.09378519,
      "mentions": [
        {
          "text": {
            "content": "Shepherd",
            "beginOffset": -1
          },
          "type": "PROPER"
        }
      ]
    },
    {
      "name": "Shida",
      "type": "ORGANIZATION",
      "metadata": {},
      "salience": 0.08129267,
      "mentions": [
        {
          "text": {
            "content": "Shida",
            "beginOffset": -1
          },
          "type": "PROPER"
        }
      ]
    },
    {
      "name": "Ampang",
      "type": "LOCATION",
      "metadata": {
        "mid": "/m/0kw581",
        "wikipedia_url": "https://en.wikipedia.org/wiki/Ampang,_Selangor"
      },
      "salience": 0.07432547,
      "mentions": [
        {
          "text": {
            "content": "Ampang",
            "beginOffset": -1
          },
          "type": "PROPER"
        },
        {
          "text": {
            "content": "MPAJ",
            "beginOffset": -1
          },
          "type": "PROPER"
        }
      ]
    },
    {
      "name": "Taman Putra Sulaiman",
      "type": "PERSON",
      "metadata": {
        "mid": "/g/1th5925b"
      },
      "salience": 0.06548373,
      "mentions": [
        {
          "text": {
            "content": "Taman Putra Sulaiman",
            "beginOffset": -1
          },
          "type": "PROPER"
        }
      ]
    },
    {
      "name": "neighbours",
      "type": "PERSON",
      "metadata": {},
      "salience": 0.05995637,
      "mentions": [
        {
          "text": {
            "content": "neighbours",
            "beginOffset": -1
          },
          "type": "COMMON"
        }
      ]
    },
    {
      "name": "cross",
      "type": "OTHER",
      "metadata": {},
      "salience": 0.053050566,
      "mentions": [
        {
          "text": {
            "content": "cross",
            "beginOffset": -1
          },
          "type": "COMMON"
        }
      ]
    },
    {
      "name": "boy",
      "type": "PERSON",
      "metadata": {},
      "salience": 0.04224504,
      "mentions": [
        {
          "text": {
            "content": "boy",
            "beginOffset": -1
          },
          "type": "COMMON"
        }
      ]
    },
    {
      "name": "couple",
      "type": "PERSON",
      "metadata": {},
      "salience": 0.038991876,
      "mentions": [
        {
          "text": {
            "content": "couple",
            "beginOffset": -1
          },
          "type": "COMMON"
        }
      ]
    },
    {
      "name": "owner",
      "type": "PERSON",
      "metadata": {},
      "salience": 0.03512353,
      "mentions": [
        {
          "text": {
            "content": "owner",
            "beginOffset": -1
          },
          "type": "COMMON"
        }
      ]
    },
    {
      "name": "Ampang Point",
      "type": "OTHER",
      "metadata": {
        "mid": "/g/1216fs8d",
        "wikipedia_url": "https://ms.wikipedia.org/wiki/Ampang_Point"
      },
      "salience": 0.02510797,
      "mentions": [
        {
          "text": {
            "content": "Ampang Point",
            "beginOffset": -1
          },
          "type": "PROPER"
        }
      ]
    },
    {
      "name": "behalf",
      "type": "OTHER",
      "metadata": {},
      "salience": 0.020409305,
      "mentions": [
        {
          "text": {
            "content": "behalf",
            "beginOffset": -1
          },
          "type": "COMMON"
        }
      ]
    },
    {
      "name": "dog",
      "type": "OTHER",
      "metadata": {},
      "salience": 0.02039405,
      "mentions": [
        {
          "text": {
            "content": "dog",
            "beginOffset": -1
          },
          "type": "COMMON"
        }
      ]
    },
    {
      "name": "Shida",
      "type": "LOCATION",
      "metadata": {},
      "salience": 0.015933432,
      "mentions": [
        {
          "text": {
            "content": "Shida",
            "beginOffset": -1
          },
          "type": "PROPER"
        },
        {
          "text": {
            "content": "Shida",
            "beginOffset": -1
          },
          "type": "PROPER"
        }
      ]
    },
    {
      "name": "neighbour",
      "type": "PERSON",
      "metadata": {},
      "salience": 0.01441986,
      "mentions": [
        {
          "text": {
            "content": "neighbour",
            "beginOffset": -1
          },
          "type": "COMMON"
        }
      ]
    },
    {
      "name": "area",
      "type": "LOCATION",
      "metadata": {},
      "salience": 0.0126716755,
      "mentions": [
        {
          "text": {
            "content": "area",
            "beginOffset": -1
          },
          "type": "COMMON"
        }
      ]
    },
    {
      "name": "someone",
      "type": "PERSON",
      "metadata": {},
      "salience": 0.008112384,
      "mentions": [
        {
          "text": {
            "content": "someone",
            "beginOffset": -1
          },
          "type": "COMMON"
        }
      ]
    },
    {
      "name": "German",
      "type": "LOCATION",
      "metadata": {},
      "salience": 0.0080947485,
      "mentions": [
        {
          "text": {
            "content": "German",
            "beginOffset": -1
          },
          "type": "PROPER"
        }
      ]
    },
    {
      "name": "Malay",
      "type": "LOCATION",
      "metadata": {},
      "salience": 0.0074989987,
      "mentions": [
        {
          "text": {
            "content": "Malay",
            "beginOffset": -1
          },
          "type": "PROPER"
        }
      ]
    },
    {
      "name": "Muslim",
      "type": "OTHER",
      "metadata": {},
      "salience": 0.0074989987,
      "mentions": [
        {
          "text": {
            "content": "Muslim",
            "beginOffset": -1
          },
          "type": "PROPER"
        }
      ]
    },
    {
      "name": "alot",
      "type": "OTHER",
      "metadata": {},
      "salience": 0.004194392,
      "mentions": [
        {
          "text": {
            "content": "alot",
            "beginOffset": -1
          },
          "type": "COMMON"
        }
      ]
    },
    {
      "name": "problems",
      "type": "OTHER",
      "metadata": {},
      "salience": 0.004194392,
      "mentions": [
        {
          "text": {
            "content": "problems",
            "beginOffset": -1
          },
          "type": "COMMON"
        }
      ]
    },
    {
      "name": "times",
      "type": "OTHER",
      "metadata": {},
      "salience": 0.0041849967,
      "mentions": [
        {
          "text": {
            "content": "times",
            "beginOffset": -1
          },
          "type": "COMMON"
        }
      ]
    }
  ],
  "documentSentiment": {
    "magnitude": 1.7,
    "score": 0
  },
  "language": "en",
  "categories": []
}
