{
  "sentences": [
    {
      "text": {
        "content": "Rumi is an Italian Greyhound mix with exceptionally beautiful shades of cream and white.",
        "beginOffset": -1
      },
      "sentiment": {
        "magnitude": 0.9,
        "score": 0.9
      }
    },
    {
      "text": {
        "content": "Hard to specifically describe her colours.",
        "beginOffset": -1
      },
      "sentiment": {
        "magnitude": 0.4,
        "score": 0.4
      }
    },
    {
      "text": {
        "content": "Just exceptional.",
        "beginOffset": -1
      },
      "sentiment": {
        "magnitude": 0.9,
        "score": 0.9
      }
    },
    {
      "text": {
        "content": "Need a bit of coaxing but will eventually take to a new person.",
        "beginOffset": -1
      },
      "sentiment": {
        "magnitude": 0.2,
        "score": 0.2
      }
    },
    {
      "text": {
        "content": "If can give me her a loving home for the rest of her life, please contact Jocelyn at to set up a meeting with her fostered.",
        "beginOffset": -1
      },
      "sentiment": {
        "magnitude": 0.7,
        "score": 0.7
      }
    }
  ],
  "tokens": [],
  "entities": [
    {
      "name": "Rumi",
      "type": "PERSON",
      "metadata": {
        "mid": "/m/0461p",
        "wikipedia_url": "https://en.wikipedia.org/wiki/Rumi"
      },
      "salience": 0.3578139,
      "mentions": [
        {
          "text": {
            "content": "Rumi",
            "beginOffset": -1
          },
          "type": "PROPER"
        }
      ]
    },
    {
      "name": "mix",
      "type": "OTHER",
      "metadata": {},
      "salience": 0.18953906,
      "mentions": [
        {
          "text": {
            "content": "mix",
            "beginOffset": -1
          },
          "type": "COMMON"
        }
      ]
    },
    {
      "name": "Greyhound",
      "type": "OTHER",
      "metadata": {
        "mid": "/m/03d12",
        "wikipedia_url": "https://en.wikipedia.org/wiki/Greyhound"
      },
      "salience": 0.09272564,
      "mentions": [
        {
          "text": {
            "content": "Greyhound",
            "beginOffset": -1
          },
          "type": "PROPER"
        }
      ]
    },
    {
      "name": "Italian",
      "type": "LOCATION",
      "metadata": {},
      "salience": 0.09272564,
      "mentions": [
        {
          "text": {
            "content": "Italian",
            "beginOffset": -1
          },
          "type": "PROPER"
        }
      ]
    },
    {
      "name": "shades",
      "type": "OTHER",
      "metadata": {},
      "salience": 0.060432453,
      "mentions": [
        {
          "text": {
            "content": "shades",
            "beginOffset": -1
          },
          "type": "COMMON"
        }
      ]
    },
    {
      "name": "cream",
      "type": "CONSUMER_GOOD",
      "metadata": {},
      "salience": 0.060432453,
      "mentions": [
        {
          "text": {
            "content": "cream",
            "beginOffset": -1
          },
          "type": "COMMON"
        }
      ]
    },
    {
      "name": "Jocelyn",
      "type": "PERSON",
      "metadata": {},
      "salience": 0.032690514,
      "mentions": [
        {
          "text": {
            "content": "Jocelyn",
            "beginOffset": -1
          },
          "type": "PROPER"
        }
      ]
    },
    {
      "name": "colours",
      "type": "OTHER",
      "metadata": {},
      "salience": 0.023693847,
      "mentions": [
        {
          "text": {
            "content": "colours",
            "beginOffset": -1
          },
          "type": "COMMON"
        }
      ]
    },
    {
      "name": "coaxing",
      "type": "OTHER",
      "metadata": {},
      "salience": 0.020056836,
      "mentions": [
        {
          "text": {
            "content": "coaxing",
            "beginOffset": -1
          },
          "type": "COMMON"
        }
      ]
    },
    {
      "name": "person",
      "type": "PERSON",
      "metadata": {},
      "salience": 0.018416679,
      "mentions": [
        {
          "text": {
            "content": "person",
            "beginOffset": -1
          },
          "type": "COMMON"
        }
      ]
    },
    {
      "name": "bit",
      "type": "OTHER",
      "metadata": {},
      "salience": 0.017116984,
      "mentions": [
        {
          "text": {
            "content": "bit",
            "beginOffset": -1
          },
          "type": "COMMON"
        }
      ]
    },
    {
      "name": "life",
      "type": "OTHER",
      "metadata": {},
      "salience": 0.013869875,
      "mentions": [
        {
          "text": {
            "content": "life",
            "beginOffset": -1
          },
          "type": "COMMON"
        }
      ]
    },
    {
      "name": "meeting",
      "type": "EVENT",
      "metadata": {},
      "salience": 0.009725901,
      "mentions": [
        {
          "text": {
            "content": "meeting",
            "beginOffset": -1
          },
          "type": "COMMON"
        }
      ]
    },
    {
      "name": "rest",
      "type": "OTHER",
      "metadata": {},
      "salience": 0.00610257,
      "mentions": [
        {
          "text": {
            "content": "rest",
            "beginOffset": -1
          },
          "type": "COMMON"
        }
      ]
    },
    {
      "name": "home",
      "type": "LOCATION",
      "metadata": {},
      "salience": 0.004657647,
      "mentions": [
        {
          "text": {
            "content": "home",
            "beginOffset": -1
          },
          "type": "COMMON"
        }
      ]
    }
  ],
  "documentSentiment": {
    "magnitude": 3.2,
    "score": 0.6
  },
  "language": "en",
  "categories": []
}
