{
  "sentences": [
    {
      "text": {
        "content": "Kitten rescued from roadside.",
        "beginOffset": -1
      },
      "sentiment": {
        "magnitude": 0,
        "score": 0
      }
    },
    {
      "text": {
        "content": "Physically healthy.",
        "beginOffset": -1
      },
      "sentiment": {
        "magnitude": 0,
        "score": 0
      }
    },
    {
      "text": {
        "content": "The kitty is skinny and diarrhea when found.",
        "beginOffset": -1
      },
      "sentiment": {
        "magnitude": 0.6,
        "score": -0.6
      }
    }
  ],
  "tokens": [],
  "entities": [
    {
      "name": "Kitten",
      "type": "PERSON",
      "metadata": {},
      "salience": 0.5784556,
      "mentions": [
        {
          "text": {
            "content": "Kitten",
            "beginOffset": -1
          },
          "type": "COMMON"
        }
      ]
    },
    {
      "name": "roadside",
      "type": "OTHER",
      "metadata": {},
      "salience": 0.24786197,
      "mentions": [
        {
          "text": {
            "content": "roadside",
            "beginOffset": -1
          },
          "type": "COMMON"
        }
      ]
    },
    {
      "name": "kitty",
      "type": "OTHER",
      "metadata": {},
      "salience": 0.11087786,
      "mentions": [
        {
          "text": {
            "content": "kitty",
            "beginOffset": -1
          },
          "type": "COMMON"
        }
      ]
    },
    {
      "name": "diarrhea",
      "type": "OTHER",
      "metadata": {},
      "salience": 0.06280457,
      "mentions": [
        {
          "text": {
            "content": "diarrhea",
            "beginOffset": -1
          },
          "type": "COMMON"
        }
      ]
    }
  ],
  "documentSentiment": {
    "magnitude": 0.7,
    "score": -0.1
  },
  "language": "en",
  "categories": []
}
