{
  "sentences": [
    {
      "text": {
        "content": "I rescued her from street with her sibling.",
        "beginOffset": -1
      },
      "sentiment": {
        "magnitude": 0.1,
        "score": 0.1
      }
    },
    {
      "text": {
        "content": "They were 5, but 2 of them died hit by the car and one was sick.",
        "beginOffset": -1
      },
      "sentiment": {
        "magnitude": 0.2,
        "score": -0.2
      }
    },
    {
      "text": {
        "content": "please help her to get a good home.",
        "beginOffset": -1
      },
      "sentiment": {
        "magnitude": 0.3,
        "score": 0.3
      }
    }
  ],
  "tokens": [],
  "entities": [
    {
      "name": "street",
      "type": "LOCATION",
      "metadata": {},
      "salience": 0.59434235,
      "mentions": [
        {
          "text": {
            "content": "street",
            "beginOffset": -1
          },
          "type": "COMMON"
        }
      ]
    },
    {
      "name": "sibling",
      "type": "PERSON",
      "metadata": {},
      "salience": 0.24685618,
      "mentions": [
        {
          "text": {
            "content": "sibling",
            "beginOffset": -1
          },
          "type": "COMMON"
        }
      ]
    },
    {
      "name": "car",
      "type": "CONSUMER_GOOD",
      "metadata": {},
      "salience": 0.07735837,
      "mentions": [
        {
          "text": {
            "content": "car",
            "beginOffset": -1
          },
          "type": "COMMON"
        }
      ]
    },
    {
      "name": "home",
      "type": "LOCATION",
      "metadata": {},
      "salience": 0.052221946,
      "mentions": [
        {
          "text": {
            "content": "home",
            "beginOffset": -1
          },
          "type": "COMMON"
        }
      ]
    },
    {
      "name": "one",
      "type": "OTHER",
      "metadata": {},
      "salience": 0.029221175,
      "mentions": [
        {
          "text": {
            "content": "one",
            "beginOffset": -1
          },
          "type": "COMMON"
        }
      ]
    }
  ],
  "documentSentiment": {
    "magnitude": 0.7,
    "score": 0.1
  },
  "language": "en",
  "categories": []
}
