{
  "sentences": [
    {
      "text": {
        "content": "Purebreed Japanese Spitz active, playful, healthy Adoption fee Rm Anything you want to ask just call me at Mr Leo",
        "beginOffset": -1
      },
      "sentiment": {
        "magnitude": 0.7,
        "score": 0.7
      }
    }
  ],
  "tokens": [],
  "entities": [
    {
      "name": "Purebreed Japanese Spitz",
      "type": "PERSON",
      "metadata": {},
      "salience": 0.40703824,
      "mentions": [
        {
          "text": {
            "content": "Purebreed Japanese Spitz",
            "beginOffset": -1
          },
          "type": "PROPER"
        }
      ]
    },
    {
      "name": "Leo",
      "type": "PERSON",
      "metadata": {
        "mid": "/g/11f3m8bslq",
        "wikipedia_url": "https://en.wikipedia.org/wiki/Mr._Leo"
      },
      "salience": 0.20806007,
      "mentions": [
        {
          "text": {
            "content": "Leo",
            "beginOffset": -1
          },
          "type": "PROPER"
        },
        {
          "text": {
            "content": "Mr",
            "beginOffset": -1
          },
          "type": "COMMON"
        }
      ]
    },
    {
      "name": "Anything",
      "type": "CONSUMER_GOOD",
      "metadata": {},
      "salience": 0.19245084,
      "mentions": [
        {
          "text": {
            "content": "Anything",
            "beginOffset": -1
          },
          "type": "COMMON"
        }
      ]
    },
    {
      "name": "Adoption fee",
      "type": "OTHER",
      "metadata": {},
      "salience": 0.19245084,
      "mentions": [
        {
          "text": {
            "content": "Adoption fee",
            "beginOffset": -1
          },
          "type": "COMMON"
        }
      ]
    }
  ],
  "documentSentiment": {
    "magnitude": 0.7,
    "score": 0.7
  },
  "language": "en",
  "categories": []
}
