{
  "sentences": [
    {
      "text": {
        "content": "Name: Elsie Personality : Sweet, timid, slowly opens up but friendly.",
        "beginOffset": -1
      },
      "sentiment": {
        "magnitude": 0.8,
        "score": 0.8
      }
    },
    {
      "text": {
        "content": "Once she gets to know you, she will play non stop.",
        "beginOffset": -1
      },
      "sentiment": {
        "magnitude": 0.1,
        "score": 0.1
      }
    },
    {
      "text": {
        "content": "She is good with other dogs and cats too.",
        "beginOffset": -1
      },
      "sentiment": {
        "magnitude": 0.6,
        "score": 0.6
      }
    },
    {
      "text": {
        "content": "She is very cheerful and can get along well with anything.",
        "beginOffset": -1
      },
      "sentiment": {
        "magnitude": 0.6,
        "score": 0.6
      }
    },
    {
      "text": {
        "content": "Good guard dog and know basic commands.",
        "beginOffset": -1
      },
      "sentiment": {
        "magnitude": 0.8,
        "score": 0.8
      }
    },
    {
      "text": {
        "content": "History: About to PTS( Put to sleep) by the pound if not adopted.",
        "beginOffset": -1
      },
      "sentiment": {
        "magnitude": 0.1,
        "score": -0.1
      }
    },
    {
      "text": {
        "content": "Was with a male brown pup, which got fostered.",
        "beginOffset": -1
      },
      "sentiment": {
        "magnitude": 0,
        "score": 0
      }
    },
    {
      "text": {
        "content": "So I asked Stuart to pass me this pup for fostering period.",
        "beginOffset": -1
      },
      "sentiment": {
        "magnitude": 0,
        "score": 0
      }
    },
    {
      "text": {
        "content": "Vaccine : YES Dewormed: YES Spayed : Too young Eye color : Black brown Body : Full black Health : Healthy Cleanliness: Frontlined ( Spot On ) Bathed 2 times.",
        "beginOffset": -1
      },
      "sentiment": {
        "magnitude": 0,
        "score": 0
      }
    },
    {
      "text": {
        "content": "Diet:Pro Plan, Holistic Vegetarian diet, rice+soup , puppy food.",
        "beginOffset": -1
      },
      "sentiment": {
        "magnitude": 0.7,
        "score": 0.7
      }
    },
    {
      "text": {
        "content": "Adoption condition: 1) Tell me your experience on handling dog.",
        "beginOffset": -1
      },
      "sentiment": {
        "magnitude": 0,
        "score": 0
      }
    },
    {
      "text": {
        "content": "2) Love her unconditionally. 3) If cannot take care of it anymore due to some reason, please return it back.",
        "beginOffset": -1
      },
      "sentiment": {
        "magnitude": 0.2,
        "score": -0.2
      }
    },
    {
      "text": {
        "content": "But no such reason eg: She is already old.",
        "beginOffset": -1
      },
      "sentiment": {
        "magnitude": 0,
        "score": 0
      }
    },
    {
      "text": {
        "content": "Hard to care for it.",
        "beginOffset": -1
      },
      "sentiment": {
        "magnitude": 0.1,
        "score": -0.1
      }
    },
    {
      "text": {
        "content": "NO DUMPING!!",
        "beginOffset": -1
      },
      "sentiment": {
        "magnitude": 0.2,
        "score": -0.2
      }
    },
    {
      "text": {
        "content": "4)Give updates whenever you have time.Anyone who is interested please do PM or email me a msg.Thank you for viewing Elsie~ FOR SERIOUS ANIMAL LOVER.",
        "beginOffset": -1
      },
      "sentiment": {
        "magnitude": 0.1,
        "score": 0.1
      }
    },
    {
      "text": {
        "content": "THANKS!",
        "beginOffset": -1
      },
      "sentiment": {
        "magnitude": 0.2,
        "score": 0.2
      }
    },
    {
      "text": {
        "content": "After adopting Elsie, is up to you whether you want the starter pack.",
        "beginOffset": -1
      },
      "sentiment": {
        "magnitude": 0,
        "score": 0
      }
    }
  ],
  "tokens": [],
  "entities": [
    {
      "name": "Elsie Personality : Sweet",
      "type": "OTHER",
      "metadata": {},
      "salience": 0.2096699,
      "mentions": [
        {
          "text": {
            "content": "Elsie Personality : Sweet",
            "beginOffset": -1
          },
          "type": "PROPER"
        }
      ]
    },
    {
      "name": "Name",
      "type": "OTHER",
      "metadata": {},
      "salience": 0.1377361,
      "mentions": [
        {
          "text": {
            "content": "Name",
            "beginOffset": -1
          },
          "type": "COMMON"
        }
      ]
    },
    {
      "name": "Pro Plan",
      "type": "OTHER",
      "metadata": {},
      "salience": 0.100715965,
      "mentions": [
        {
          "text": {
            "content": "Pro Plan",
            "beginOffset": -1
          },
          "type": "PROPER"
        },
        {
          "text": {
            "content": "diet",
            "beginOffset": -1
          },
          "type": "COMMON"
        },
        {
          "text": {
            "content": "soup",
            "beginOffset": -1
          },
          "type": "COMMON"
        },
        {
          "text": {
            "content": "puppy food",
            "beginOffset": -1
          },
          "type": "COMMON"
        }
      ]
    },
    {
      "name": "stop",
      "type": "LOCATION",
      "metadata": {},
      "salience": 0.032979373,
      "mentions": [
        {
          "text": {
            "content": "stop",
            "beginOffset": -1
          },
          "type": "COMMON"
        }
      ]
    },
    {
      "name": "guard dog",
      "type": "OTHER",
      "metadata": {},
      "salience": 0.02869136,
      "mentions": [
        {
          "text": {
            "content": "guard dog",
            "beginOffset": -1
          },
          "type": "COMMON"
        }
      ]
    },
    {
      "name": "Anyone",
      "type": "PERSON",
      "metadata": {},
      "salience": 0.02714771,
      "mentions": [
        {
          "text": {
            "content": "Anyone",
            "beginOffset": -1
          },
          "type": "COMMON"
        }
      ]
    },
    {
      "name": "dogs",
      "type": "OTHER",
      "metadata": {},
      "salience": 0.0253725,
      "mentions": [
        {
          "text": {
            "content": "dogs",
            "beginOffset": -1
          },
          "type": "COMMON"
        }
      ]
    },
    {
      "name": "cats",
      "type": "OTHER",
      "metadata": {},
      "salience": 0.0253725,
      "mentions": [
        {
          "text": {
            "content": "cats",
            "beginOffset": -1
          },
          "type": "COMMON"
        }
      ]
    },
    {
      "name": "anything",
      "type": "OTHER",
      "metadata": {},
      "salience": 0.025283178,
      "mentions": [
        {
          "text": {
            "content": "anything",
            "beginOffset": -1
          },
          "type": "COMMON"
        }
      ]
    },
    {
      "name": "commands",
      "type": "OTHER",
      "metadata": {},
      "salience": 0.025214111,
      "mentions": [
        {
          "text": {
            "content": "commands",
            "beginOffset": -1
          },
          "type": "COMMON"
        }
      ]
    },
    {
      "name": "History",
      "type": "OTHER",
      "metadata": {},
      "salience": 0.025157819,
      "mentions": [
        {
          "text": {
            "content": "History",
            "beginOffset": -1
          },
          "type": "COMMON"
        }
      ]
    },
    {
      "name": "pup",
      "type": "OTHER",
      "metadata": {},
      "salience": 0.02073989,
      "mentions": [
        {
          "text": {
            "content": "pup",
            "beginOffset": -1
          },
          "type": "COMMON"
        }
      ]
    },
    {
      "name": "brown pup",
      "type": "PERSON",
      "metadata": {},
      "salience": 0.01929934,
      "mentions": [
        {
          "text": {
            "content": "brown pup",
            "beginOffset": -1
          },
          "type": "COMMON"
        }
      ]
    },
    {
      "name": "Diet",
      "type": "OTHER",
      "metadata": {},
      "salience": 0.017850757,
      "mentions": [
        {
          "text": {
            "content": "Diet",
            "beginOffset": -1
          },
          "type": "COMMON"
        }
      ]
    },
    {
      "name": "Vaccine",
      "type": "OTHER",
      "metadata": {},
      "salience": 0.017113248,
      "mentions": [
        {
          "text": {
            "content": "Vaccine",
            "beginOffset": -1
          },
          "type": "COMMON"
        }
      ]
    },
    {
      "name": "Eye color",
      "type": "OTHER",
      "metadata": {},
      "salience": 0.017113248,
      "mentions": [
        {
          "text": {
            "content": "Eye color",
            "beginOffset": -1
          },
          "type": "COMMON"
        }
      ]
    },
    {
      "name": "pound",
      "type": "OTHER",
      "metadata": {},
      "salience": 0.01698878,
      "mentions": [
        {
          "text": {
            "content": "pound",
            "beginOffset": -1
          },
          "type": "COMMON"
        }
      ]
    },
    {
      "name": "dog",
      "type": "OTHER",
      "metadata": {},
      "salience": 0.016563632,
      "mentions": [
        {
          "text": {
            "content": "dog",
            "beginOffset": -1
          },
          "type": "COMMON"
        }
      ]
    },
    {
      "name": "unconditionally.",
      "type": "OTHER",
      "metadata": {},
      "salience": 0.015978588,
      "mentions": [
        {
          "text": {
            "content": "unconditionally.",
            "beginOffset": -1
          },
          "type": "PROPER"
        }
      ]
    },
    {
      "name": "times",
      "type": "OTHER",
      "metadata": {},
      "salience": 0.015703691,
      "mentions": [
        {
          "text": {
            "content": "times",
            "beginOffset": -1
          },
          "type": "COMMON"
        }
      ]
    },
    {
      "name": "rice",
      "type": "OTHER",
      "metadata": {},
      "salience": 0.015683385,
      "mentions": [
        {
          "text": {
            "content": "rice",
            "beginOffset": -1
          },
          "type": "COMMON"
        }
      ]
    },
    {
      "name": "PTS",
      "type": "ORGANIZATION",
      "metadata": {},
      "salience": 0.014890115,
      "mentions": [
        {
          "text": {
            "content": "PTS",
            "beginOffset": -1
          },
          "type": "PROPER"
        }
      ]
    },
    {
      "name": "msg.",
      "type": "PERSON",
      "metadata": {},
      "salience": 0.013790682,
      "mentions": [
        {
          "text": {
            "content": "msg.",
            "beginOffset": -1
          },
          "type": "COMMON"
        }
      ]
    },
    {
      "name": "Adoption condition",
      "type": "OTHER",
      "metadata": {},
      "salience": 0.013352959,
      "mentions": [
        {
          "text": {
            "content": "Adoption condition",
            "beginOffset": -1
          },
          "type": "COMMON"
        }
      ]
    },
    {
      "name": "DUMPING",
      "type": "OTHER",
      "metadata": {},
      "salience": 0.0117639555,
      "mentions": [
        {
          "text": {
            "content": "DUMPING",
            "beginOffset": -1
          },
          "type": "COMMON"
        }
      ]
    },
    {
      "name": "experience",
      "type": "OTHER",
      "metadata": {},
      "salience": 0.0116646355,
      "mentions": [
        {
          "text": {
            "content": "experience",
            "beginOffset": -1
          },
          "type": "COMMON"
        }
      ]
    },
    {
      "name": "Stuart",
      "type": "PERSON",
      "metadata": {},
      "salience": 0.011048049,
      "mentions": [
        {
          "text": {
            "content": "Stuart",
            "beginOffset": -1
          },
          "type": "PROPER"
        }
      ]
    },
    {
      "name": "Spot On",
      "type": "ORGANIZATION",
      "metadata": {},
      "salience": 0.010122423,
      "mentions": [
        {
          "text": {
            "content": "Spot On",
            "beginOffset": -1
          },
          "type": "PROPER"
        }
      ]
    },
    {
      "name": "YES",
      "type": "ORGANIZATION",
      "metadata": {},
      "salience": 0.010122423,
      "mentions": [
        {
          "text": {
            "content": "YES",
            "beginOffset": -1
          },
          "type": "PROPER"
        }
      ]
    },
    {
      "name": "Black brown Body : Full black Health : Healthy Cleanliness: Frontlined",
      "type": "WORK_OF_ART",
      "metadata": {},
      "salience": 0.010122423,
      "mentions": [
        {
          "text": {
            "content": "Black brown Body : Full black Health : Healthy Cleanliness: Frontlined",
            "beginOffset": -1
          },
          "type": "PROPER"
        }
      ]
    },
    {
      "name": "Holistic Vegetarian",
      "type": "PERSON",
      "metadata": {},
      "salience": 0.009275628,
      "mentions": [
        {
          "text": {
            "content": "Holistic Vegetarian",
            "beginOffset": -1
          },
          "type": "PROPER"
        }
      ]
    },
    {
      "name": "updates",
      "type": "OTHER",
      "metadata": {},
      "salience": 0.008969061,
      "mentions": [
        {
          "text": {
            "content": "updates",
            "beginOffset": -1
          },
          "type": "COMMON"
        }
      ]
    },
    {
      "name": "starter pack",
      "type": "OTHER",
      "metadata": {},
      "salience": 0.008217344,
      "mentions": [
        {
          "text": {
            "content": "starter pack",
            "beginOffset": -1
          },
          "type": "COMMON"
        }
      ]
    },
    {
      "name": "Elsie~ FOR SERIOUS ANIMAL LOVER",
      "type": "PERSON",
      "metadata": {},
      "salience": 0.0065211235,
      "mentions": [
        {
          "text": {
            "content": "Elsie~ FOR SERIOUS ANIMAL LOVER",
            "beginOffset": -1
          },
          "type": "PROPER"
        }
      ]
    },
    {
      "name": "Elsie",
      "type": "PERSON",
      "metadata": {},
      "salience": 0.0060630743,
      "mentions": [
        {
          "text": {
            "content": "Elsie",
            "beginOffset": -1
          },
          "type": "PROPER"
        }
      ]
    },
    {
      "name": "care",
      "type": "OTHER",
      "metadata": {},
      "salience": 0.0059244675,
      "mentions": [
        {
          "text": {
            "content": "care",
            "beginOffset": -1
          },
          "type": "COMMON"
        }
      ]
    },
    {
      "name": "reason",
      "type": "OTHER",
      "metadata": {},
      "salience": 0.005891182,
      "mentions": [
        {
          "text": {
            "content": "reason",
            "beginOffset": -1
          },
          "type": "COMMON"
        }
      ]
    },
    {
      "name": "reason",
      "type": "OTHER",
      "metadata": {},
      "salience": 0.0058853826,
      "mentions": [
        {
          "text": {
            "content": "reason",
            "beginOffset": -1
          },
          "type": "COMMON"
        }
      ]
    }
  ],
  "documentSentiment": {
    "magnitude": 5.2,
    "score": 0.1
  },
  "language": "en",
  "categories": []
}
