{
  "sentences": [
    {
      "text": {
        "content": "Handsome, affectionate boy seeking a loving home.",
        "beginOffset": -1
      },
      "sentiment": {
        "magnitude": 0.9,
        "score": 0.9
      }
    }
  ],
  "tokens": [],
  "entities": [
    {
      "name": "boy",
      "type": "PERSON",
      "metadata": {},
      "salience": 0.57583255,
      "mentions": [
        {
          "text": {
            "content": "boy",
            "beginOffset": -1
          },
          "type": "COMMON"
        }
      ]
    },
    {
      "name": "home",
      "type": "LOCATION",
      "metadata": {},
      "salience": 0.42416745,
      "mentions": [
        {
          "text": {
            "content": "home",
            "beginOffset": -1
          },
          "type": "COMMON"
        }
      ]
    }
  ],
  "documentSentiment": {
    "magnitude": 0.9,
    "score": 0.9
  },
  "language": "en",
  "categories": []
}
