{
  "sentences": [
    {
      "text": {
        "content": "SHE IS A 7 WEEKS OLD FEMALE PUPPY.",
        "beginOffset": -1
      },
      "sentiment": {
        "magnitude": 0,
        "score": 0
      }
    },
    {
      "text": {
        "content": "WITHOUT SHELTER BORN IN THE BUSHES.",
        "beginOffset": -1
      },
      "sentiment": {
        "magnitude": 0,
        "score": 0
      }
    },
    {
      "text": {
        "content": "WILL BE SOAKED WHEN IT'S RAINING.",
        "beginOffset": -1
      },
      "sentiment": {
        "magnitude": 0.2,
        "score": -0.2
      }
    },
    {
      "text": {
        "content": "HOPE TO GET HER A GOOD HOME.",
        "beginOffset": -1
      },
      "sentiment": {
        "magnitude": 0.7,
        "score": 0.7
      }
    },
    {
      "text": {
        "content": "CUTE CUTE",
        "beginOffset": -1
      },
      "sentiment": {
        "magnitude": 0.9,
        "score": 0.9
      }
    }
  ],
  "tokens": [],
  "entities": [
    {
      "name": "PUPPY",
      "type": "OTHER",
      "metadata": {},
      "salience": 0.55000556,
      "mentions": [
        {
          "text": {
            "content": "PUPPY",
            "beginOffset": -1
          },
          "type": "COMMON"
        }
      ]
    },
    {
      "name": "BUSHES",
      "type": "OTHER",
      "metadata": {},
      "salience": 0.15090474,
      "mentions": [
        {
          "text": {
            "content": "BUSHES",
            "beginOffset": -1
          },
          "type": "COMMON"
        }
      ]
    },
    {
      "name": "HOME",
      "type": "OTHER",
      "metadata": {},
      "salience": 0.09344974,
      "mentions": [
        {
          "text": {
            "content": "HOME",
            "beginOffset": -1
          },
          "type": "COMMON"
        }
      ]
    },
    {
      "name": "SHELTER BORN",
      "type": "OTHER",
      "metadata": {},
      "salience": 0.08897598,
      "mentions": [
        {
          "text": {
            "content": "SHELTER BORN",
            "beginOffset": -1
          },
          "type": "PROPER"
        }
      ]
    },
    {
      "name": "HOPE",
      "type": "OTHER",
      "metadata": {},
      "salience": 0.06730448,
      "mentions": [
        {
          "text": {
            "content": "HOPE",
            "beginOffset": -1
          },
          "type": "COMMON"
        }
      ]
    },
    {
      "name": "CUTE CUTE",
      "type": "OTHER",
      "metadata": {},
      "salience": 0.049359508,
      "mentions": [
        {
          "text": {
            "content": "CUTE CUTE",
            "beginOffset": -1
          },
          "type": "PROPER"
        }
      ]
    }
  ],
  "documentSentiment": {
    "magnitude": 2.1,
    "score": 0.2
  },
  "language": "en",
  "categories": []
}
