{
  "sentences": [
    {
      "text": {
        "content": "Fifi actually found us, at our house doorstep one evening.",
        "beginOffset": -1
      },
      "sentiment": {
        "magnitude": 0.6,
        "score": 0.6
      }
    },
    {
      "text": {
        "content": "Since she was still small and fragile, we took her in temporarily, feed and bath her.",
        "beginOffset": -1
      },
      "sentiment": {
        "magnitude": 0.5,
        "score": -0.5
      }
    },
    {
      "text": {
        "content": "Fifi is an active kitten who loves to play around.",
        "beginOffset": -1
      },
      "sentiment": {
        "magnitude": 0.9,
        "score": 0.9
      }
    },
    {
      "text": {
        "content": "She has quite a long tail and she usually loves to play with her tail, assuming the tail has been bothering her.",
        "beginOffset": -1
      },
      "sentiment": {
        "magnitude": 0.7,
        "score": 0.7
      }
    },
    {
      "text": {
        "content": "She is able to eat solid food now and she is not the fussy type (as long she can eat).",
        "beginOffset": -1
      },
      "sentiment": {
        "magnitude": 0.7,
        "score": 0.7
      }
    },
    {
      "text": {
        "content": "However, since she is an active one, we prefer her future adopter could spend some quality time with her and play with her.",
        "beginOffset": -1
      },
      "sentiment": {
        "magnitude": 0.6,
        "score": 0.6
      }
    },
    {
      "text": {
        "content": "And, she needs space as she loves to run around (and knock few things off).",
        "beginOffset": -1
      },
      "sentiment": {
        "magnitude": 0.8,
        "score": 0.8
      }
    },
    {
      "text": {
        "content": "Still, she is fun to be with.",
        "beginOffset": -1
      },
      "sentiment": {
        "magnitude": 0.7,
        "score": 0.7
      }
    },
    {
      "text": {
        "content": "The reason of giving out as adoption: Actually it's my aunt's pet but her current place doesn't allow any pets in the house, therefore she needs to find someone who can take care of Fifi.",
        "beginOffset": -1
      },
      "sentiment": {
        "magnitude": 0.5,
        "score": -0.5
      }
    },
    {
      "text": {
        "content": "I also have my own pets (quite a number of it), so I can't afford to adopt another one.",
        "beginOffset": -1
      },
      "sentiment": {
        "magnitude": 0.3,
        "score": 0.3
      }
    },
    {
      "text": {
        "content": "Fifi has been vaccinated, and follow-up MUST BE DONE and she MUST BE SPAYED once she is 6 months old.",
        "beginOffset": -1
      },
      "sentiment": {
        "magnitude": 0,
        "score": 0
      }
    },
    {
      "text": {
        "content": "If anyone is interested, kindly SMS me to.",
        "beginOffset": -1
      },
      "sentiment": {
        "magnitude": 0,
        "score": 0
      }
    },
    {
      "text": {
        "content": "No calls pls.",
        "beginOffset": -1
      },
      "sentiment": {
        "magnitude": 0.6,
        "score": -0.6
      }
    }
  ],
  "tokens": [],
  "entities": [
    {
      "name": "Fifi",
      "type": "PERSON",
      "metadata": {},
      "salience": 0.90114313,
      "mentions": [
        {
          "text": {
            "content": "Fifi",
            "beginOffset": -1
          },
          "type": "PROPER"
        },
        {
          "text": {
            "content": "Fifi",
            "beginOffset": -1
          },
          "type": "PROPER"
        },
        {
          "text": {
            "content": "kitten",
            "beginOffset": -1
          },
          "type": "COMMON"
        },
        {
          "text": {
            "content": "Fifi",
            "beginOffset": -1
          },
          "type": "PROPER"
        },
        {
          "text": {
            "content": "Fifi",
            "beginOffset": -1
          },
          "type": "PROPER"
        }
      ]
    },
    {
      "name": "house doorstep",
      "type": "OTHER",
      "metadata": {},
      "salience": 0.024551172,
      "mentions": [
        {
          "text": {
            "content": "house doorstep",
            "beginOffset": -1
          },
          "type": "COMMON"
        }
      ]
    },
    {
      "name": "bath",
      "type": "OTHER",
      "metadata": {},
      "salience": 0.011931912,
      "mentions": [
        {
          "text": {
            "content": "bath",
            "beginOffset": -1
          },
          "type": "COMMON"
        }
      ]
    },
    {
      "name": "reason",
      "type": "OTHER",
      "metadata": {},
      "salience": 0.008893943,
      "mentions": [
        {
          "text": {
            "content": "reason",
            "beginOffset": -1
          },
          "type": "COMMON"
        },
        {
          "text": {
            "content": "pet",
            "beginOffset": -1
          },
          "type": "COMMON"
        }
      ]
    },
    {
      "name": "tail",
      "type": "OTHER",
      "metadata": {},
      "salience": 0.0059022033,
      "mentions": [
        {
          "text": {
            "content": "tail",
            "beginOffset": -1
          },
          "type": "COMMON"
        }
      ]
    },
    {
      "name": "tail",
      "type": "OTHER",
      "metadata": {},
      "salience": 0.0056201415,
      "mentions": [
        {
          "text": {
            "content": "tail",
            "beginOffset": -1
          },
          "type": "COMMON"
        }
      ]
    },
    {
      "name": "tail",
      "type": "OTHER",
      "metadata": {},
      "salience": 0.0056201415,
      "mentions": [
        {
          "text": {
            "content": "tail",
            "beginOffset": -1
          },
          "type": "COMMON"
        }
      ]
    },
    {
      "name": "someone",
      "type": "PERSON",
      "metadata": {},
      "salience": 0.005441286,
      "mentions": [
        {
          "text": {
            "content": "someone",
            "beginOffset": -1
          },
          "type": "COMMON"
        }
      ]
    },
    {
      "name": "type",
      "type": "OTHER",
      "metadata": {},
      "salience": 0.0038793494,
      "mentions": [
        {
          "text": {
            "content": "type",
            "beginOffset": -1
          },
          "type": "COMMON"
        }
      ]
    },
    {
      "name": "adoption",
      "type": "OTHER",
      "metadata": {},
      "salience": 0.0031859784,
      "mentions": [
        {
          "text": {
            "content": "adoption",
            "beginOffset": -1
          },
          "type": "COMMON"
        }
      ]
    },
    {
      "name": "food",
      "type": "OTHER",
      "metadata": {},
      "salience": 0.0030350015,
      "mentions": [
        {
          "text": {
            "content": "food",
            "beginOffset": -1
          },
          "type": "COMMON"
        }
      ]
    },
    {
      "name": "things",
      "type": "OTHER",
      "metadata": {},
      "salience": 0.0027396749,
      "mentions": [
        {
          "text": {
            "content": "things",
            "beginOffset": -1
          },
          "type": "COMMON"
        }
      ]
    },
    {
      "name": "space",
      "type": "LOCATION",
      "metadata": {},
      "salience": 0.0026083237,
      "mentions": [
        {
          "text": {
            "content": "space",
            "beginOffset": -1
          },
          "type": "COMMON"
        }
      ]
    },
    {
      "name": "pets",
      "type": "OTHER",
      "metadata": {},
      "salience": 0.002369557,
      "mentions": [
        {
          "text": {
            "content": "pets",
            "beginOffset": -1
          },
          "type": "COMMON"
        }
      ]
    },
    {
      "name": "number",
      "type": "OTHER",
      "metadata": {},
      "salience": 0.0021073762,
      "mentions": [
        {
          "text": {
            "content": "number",
            "beginOffset": -1
          },
          "type": "COMMON"
        }
      ]
    },
    {
      "name": "place",
      "type": "OTHER",
      "metadata": {},
      "salience": 0.0018207193,
      "mentions": [
        {
          "text": {
            "content": "place",
            "beginOffset": -1
          },
          "type": "COMMON"
        }
      ]
    },
    {
      "name": "follow-up",
      "type": "OTHER",
      "metadata": {},
      "salience": 0.0018162329,
      "mentions": [
        {
          "text": {
            "content": "follow-up",
            "beginOffset": -1
          },
          "type": "COMMON"
        }
      ]
    },
    {
      "name": "anyone",
      "type": "PERSON",
      "metadata": {},
      "salience": 0.0017702236,
      "mentions": [
        {
          "text": {
            "content": "anyone",
            "beginOffset": -1
          },
          "type": "COMMON"
        }
      ]
    },
    {
      "name": "calls",
      "type": "OTHER",
      "metadata": {},
      "salience": 0.0014705985,
      "mentions": [
        {
          "text": {
            "content": "calls",
            "beginOffset": -1
          },
          "type": "COMMON"
        }
      ]
    },
    {
      "name": "care",
      "type": "OTHER",
      "metadata": {},
      "salience": 0.0010597686,
      "mentions": [
        {
          "text": {
            "content": "care",
            "beginOffset": -1
          },
          "type": "COMMON"
        }
      ]
    },
    {
      "name": "pets",
      "type": "OTHER",
      "metadata": {},
      "salience": 0.0010538145,
      "mentions": [
        {
          "text": {
            "content": "pets",
            "beginOffset": -1
          },
          "type": "COMMON"
        }
      ]
    },
    {
      "name": "house",
      "type": "LOCATION",
      "metadata": {},
      "salience": 0.0010538145,
      "mentions": [
        {
          "text": {
            "content": "house",
            "beginOffset": -1
          },
          "type": "COMMON"
        }
      ]
    },
    {
      "name": "aunt",
      "type": "PERSON",
      "metadata": {},
      "salience": 0.00092560775,
      "mentions": [
        {
          "text": {
            "content": "aunt",
            "beginOffset": -1
          },
          "type": "COMMON"
        }
      ]
    }
  ],
  "documentSentiment": {
    "magnitude": 7.7,
    "score": 0.3
  },
  "language": "en",
  "categories": []
}
