{
  "sentences": [
    {
      "text": {
        "content": "i adopted 4 of them from a JB owner.",
        "beginOffset": -1
      },
      "sentiment": {
        "magnitude": 0,
        "score": 0
      }
    },
    {
      "text": {
        "content": "They arrived my house in this afternoon send by a pet house transporter.",
        "beginOffset": -1
      },
      "sentiment": {
        "magnitude": 0.2,
        "score": 0.2
      }
    },
    {
      "text": {
        "content": "i am force to put them out of adoption because my neighbor complaint about my dogs barking loud always and disturbing their newborn baby to sleep.",
        "beginOffset": -1
      },
      "sentiment": {
        "magnitude": 0.7,
        "score": -0.7
      }
    },
    {
      "text": {
        "content": "Must adopt 4 of them at the same time.",
        "beginOffset": -1
      },
      "sentiment": {
        "magnitude": 0.3,
        "score": 0.3
      }
    },
    {
      "text": {
        "content": "They can't be separated as they grew up together.",
        "beginOffset": -1
      },
      "sentiment": {
        "magnitude": 0,
        "score": 0
      }
    },
    {
      "text": {
        "content": "RM adoption fees for 4dogs is transport charges from JB to KL.",
        "beginOffset": -1
      },
      "sentiment": {
        "magnitude": 0,
        "score": 0
      }
    }
  ],
  "tokens": [],
  "entities": [
    {
      "name": "force",
      "type": "OTHER",
      "metadata": {},
      "salience": 0.5719492,
      "mentions": [
        {
          "text": {
            "content": "force",
            "beginOffset": -1
          },
          "type": "COMMON"
        }
      ]
    },
    {
      "name": "owner",
      "type": "PERSON",
      "metadata": {},
      "salience": 0.12891372,
      "mentions": [
        {
          "text": {
            "content": "owner",
            "beginOffset": -1
          },
          "type": "COMMON"
        }
      ]
    },
    {
      "name": "JB",
      "type": "PERSON",
      "metadata": {},
      "salience": 0.11573602,
      "mentions": [
        {
          "text": {
            "content": "JB",
            "beginOffset": -1
          },
          "type": "PROPER"
        },
        {
          "text": {
            "content": "JB",
            "beginOffset": -1
          },
          "type": "PROPER"
        }
      ]
    },
    {
      "name": "transport charges",
      "type": "OTHER",
      "metadata": {},
      "salience": 0.04635356,
      "mentions": [
        {
          "text": {
            "content": "adoption fees",
            "beginOffset": -1
          },
          "type": "COMMON"
        },
        {
          "text": {
            "content": "transport charges",
            "beginOffset": -1
          },
          "type": "COMMON"
        }
      ]
    },
    {
      "name": "house",
      "type": "LOCATION",
      "metadata": {},
      "salience": 0.027970206,
      "mentions": [
        {
          "text": {
            "content": "house",
            "beginOffset": -1
          },
          "type": "COMMON"
        }
      ]
    },
    {
      "name": "adoption",
      "type": "OTHER",
      "metadata": {},
      "salience": 0.019079579,
      "mentions": [
        {
          "text": {
            "content": "adoption",
            "beginOffset": -1
          },
          "type": "COMMON"
        }
      ]
    },
    {
      "name": "pet house transporter",
      "type": "PERSON",
      "metadata": {},
      "salience": 0.01894163,
      "mentions": [
        {
          "text": {
            "content": "pet house transporter",
            "beginOffset": -1
          },
          "type": "COMMON"
        }
      ]
    },
    {
      "name": "baby",
      "type": "PERSON",
      "metadata": {},
      "salience": 0.01783134,
      "mentions": [
        {
          "text": {
            "content": "baby",
            "beginOffset": -1
          },
          "type": "COMMON"
        }
      ]
    },
    {
      "name": "neighbor complaint",
      "type": "OTHER",
      "metadata": {},
      "salience": 0.016774848,
      "mentions": [
        {
          "text": {
            "content": "neighbor complaint",
            "beginOffset": -1
          },
          "type": "COMMON"
        }
      ]
    },
    {
      "name": "dogs",
      "type": "OTHER",
      "metadata": {},
      "salience": 0.016774848,
      "mentions": [
        {
          "text": {
            "content": "dogs",
            "beginOffset": -1
          },
          "type": "COMMON"
        }
      ]
    },
    {
      "name": "4dogs",
      "type": "OTHER",
      "metadata": {},
      "salience": 0.008075164,
      "mentions": [
        {
          "text": {
            "content": "4dogs",
            "beginOffset": -1
          },
          "type": "COMMON"
        }
      ]
    },
    {
      "name": "RM",
      "type": "LOCATION",
      "metadata": {},
      "salience": 0.0068222415,
      "mentions": [
        {
          "text": {
            "content": "RM",
            "beginOffset": -1
          },
          "type": "PROPER"
        }
      ]
    },
    {
      "name": "KL",
      "type": "LOCATION",
      "metadata": {},
      "salience": 0.0047776634,
      "mentions": [
        {
          "text": {
            "content": "KL",
            "beginOffset": -1
          },
          "type": "PROPER"
        }
      ]
    }
  ],
  "documentSentiment": {
    "magnitude": 1.3,
    "score": 0
  },
  "language": "en",
  "categories": []
}
