{
  "sentences": [
    {
      "text": {
        "content": "milo was found infront of my house last 3weeks, he is crying seems to be very2 hungry and try to climb of the gate into my house....i foster him for this time being but unable to keep him as i already have a fews cat in the house.....and now he is very2 healthy, happy and MANJA.....so those who interest to adopt him please do not caged or chain him out just let him free inside of the house...",
        "beginOffset": -1
      },
      "sentiment": {
        "magnitude": 0.7,
        "score": 0.7
      }
    },
    {
      "text": {
        "content": "***Looking for someone who really love, adore cats and really has time to share your love with him*** Interested Please Call: (Emy)",
        "beginOffset": -1
      },
      "sentiment": {
        "magnitude": 0.9,
        "score": 0.9
      }
    }
  ],
  "tokens": [],
  "entities": [
    {
      "name": "milo",
      "type": "PERSON",
      "metadata": {},
      "salience": 0.53147805,
      "mentions": [
        {
          "text": {
            "content": "milo",
            "beginOffset": -1
          },
          "type": "COMMON"
        }
      ]
    },
    {
      "name": "house",
      "type": "LOCATION",
      "metadata": {},
      "salience": 0.12608123,
      "mentions": [
        {
          "text": {
            "content": "house",
            "beginOffset": -1
          },
          "type": "COMMON"
        }
      ]
    },
    {
      "name": "infront",
      "type": "OTHER",
      "metadata": {},
      "salience": 0.09587008,
      "mentions": [
        {
          "text": {
            "content": "infront",
            "beginOffset": -1
          },
          "type": "COMMON"
        }
      ]
    },
    {
      "name": "house",
      "type": "LOCATION",
      "metadata": {},
      "salience": 0.05001175,
      "mentions": [
        {
          "text": {
            "content": "house",
            "beginOffset": -1
          },
          "type": "COMMON"
        }
      ]
    },
    {
      "name": "someone",
      "type": "PERSON",
      "metadata": {},
      "salience": 0.045403972,
      "mentions": [
        {
          "text": {
            "content": "someone",
            "beginOffset": -1
          },
          "type": "COMMON"
        }
      ]
    },
    {
      "name": "gate",
      "type": "OTHER",
      "metadata": {},
      "salience": 0.03758097,
      "mentions": [
        {
          "text": {
            "content": "gate",
            "beginOffset": -1
          },
          "type": "COMMON"
        }
      ]
    },
    {
      "name": "house",
      "type": "LOCATION",
      "metadata": {},
      "salience": 0.034467515,
      "mentions": [
        {
          "text": {
            "content": "house",
            "beginOffset": -1
          },
          "type": "COMMON"
        }
      ]
    },
    {
      "name": "cat",
      "type": "OTHER",
      "metadata": {},
      "salience": 0.025526829,
      "mentions": [
        {
          "text": {
            "content": "cat",
            "beginOffset": -1
          },
          "type": "COMMON"
        }
      ]
    },
    {
      "name": "MANJA",
      "type": "OTHER",
      "metadata": {},
      "salience": 0.023734244,
      "mentions": [
        {
          "text": {
            "content": "MANJA",
            "beginOffset": -1
          },
          "type": "COMMON"
        }
      ]
    },
    {
      "name": "house",
      "type": "LOCATION",
      "metadata": {},
      "salience": 0.010588441,
      "mentions": [
        {
          "text": {
            "content": "house",
            "beginOffset": -1
          },
          "type": "COMMON"
        }
      ]
    },
    {
      "name": "cats",
      "type": "OTHER",
      "metadata": {},
      "salience": 0.008649357,
      "mentions": [
        {
          "text": {
            "content": "cats",
            "beginOffset": -1
          },
          "type": "COMMON"
        }
      ]
    },
    {
      "name": "love",
      "type": "OTHER",
      "metadata": {},
      "salience": 0.0070221084,
      "mentions": [
        {
          "text": {
            "content": "love",
            "beginOffset": -1
          },
          "type": "COMMON"
        }
      ]
    },
    {
      "name": "Emy",
      "type": "ORGANIZATION",
      "metadata": {
        "mid": "/m/0n_dzx_",
        "wikipedia_url": "https://en.wikipedia.org/wiki/Hellenic_National_Meteorological_Service"
      },
      "salience": 0.0035854715,
      "mentions": [
        {
          "text": {
            "content": "Emy",
            "beginOffset": -1
          },
          "type": "PROPER"
        }
      ]
    }
  ],
  "documentSentiment": {
    "magnitude": 1.6,
    "score": 0.8
  },
  "language": "en",
  "categories": []
}
