{
  "sentences": [
    {
      "text": {
        "content": "4 black pup avilable for adoption - 3 males and 1 females.",
        "beginOffset": -1
      },
      "sentiment": {
        "magnitude": 0.3,
        "score": -0.3
      }
    },
    {
      "text": {
        "content": "We also have another two female black puppies that look similar from another litter, also available for adoption.",
        "beginOffset": -1
      },
      "sentiment": {
        "magnitude": 0.1,
        "score": 0.1
      }
    },
    {
      "text": {
        "content": "If interested, please contact Jocelyn at.",
        "beginOffset": -1
      },
      "sentiment": {
        "magnitude": 0.2,
        "score": -0.2
      }
    },
    {
      "text": {
        "content": "Thank you.",
        "beginOffset": -1
      },
      "sentiment": {
        "magnitude": 0,
        "score": 0
      }
    }
  ],
  "tokens": [],
  "entities": [
    {
      "name": "pup",
      "type": "OTHER",
      "metadata": {},
      "salience": 0.41308063,
      "mentions": [
        {
          "text": {
            "content": "pup",
            "beginOffset": -1
          },
          "type": "COMMON"
        }
      ]
    },
    {
      "name": "males",
      "type": "PERSON",
      "metadata": {},
      "salience": 0.17303352,
      "mentions": [
        {
          "text": {
            "content": "males",
            "beginOffset": -1
          },
          "type": "COMMON"
        }
      ]
    },
    {
      "name": "females",
      "type": "PERSON",
      "metadata": {},
      "salience": 0.17303352,
      "mentions": [
        {
          "text": {
            "content": "females",
            "beginOffset": -1
          },
          "type": "COMMON"
        }
      ]
    },
    {
      "name": "puppies",
      "type": "OTHER",
      "metadata": {},
      "salience": 0.1412822,
      "mentions": [
        {
          "text": {
            "content": "puppies",
            "beginOffset": -1
          },
          "type": "COMMON"
        }
      ]
    },
    {
      "name": "litter",
      "type": "OTHER",
      "metadata": {},
      "salience": 0.054450765,
      "mentions": [
        {
          "text": {
            "content": "litter",
            "beginOffset": -1
          },
          "type": "COMMON"
        }
      ]
    },
    {
      "name": "Jocelyn",
      "type": "PERSON",
      "metadata": {},
      "salience": 0.024389949,
      "mentions": [
        {
          "text": {
            "content": "Jocelyn",
            "beginOffset": -1
          },
          "type": "PROPER"
        }
      ]
    },
    {
      "name": "adoption",
      "type": "OTHER",
      "metadata": {},
      "salience": 0.020729415,
      "mentions": [
        {
          "text": {
            "content": "adoption",
            "beginOffset": -1
          },
          "type": "COMMON"
        }
      ]
    }
  ],
  "documentSentiment": {
    "magnitude": 0.6,
    "score": -0.1
  },
  "language": "en",
  "categories": []
}
