{
  "sentences": [
    {
      "text": {
        "content": "She got skin problem.",
        "beginOffset": -1
      },
      "sentiment": {
        "magnitude": 0.2,
        "score": -0.2
      }
    },
    {
      "text": {
        "content": "Although we got feed her, she still very thin.",
        "beginOffset": -1
      },
      "sentiment": {
        "magnitude": 0,
        "score": 0
      }
    },
    {
      "text": {
        "content": "Will bring her to vet soon.",
        "beginOffset": -1
      },
      "sentiment": {
        "magnitude": 0,
        "score": 0
      }
    }
  ],
  "tokens": [],
  "entities": [
    {
      "name": "skin problem",
      "type": "OTHER",
      "metadata": {},
      "salience": 1,
      "mentions": [
        {
          "text": {
            "content": "skin problem",
            "beginOffset": -1
          },
          "type": "COMMON"
        }
      ]
    }
  ],
  "documentSentiment": {
    "magnitude": 0.3,
    "score": -0.1
  },
  "language": "en",
  "categories": []
}
