{
  "sentences": [
    {
      "text": {
        "content": "He's smart, tidy, he barks already, he was saved from being abandoned at a temple, and now, he is in NEED of a new HOME!",
        "beginOffset": -1
      },
      "sentiment": {
        "magnitude": 0.1,
        "score": 0.1
      }
    },
    {
      "text": {
        "content": "Please help him!",
        "beginOffset": -1
      },
      "sentiment": {
        "magnitude": 0,
        "score": 0
      }
    },
    {
      "text": {
        "content": "If not he'll be in the pound, on Thursday morning.",
        "beginOffset": -1
      },
      "sentiment": {
        "magnitude": 0,
        "score": 0
      }
    },
    {
      "text": {
        "content": "Thank you!",
        "beginOffset": -1
      },
      "sentiment": {
        "magnitude": 0.1,
        "score": 0.1
      }
    }
  ],
  "tokens": [],
  "entities": [
    {
      "name": "NEED",
      "type": "OTHER",
      "metadata": {},
      "salience": 0.30788466,
      "mentions": [
        {
          "text": {
            "content": "NEED",
            "beginOffset": -1
          },
          "type": "COMMON"
        }
      ]
    },
    {
      "name": "temple",
      "type": "LOCATION",
      "metadata": {},
      "salience": 0.3042714,
      "mentions": [
        {
          "text": {
            "content": "temple",
            "beginOffset": -1
          },
          "type": "COMMON"
        }
      ]
    },
    {
      "name": "HOME",
      "type": "LOCATION",
      "metadata": {},
      "salience": 0.28342992,
      "mentions": [
        {
          "text": {
            "content": "HOME",
            "beginOffset": -1
          },
          "type": "COMMON"
        }
      ]
    },
    {
      "name": "pound",
      "type": "OTHER",
      "metadata": {},
      "salience": 0.10441402,
      "mentions": [
        {
          "text": {
            "content": "pound",
            "beginOffset": -1
          },
          "type": "COMMON"
        }
      ]
    }
  ],
  "documentSentiment": {
    "magnitude": 0.3,
    "score": 0
  },
  "language": "en",
  "categories": []
}
