{
  "sentences": [
    {
      "text": {
        "content": "2 puppies were found in a box outside of 7 Eleven in Kuchai Lama.",
        "beginOffset": -1
      },
      "sentiment": {
        "magnitude": 0.4,
        "score": -0.4
      }
    },
    {
      "text": {
        "content": "After some contacts, finally place them in a temporary shelter until people come forward to adopt them.",
        "beginOffset": -1
      },
      "sentiment": {
        "magnitude": 0,
        "score": 0
      }
    },
    {
      "text": {
        "content": "Anyone interested, kindly contact me at.",
        "beginOffset": -1
      },
      "sentiment": {
        "magnitude": 0.3,
        "score": 0.3
      }
    },
    {
      "text": {
        "content": "Adoption fee of RM is payable to the shelter which include neutering cost of RM (excluding boarding, blood test, medication) and contribution/donation of RM 50 (for upkeep of dogs in shelter and very much appreciated).",
        "beginOffset": -1
      },
      "sentiment": {
        "magnitude": 0.5,
        "score": 0.5
      }
    },
    {
      "text": {
        "content": "Price is negotiable with the person-in-charge.",
        "beginOffset": -1
      },
      "sentiment": {
        "magnitude": 0,
        "score": 0
      }
    }
  ],
  "tokens": [],
  "entities": [
    {
      "name": "shelter",
      "type": "LOCATION",
      "metadata": {},
      "salience": 0.25625664,
      "mentions": [
        {
          "text": {
            "content": "shelter",
            "beginOffset": -1
          },
          "type": "COMMON"
        },
        {
          "text": {
            "content": "shelter",
            "beginOffset": -1
          },
          "type": "COMMON"
        }
      ]
    },
    {
      "name": "box",
      "type": "OTHER",
      "metadata": {},
      "salience": 0.16638619,
      "mentions": [
        {
          "text": {
            "content": "box",
            "beginOffset": -1
          },
          "type": "COMMON"
        }
      ]
    },
    {
      "name": "puppies",
      "type": "OTHER",
      "metadata": {},
      "salience": 0.16638619,
      "mentions": [
        {
          "text": {
            "content": "puppies",
            "beginOffset": -1
          },
          "type": "COMMON"
        }
      ]
    },
    {
      "name": "7 Eleven",
      "type": "ORGANIZATION",
      "metadata": {
        "mid": "/m/0crk6",
        "wikipedia_url": "https://en.wikipedia.org/wiki/7-Eleven"
      },
      "salience": 0.10075571,
      "mentions": [
        {
          "text": {
            "content": "7 Eleven",
            "beginOffset": -1
          },
          "type": "PROPER"
        }
      ]
    },
    {
      "name": "Kuchai Lama",
      "type": "LOCATION",
      "metadata": {
        "mid": "/m/0d_d00",
        "wikipedia_url": "https://en.wikipedia.org/wiki/Kuchai_Lama"
      },
      "salience": 0.038954504,
      "mentions": [
        {
          "text": {
            "content": "Kuchai Lama",
            "beginOffset": -1
          },
          "type": "PROPER"
        }
      ]
    },
    {
      "name": "contacts",
      "type": "OTHER",
      "metadata": {},
      "salience": 0.0360335,
      "mentions": [
        {
          "text": {
            "content": "contacts",
            "beginOffset": -1
          },
          "type": "COMMON"
        }
      ]
    },
    {
      "name": "people",
      "type": "PERSON",
      "metadata": {},
      "salience": 0.02805913,
      "mentions": [
        {
          "text": {
            "content": "people",
            "beginOffset": -1
          },
          "type": "COMMON"
        }
      ]
    },
    {
      "name": "Adoption fee",
      "type": "OTHER",
      "metadata": {},
      "salience": 0.025859218,
      "mentions": [
        {
          "text": {
            "content": "Adoption fee",
            "beginOffset": -1
          },
          "type": "COMMON"
        }
      ]
    },
    {
      "name": "Anyone",
      "type": "PERSON",
      "metadata": {},
      "salience": 0.021343792,
      "mentions": [
        {
          "text": {
            "content": "Anyone",
            "beginOffset": -1
          },
          "type": "COMMON"
        }
      ]
    },
    {
      "name": "boarding",
      "type": "EVENT",
      "metadata": {},
      "salience": 0.019764384,
      "mentions": [
        {
          "text": {
            "content": "boarding",
            "beginOffset": -1
          },
          "type": "COMMON"
        }
      ]
    },
    {
      "name": "cost",
      "type": "OTHER",
      "metadata": {},
      "salience": 0.019764384,
      "mentions": [
        {
          "text": {
            "content": "cost",
            "beginOffset": -1
          },
          "type": "COMMON"
        }
      ]
    },
    {
      "name": "shelter",
      "type": "LOCATION",
      "metadata": {},
      "salience": 0.018596685,
      "mentions": [
        {
          "text": {
            "content": "shelter",
            "beginOffset": -1
          },
          "type": "COMMON"
        }
      ]
    },
    {
      "name": "RM",
      "type": "LOCATION",
      "metadata": {
        "mid": "/m/0zb47p8",
        "wikipedia_url": "https://en.wikipedia.org/wiki/RM_(rapper)"
      },
      "salience": 0.017102439,
      "mentions": [
        {
          "text": {
            "content": "RM",
            "beginOffset": -1
          },
          "type": "PROPER"
        },
        {
          "text": {
            "content": "RM",
            "beginOffset": -1
          },
          "type": "PROPER"
        }
      ]
    },
    {
      "name": "upkeep",
      "type": "OTHER",
      "metadata": {},
      "salience": 0.014914331,
      "mentions": [
        {
          "text": {
            "content": "upkeep",
            "beginOffset": -1
          },
          "type": "COMMON"
        }
      ]
    },
    {
      "name": "dogs",
      "type": "OTHER",
      "metadata": {},
      "salience": 0.014914331,
      "mentions": [
        {
          "text": {
            "content": "dogs",
            "beginOffset": -1
          },
          "type": "COMMON"
        }
      ]
    },
    {
      "name": "Price",
      "type": "OTHER",
      "metadata": {},
      "salience": 0.012528223,
      "mentions": [
        {
          "text": {
            "content": "Price",
            "beginOffset": -1
          },
          "type": "COMMON"
        }
      ]
    },
    {
      "name": "person-in-charge",
      "type": "PERSON",
      "metadata": {},
      "salience": 0.010422572,
      "mentions": [
        {
          "text": {
            "content": "person-in-charge",
            "beginOffset": -1
          },
          "type": "COMMON"
        }
      ]
    },
    {
      "name": "contribution",
      "type": "OTHER",
      "metadata": {},
      "salience": 0.0074600605,
      "mentions": [
        {
          "text": {
            "content": "contribution",
            "beginOffset": -1
          },
          "type": "COMMON"
        }
      ]
    },
    {
      "name": "blood test",
      "type": "OTHER",
      "metadata": {},
      "salience": 0.006553716,
      "mentions": [
        {
          "text": {
            "content": "blood test",
            "beginOffset": -1
          },
          "type": "COMMON"
        }
      ]
    },
    {
      "name": "medication",
      "type": "CONSUMER_GOOD",
      "metadata": {},
      "salience": 0.006553716,
      "mentions": [
        {
          "text": {
            "content": "medication",
            "beginOffset": -1
          },
          "type": "COMMON"
        }
      ]
    },
    {
      "name": "donation",
      "type": "OTHER",
      "metadata": {},
      "salience": 0.006553716,
      "mentions": [
        {
          "text": {
            "content": "donation",
            "beginOffset": -1
          },
          "type": "COMMON"
        }
      ]
    },
    {
      "name": "RM 50",
      "type": "CONSUMER_GOOD",
      "metadata": {},
      "salience": 0.0048365924,
      "mentions": [
        {
          "text": {
            "content": "RM 50",
            "beginOffset": -1
          },
          "type": "PROPER"
        }
      ]
    }
  ],
  "documentSentiment": {
    "magnitude": 1.5,
    "score": 0.1
  },
  "language": "en",
  "categories": []
}
