{
  "sentences": [
    {
      "text": {
        "content": "5 lovely kittens were born on the territory of Embassy.",
        "beginOffset": -1
      },
      "sentiment": {
        "magnitude": 0.8,
        "score": 0.8
      }
    },
    {
      "text": {
        "content": "All are very cute, active and happy.",
        "beginOffset": -1
      },
      "sentiment": {
        "magnitude": 0.9,
        "score": 0.9
      }
    },
    {
      "text": {
        "content": "Waiting to be adopted by responsible pet lovers.",
        "beginOffset": -1
      },
      "sentiment": {
        "magnitude": 0.5,
        "score": 0.5
      }
    },
    {
      "text": {
        "content": "Indoor only.",
        "beginOffset": -1
      },
      "sentiment": {
        "magnitude": 0,
        "score": 0
      }
    },
    {
      "text": {
        "content": "Vaccinations is compulsory.",
        "beginOffset": -1
      },
      "sentiment": {
        "magnitude": 0,
        "score": 0
      }
    },
    {
      "text": {
        "content": "No Cage Confinement.",
        "beginOffset": -1
      },
      "sentiment": {
        "magnitude": 0,
        "score": 0
      }
    },
    {
      "text": {
        "content": "Please contact: tel:; tel:-;",
        "beginOffset": -1
      },
      "sentiment": {
        "magnitude": 0,
        "score": 0
      }
    }
  ],
  "tokens": [],
  "entities": [
    {
      "name": "kittens",
      "type": "PERSON",
      "metadata": {},
      "salience": 0.46048376,
      "mentions": [
        {
          "text": {
            "content": "kittens",
            "beginOffset": -1
          },
          "type": "COMMON"
        }
      ]
    },
    {
      "name": "territory",
      "type": "LOCATION",
      "metadata": {},
      "salience": 0.20015205,
      "mentions": [
        {
          "text": {
            "content": "territory",
            "beginOffset": -1
          },
          "type": "COMMON"
        }
      ]
    },
    {
      "name": "Embassy",
      "type": "ORGANIZATION",
      "metadata": {
        "mid": "/m/02gyq",
        "wikipedia_url": "https://en.wikipedia.org/wiki/Diplomatic_mission"
      },
      "salience": 0.122817375,
      "mentions": [
        {
          "text": {
            "content": "Embassy",
            "beginOffset": -1
          },
          "type": "PROPER"
        }
      ]
    },
    {
      "name": "All",
      "type": "OTHER",
      "metadata": {},
      "salience": 0.09838806,
      "mentions": [
        {
          "text": {
            "content": "All",
            "beginOffset": -1
          },
          "type": "COMMON"
        }
      ]
    },
    {
      "name": "pet lovers",
      "type": "PERSON",
      "metadata": {},
      "salience": 0.06386769,
      "mentions": [
        {
          "text": {
            "content": "pet lovers",
            "beginOffset": -1
          },
          "type": "COMMON"
        }
      ]
    },
    {
      "name": "Cage Confinement",
      "type": "OTHER",
      "metadata": {},
      "salience": 0.028643483,
      "mentions": [
        {
          "text": {
            "content": "Cage Confinement",
            "beginOffset": -1
          },
          "type": "PROPER"
        }
      ]
    },
    {
      "name": "Vaccinations",
      "type": "OTHER",
      "metadata": {},
      "salience": 0.02564759,
      "mentions": [
        {
          "text": {
            "content": "Vaccinations",
            "beginOffset": -1
          },
          "type": "COMMON"
        }
      ]
    }
  ],
  "documentSentiment": {
    "magnitude": 2.5,
    "score": 0.3
  },
  "language": "en",
  "categories": []
}
