{
  "sentences": [
    {
      "text": {
        "content": "Puppies are five week old and looking for good home and family that can love them and treat them as part of the family.",
        "beginOffset": -1
      },
      "sentiment": {
        "magnitude": 0.9,
        "score": 0.9
      }
    },
    {
      "text": {
        "content": "They are still very young and need love, patients and attention , so must take care them well.",
        "beginOffset": -1
      },
      "sentiment": {
        "magnitude": 0.8,
        "score": 0.8
      }
    },
    {
      "text": {
        "content": "Adoption conditions: 1) Adopter must be Malaysian 2) They are not small size, they need a landed property to move around.",
        "beginOffset": -1
      },
      "sentiment": {
        "magnitude": 0.4,
        "score": -0.4
      }
    },
    {
      "text": {
        "content": "3) Give all the health and medical attention such as vaccination, deworming, tick lotion 4) Not for factory, workshop or farm use 5) During the stage of adoption, email or sent what app picture, so I can ensure they are adjustable well to her new environment.",
        "beginOffset": -1
      },
      "sentiment": {
        "magnitude": 0.2,
        "score": 0.2
      }
    },
    {
      "text": {
        "content": "Pls call or what app to this no if interested:",
        "beginOffset": -1
      },
      "sentiment": {
        "magnitude": 0.7,
        "score": -0.7
      }
    }
  ],
  "tokens": [],
  "entities": [
    {
      "name": "home",
      "type": "LOCATION",
      "metadata": {},
      "salience": 0.35643503,
      "mentions": [
        {
          "text": {
            "content": "home",
            "beginOffset": -1
          },
          "type": "COMMON"
        }
      ]
    },
    {
      "name": "family",
      "type": "PERSON",
      "metadata": {},
      "salience": 0.11454041,
      "mentions": [
        {
          "text": {
            "content": "family",
            "beginOffset": -1
          },
          "type": "COMMON"
        }
      ]
    },
    {
      "name": "Puppies",
      "type": "OTHER",
      "metadata": {},
      "salience": 0.098846264,
      "mentions": [
        {
          "text": {
            "content": "Puppies",
            "beginOffset": -1
          },
          "type": "COMMON"
        }
      ]
    },
    {
      "name": "patients",
      "type": "PERSON",
      "metadata": {},
      "salience": 0.07752762,
      "mentions": [
        {
          "text": {
            "content": "patients",
            "beginOffset": -1
          },
          "type": "COMMON"
        }
      ]
    },
    {
      "name": "Adopter",
      "type": "PERSON",
      "metadata": {},
      "salience": 0.068495676,
      "mentions": [
        {
          "text": {
            "content": "Adopter",
            "beginOffset": -1
          },
          "type": "COMMON"
        }
      ]
    },
    {
      "name": "family",
      "type": "PERSON",
      "metadata": {},
      "salience": 0.044664193,
      "mentions": [
        {
          "text": {
            "content": "family",
            "beginOffset": -1
          },
          "type": "COMMON"
        }
      ]
    },
    {
      "name": "part",
      "type": "OTHER",
      "metadata": {},
      "salience": 0.039317675,
      "mentions": [
        {
          "text": {
            "content": "part",
            "beginOffset": -1
          },
          "type": "COMMON"
        }
      ]
    },
    {
      "name": "app picture",
      "type": "OTHER",
      "metadata": {},
      "salience": 0.017099269,
      "mentions": [
        {
          "text": {
            "content": "app picture",
            "beginOffset": -1
          },
          "type": "COMMON"
        }
      ]
    },
    {
      "name": "size",
      "type": "OTHER",
      "metadata": {},
      "salience": 0.016340364,
      "mentions": [
        {
          "text": {
            "content": "size",
            "beginOffset": -1
          },
          "type": "COMMON"
        }
      ]
    },
    {
      "name": "love",
      "type": "OTHER",
      "metadata": {},
      "salience": 0.01622197,
      "mentions": [
        {
          "text": {
            "content": "love",
            "beginOffset": -1
          },
          "type": "COMMON"
        }
      ]
    },
    {
      "name": "attention",
      "type": "OTHER",
      "metadata": {},
      "salience": 0.014627119,
      "mentions": [
        {
          "text": {
            "content": "attention",
            "beginOffset": -1
          },
          "type": "COMMON"
        }
      ]
    },
    {
      "name": "attention",
      "type": "OTHER",
      "metadata": {},
      "salience": 0.013476297,
      "mentions": [
        {
          "text": {
            "content": "attention",
            "beginOffset": -1
          },
          "type": "COMMON"
        }
      ]
    },
    {
      "name": "Adoption conditions",
      "type": "OTHER",
      "metadata": {},
      "salience": 0.012792057,
      "mentions": [
        {
          "text": {
            "content": "Adoption conditions",
            "beginOffset": -1
          },
          "type": "COMMON"
        }
      ]
    },
    {
      "name": "vaccination",
      "type": "OTHER",
      "metadata": {},
      "salience": 0.011843575,
      "mentions": [
        {
          "text": {
            "content": "vaccination",
            "beginOffset": -1
          },
          "type": "COMMON"
        }
      ]
    },
    {
      "name": "deworming",
      "type": "OTHER",
      "metadata": {},
      "salience": 0.011843575,
      "mentions": [
        {
          "text": {
            "content": "deworming",
            "beginOffset": -1
          },
          "type": "COMMON"
        }
      ]
    },
    {
      "name": "adoption",
      "type": "OTHER",
      "metadata": {},
      "salience": 0.0111425305,
      "mentions": [
        {
          "text": {
            "content": "adoption",
            "beginOffset": -1
          },
          "type": "COMMON"
        }
      ]
    },
    {
      "name": "property",
      "type": "OTHER",
      "metadata": {},
      "salience": 0.0110427,
      "mentions": [
        {
          "text": {
            "content": "property",
            "beginOffset": -1
          },
          "type": "COMMON"
        }
      ]
    },
    {
      "name": "health",
      "type": "OTHER",
      "metadata": {},
      "salience": 0.009043144,
      "mentions": [
        {
          "text": {
            "content": "health",
            "beginOffset": -1
          },
          "type": "COMMON"
        }
      ]
    },
    {
      "name": "email",
      "type": "OTHER",
      "metadata": {},
      "salience": 0.008932862,
      "mentions": [
        {
          "text": {
            "content": "email",
            "beginOffset": -1
          },
          "type": "COMMON"
        }
      ]
    },
    {
      "name": "Malaysian",
      "type": "LOCATION",
      "metadata": {},
      "salience": 0.0076670977,
      "mentions": [
        {
          "text": {
            "content": "Malaysian",
            "beginOffset": -1
          },
          "type": "PROPER"
        }
      ]
    },
    {
      "name": "app",
      "type": "CONSUMER_GOOD",
      "metadata": {},
      "salience": 0.007102297,
      "mentions": [
        {
          "text": {
            "content": "app",
            "beginOffset": -1
          },
          "type": "COMMON"
        }
      ]
    },
    {
      "name": "environment",
      "type": "OTHER",
      "metadata": {},
      "salience": 0.006256845,
      "mentions": [
        {
          "text": {
            "content": "environment",
            "beginOffset": -1
          },
          "type": "COMMON"
        }
      ]
    },
    {
      "name": "no",
      "type": "OTHER",
      "metadata": {},
      "salience": 0.006239717,
      "mentions": [
        {
          "text": {
            "content": "no",
            "beginOffset": -1
          },
          "type": "COMMON"
        }
      ]
    },
    {
      "name": "factory",
      "type": "LOCATION",
      "metadata": {},
      "salience": 0.0039220047,
      "mentions": [
        {
          "text": {
            "content": "factory",
            "beginOffset": -1
          },
          "type": "COMMON"
        }
      ]
    },
    {
      "name": "workshop",
      "type": "EVENT",
      "metadata": {},
      "salience": 0.0039220047,
      "mentions": [
        {
          "text": {
            "content": "workshop",
            "beginOffset": -1
          },
          "type": "COMMON"
        }
      ]
    },
    {
      "name": "farm use",
      "type": "OTHER",
      "metadata": {},
      "salience": 0.0039220047,
      "mentions": [
        {
          "text": {
            "content": "farm use",
            "beginOffset": -1
          },
          "type": "COMMON"
        }
      ]
    },
    {
      "name": "stage",
      "type": "LOCATION",
      "metadata": {},
      "salience": 0.0039220047,
      "mentions": [
        {
          "text": {
            "content": "stage",
            "beginOffset": -1
          },
          "type": "COMMON"
        }
      ]
    },
    {
      "name": "lotion",
      "type": "OTHER",
      "metadata": {},
      "salience": 0.0028136866,
      "mentions": [
        {
          "text": {
            "content": "lotion",
            "beginOffset": -1
          },
          "type": "COMMON"
        }
      ]
    }
  ],
  "documentSentiment": {
    "magnitude": 3.3,
    "score": 0.1
  },
  "language": "en",
  "categories": []
}
