{
  "sentences": [
    {
      "text": {
        "content": "Abbyboy was rescued from Selayang factory, a caretaker has helped look after them and unfortunately, one puppy got killed by the truck at the factory.",
        "beginOffset": -1
      },
      "sentiment": {
        "magnitude": 0.1,
        "score": 0.1
      }
    },
    {
      "text": {
        "content": "Active lovely puppies.",
        "beginOffset": -1
      },
      "sentiment": {
        "magnitude": 0.9,
        "score": 0.9
      }
    },
    {
      "text": {
        "content": "Please call: for an appointment to see the pups.",
        "beginOffset": -1
      },
      "sentiment": {
        "magnitude": 0,
        "score": 0
      }
    }
  ],
  "tokens": [],
  "entities": [
    {
      "name": "factory",
      "type": "LOCATION",
      "metadata": {},
      "salience": 0.26803908,
      "mentions": [
        {
          "text": {
            "content": "factory",
            "beginOffset": -1
          },
          "type": "COMMON"
        }
      ]
    },
    {
      "name": "caretaker",
      "type": "PERSON",
      "metadata": {},
      "salience": 0.1625559,
      "mentions": [
        {
          "text": {
            "content": "caretaker",
            "beginOffset": -1
          },
          "type": "COMMON"
        }
      ]
    },
    {
      "name": "Abbyboy",
      "type": "PERSON",
      "metadata": {},
      "salience": 0.15078884,
      "mentions": [
        {
          "text": {
            "content": "Abbyboy",
            "beginOffset": -1
          },
          "type": "PROPER"
        }
      ]
    },
    {
      "name": "Selayang",
      "type": "LOCATION",
      "metadata": {},
      "salience": 0.15078884,
      "mentions": [
        {
          "text": {
            "content": "Selayang",
            "beginOffset": -1
          },
          "type": "PROPER"
        }
      ]
    },
    {
      "name": "puppy",
      "type": "OTHER",
      "metadata": {},
      "salience": 0.07857213,
      "mentions": [
        {
          "text": {
            "content": "puppy",
            "beginOffset": -1
          },
          "type": "COMMON"
        }
      ]
    },
    {
      "name": "factory",
      "type": "LOCATION",
      "metadata": {},
      "salience": 0.07236448,
      "mentions": [
        {
          "text": {
            "content": "factory",
            "beginOffset": -1
          },
          "type": "COMMON"
        }
      ]
    },
    {
      "name": "truck",
      "type": "OTHER",
      "metadata": {},
      "salience": 0.06389172,
      "mentions": [
        {
          "text": {
            "content": "truck",
            "beginOffset": -1
          },
          "type": "COMMON"
        }
      ]
    },
    {
      "name": "appointment",
      "type": "EVENT",
      "metadata": {},
      "salience": 0.023537358,
      "mentions": [
        {
          "text": {
            "content": "appointment",
            "beginOffset": -1
          },
          "type": "COMMON"
        }
      ]
    },
    {
      "name": "pups",
      "type": "PERSON",
      "metadata": {},
      "salience": 0.0175771,
      "mentions": [
        {
          "text": {
            "content": "pups",
            "beginOffset": -1
          },
          "type": "COMMON"
        }
      ]
    },
    {
      "name": "puppies",
      "type": "OTHER",
      "metadata": {},
      "salience": 0.011884539,
      "mentions": [
        {
          "text": {
            "content": "puppies",
            "beginOffset": -1
          },
          "type": "COMMON"
        }
      ]
    }
  ],
  "documentSentiment": {
    "magnitude": 1,
    "score": 0.3
  },
  "language": "en",
  "categories": []
}
