{
  "sentences": [
    {
      "text": {
        "content": "I rescued this puppy from the drain near my house and I cannot foster him.",
        "beginOffset": -1
      },
      "sentiment": {
        "magnitude": 0.5,
        "score": -0.5
      }
    },
    {
      "text": {
        "content": "Need to find a home for him Please call- Location: Sentul, Kuala Lumpur",
        "beginOffset": -1
      },
      "sentiment": {
        "magnitude": 0,
        "score": 0
      }
    }
  ],
  "tokens": [],
  "entities": [
    {
      "name": "puppy",
      "type": "OTHER",
      "metadata": {},
      "salience": 0.51525867,
      "mentions": [
        {
          "text": {
            "content": "puppy",
            "beginOffset": -1
          },
          "type": "COMMON"
        }
      ]
    },
    {
      "name": "drain",
      "type": "LOCATION",
      "metadata": {},
      "salience": 0.2124617,
      "mentions": [
        {
          "text": {
            "content": "drain",
            "beginOffset": -1
          },
          "type": "COMMON"
        }
      ]
    },
    {
      "name": "house",
      "type": "LOCATION",
      "metadata": {},
      "salience": 0.14587976,
      "mentions": [
        {
          "text": {
            "content": "house",
            "beginOffset": -1
          },
          "type": "COMMON"
        }
      ]
    },
    {
      "name": "call- Location",
      "type": "LOCATION",
      "metadata": {},
      "salience": 0.050191306,
      "mentions": [
        {
          "text": {
            "content": "call- Location",
            "beginOffset": -1
          },
          "type": "COMMON"
        }
      ]
    },
    {
      "name": "home",
      "type": "LOCATION",
      "metadata": {},
      "salience": 0.034402907,
      "mentions": [
        {
          "text": {
            "content": "home",
            "beginOffset": -1
          },
          "type": "COMMON"
        }
      ]
    },
    {
      "name": "Sentul",
      "type": "LOCATION",
      "metadata": {
        "mid": "/g/1q5bl7jz5"
      },
      "salience": 0.020902835,
      "mentions": [
        {
          "text": {
            "content": "Sentul",
            "beginOffset": -1
          },
          "type": "PROPER"
        }
      ]
    },
    {
      "name": "Kuala Lumpur",
      "type": "LOCATION",
      "metadata": {
        "wikipedia_url": "https://en.wikipedia.org/wiki/Kuala_Lumpur",
        "mid": "/m/049d1"
      },
      "salience": 0.020902835,
      "mentions": [
        {
          "text": {
            "content": "Kuala Lumpur",
            "beginOffset": -1
          },
          "type": "PROPER"
        }
      ]
    }
  ],
  "documentSentiment": {
    "magnitude": 0.6,
    "score": -0.2
  },
  "language": "en",
  "categories": []
}
