{
  "sentences": [
    {
      "text": {
        "content": "This little fellow was rescued by a friend of mine and desperately needs a home as he does not know how to foster the lil guy.",
        "beginOffset": -1
      },
      "sentiment": {
        "magnitude": 0.1,
        "score": -0.1
      }
    },
    {
      "text": {
        "content": "Please help.",
        "beginOffset": -1
      },
      "sentiment": {
        "magnitude": 0,
        "score": 0
      }
    },
    {
      "text": {
        "content": "Contact Rooben Meow at.",
        "beginOffset": -1
      },
      "sentiment": {
        "magnitude": 0.2,
        "score": 0.2
      }
    }
  ],
  "tokens": [],
  "entities": [
    {
      "name": "fellow",
      "type": "PERSON",
      "metadata": {},
      "salience": 0.44815353,
      "mentions": [
        {
          "text": {
            "content": "fellow",
            "beginOffset": -1
          },
          "type": "COMMON"
        }
      ]
    },
    {
      "name": "friend",
      "type": "PERSON",
      "metadata": {},
      "salience": 0.21033123,
      "mentions": [
        {
          "text": {
            "content": "friend",
            "beginOffset": -1
          },
          "type": "COMMON"
        }
      ]
    },
    {
      "name": "mine",
      "type": "LOCATION",
      "metadata": {},
      "salience": 0.14615631,
      "mentions": [
        {
          "text": {
            "content": "mine",
            "beginOffset": -1
          },
          "type": "COMMON"
        }
      ]
    },
    {
      "name": "home",
      "type": "LOCATION",
      "metadata": {},
      "salience": 0.12718076,
      "mentions": [
        {
          "text": {
            "content": "home",
            "beginOffset": -1
          },
          "type": "COMMON"
        }
      ]
    },
    {
      "name": "lil guy",
      "type": "PERSON",
      "metadata": {},
      "salience": 0.04685709,
      "mentions": [
        {
          "text": {
            "content": "lil guy",
            "beginOffset": -1
          },
          "type": "COMMON"
        }
      ]
    },
    {
      "name": "Rooben Meow",
      "type": "PERSON",
      "metadata": {},
      "salience": 0.021321094,
      "mentions": [
        {
          "text": {
            "content": "Rooben Meow",
            "beginOffset": -1
          },
          "type": "PROPER"
        }
      ]
    }
  ],
  "documentSentiment": {
    "magnitude": 0.4,
    "score": 0
  },
  "language": "en",
  "categories": []
}
