{
  "sentences": [
    {
      "text": {
        "content": "Bubu was a walk-in puppy to our home, she was very tiny and thin the first day she came in.",
        "beginOffset": -1
      },
      "sentiment": {
        "magnitude": 0.1,
        "score": -0.1
      }
    },
    {
      "text": {
        "content": "At the same day, we kept on finding her new home but no feedback until today, so we're now trying to bring her here at PetFinder.",
        "beginOffset": -1
      },
      "sentiment": {
        "magnitude": 0.2,
        "score": -0.2
      }
    },
    {
      "text": {
        "content": "She has dewormed, vaccinated and in good health, very playful as well.",
        "beginOffset": -1
      },
      "sentiment": {
        "magnitude": 0.9,
        "score": 0.9
      }
    },
    {
      "text": {
        "content": "We can sponsor spaying fee when she is ready to spay at above month 6th.",
        "beginOffset": -1
      },
      "sentiment": {
        "magnitude": 0.2,
        "score": 0.2
      }
    },
    {
      "text": {
        "content": "Just hope she can get a new lovely home.",
        "beginOffset": -1
      },
      "sentiment": {
        "magnitude": 0.8,
        "score": 0.8
      }
    }
  ],
  "tokens": [],
  "entities": [
    {
      "name": "Bubu",
      "type": "PERSON",
      "metadata": {},
      "salience": 0.81902814,
      "mentions": [
        {
          "text": {
            "content": "Bubu",
            "beginOffset": -1
          },
          "type": "PROPER"
        },
        {
          "text": {
            "content": "walk-in puppy",
            "beginOffset": -1
          },
          "type": "COMMON"
        }
      ]
    },
    {
      "name": "home",
      "type": "LOCATION",
      "metadata": {},
      "salience": 0.1149976,
      "mentions": [
        {
          "text": {
            "content": "home",
            "beginOffset": -1
          },
          "type": "COMMON"
        }
      ]
    },
    {
      "name": "home",
      "type": "LOCATION",
      "metadata": {},
      "salience": 0.023760127,
      "mentions": [
        {
          "text": {
            "content": "home",
            "beginOffset": -1
          },
          "type": "COMMON"
        }
      ]
    },
    {
      "name": "feedback",
      "type": "OTHER",
      "metadata": {},
      "salience": 0.0124858,
      "mentions": [
        {
          "text": {
            "content": "feedback",
            "beginOffset": -1
          },
          "type": "COMMON"
        }
      ]
    },
    {
      "name": "spaying fee",
      "type": "OTHER",
      "metadata": {},
      "salience": 0.009581747,
      "mentions": [
        {
          "text": {
            "content": "spaying fee",
            "beginOffset": -1
          },
          "type": "COMMON"
        }
      ]
    },
    {
      "name": "home",
      "type": "LOCATION",
      "metadata": {},
      "salience": 0.009558208,
      "mentions": [
        {
          "text": {
            "content": "home",
            "beginOffset": -1
          },
          "type": "COMMON"
        }
      ]
    },
    {
      "name": "PetFinder",
      "type": "OTHER",
      "metadata": {
        "mid": "/m/0cdyq6",
        "wikipedia_url": "https://en.wikipedia.org/wiki/Petfinder"
      },
      "salience": 0.006799113,
      "mentions": [
        {
          "text": {
            "content": "PetFinder",
            "beginOffset": -1
          },
          "type": "PROPER"
        }
      ]
    },
    {
      "name": "health",
      "type": "OTHER",
      "metadata": {},
      "salience": 0.003789255,
      "mentions": [
        {
          "text": {
            "content": "health",
            "beginOffset": -1
          },
          "type": "COMMON"
        }
      ]
    }
  ],
  "documentSentiment": {
    "magnitude": 2.4,
    "score": 0.3
  },
  "language": "en",
  "categories": []
}
