{
  "sentences": [
    {
      "text": {
        "content": "truly sweet adorable boy adopted in august . he is truly an obedient furboy and it is really a hard decision to let him go.. knows how to pee on newspaper.",
        "beginOffset": -1
      },
      "sentiment": {
        "magnitude": 0.7,
        "score": 0.7
      }
    },
    {
      "text": {
        "content": "for poo poo, he sometimes will have accident, but other than that he is ok.",
        "beginOffset": -1
      },
      "sentiment": {
        "magnitude": 0.3,
        "score": 0.3
      }
    },
    {
      "text": {
        "content": "seldom hear him bark ever since i adopted him.",
        "beginOffset": -1
      },
      "sentiment": {
        "magnitude": 0.2,
        "score": -0.2
      }
    },
    {
      "text": {
        "content": "i currently need a foster home for my boy because i will be moving to singapore and i need some one to be able to take care of him while i return to singapore and apply for an apartment to stay, etc.. but if some one is willing to adopt him and take great care of him, i will definitely give him up for his sake..",
        "beginOffset": -1
      },
      "sentiment": {
        "magnitude": 0.6,
        "score": 0.6
      }
    }
  ],
  "tokens": [],
  "entities": [
    {
      "name": "boy",
      "type": "PERSON",
      "metadata": {},
      "salience": 0.61193794,
      "mentions": [
        {
          "text": {
            "content": "boy",
            "beginOffset": -1
          },
          "type": "COMMON"
        }
      ]
    },
    {
      "name": "furboy",
      "type": "PERSON",
      "metadata": {},
      "salience": 0.10166907,
      "mentions": [
        {
          "text": {
            "content": "furboy",
            "beginOffset": -1
          },
          "type": "COMMON"
        }
      ]
    },
    {
      "name": "august",
      "type": "OTHER",
      "metadata": {},
      "salience": 0.08049825,
      "mentions": [
        {
          "text": {
            "content": "august",
            "beginOffset": -1
          },
          "type": "COMMON"
        }
      ]
    },
    {
      "name": "boy",
      "type": "PERSON",
      "metadata": {},
      "salience": 0.057650037,
      "mentions": [
        {
          "text": {
            "content": "boy",
            "beginOffset": -1
          },
          "type": "COMMON"
        }
      ]
    },
    {
      "name": "decision",
      "type": "OTHER",
      "metadata": {},
      "salience": 0.03987372,
      "mentions": [
        {
          "text": {
            "content": "decision",
            "beginOffset": -1
          },
          "type": "COMMON"
        }
      ]
    },
    {
      "name": "newspaper",
      "type": "OTHER",
      "metadata": {},
      "salience": 0.031324014,
      "mentions": [
        {
          "text": {
            "content": "newspaper",
            "beginOffset": -1
          },
          "type": "COMMON"
        }
      ]
    },
    {
      "name": "poo poo",
      "type": "OTHER",
      "metadata": {},
      "salience": 0.011660777,
      "mentions": [
        {
          "text": {
            "content": "poo poo",
            "beginOffset": -1
          },
          "type": "COMMON"
        }
      ]
    },
    {
      "name": "accident",
      "type": "EVENT",
      "metadata": {},
      "salience": 0.010124368,
      "mentions": [
        {
          "text": {
            "content": "accident",
            "beginOffset": -1
          },
          "type": "COMMON"
        }
      ]
    },
    {
      "name": "one",
      "type": "OTHER",
      "metadata": {},
      "salience": 0.009741083,
      "mentions": [
        {
          "text": {
            "content": "one",
            "beginOffset": -1
          },
          "type": "COMMON"
        }
      ]
    },
    {
      "name": "one",
      "type": "OTHER",
      "metadata": {},
      "salience": 0.009162299,
      "mentions": [
        {
          "text": {
            "content": "one",
            "beginOffset": -1
          },
          "type": "COMMON"
        }
      ]
    },
    {
      "name": "home",
      "type": "LOCATION",
      "metadata": {},
      "salience": 0.008051689,
      "mentions": [
        {
          "text": {
            "content": "home",
            "beginOffset": -1
          },
          "type": "COMMON"
        }
      ]
    },
    {
      "name": "apartment",
      "type": "LOCATION",
      "metadata": {},
      "salience": 0.0071223574,
      "mentions": [
        {
          "text": {
            "content": "apartment",
            "beginOffset": -1
          },
          "type": "COMMON"
        }
      ]
    },
    {
      "name": "care",
      "type": "OTHER",
      "metadata": {},
      "salience": 0.006499543,
      "mentions": [
        {
          "text": {
            "content": "care",
            "beginOffset": -1
          },
          "type": "COMMON"
        }
      ]
    },
    {
      "name": "singapore",
      "type": "LOCATION",
      "metadata": {
        "wikipedia_url": "https://en.wikipedia.org/wiki/Singapore",
        "mid": "/m/06t2t"
      },
      "salience": 0.005620082,
      "mentions": [
        {
          "text": {
            "content": "singapore",
            "beginOffset": -1
          },
          "type": "PROPER"
        },
        {
          "text": {
            "content": "singapore",
            "beginOffset": -1
          },
          "type": "PROPER"
        }
      ]
    },
    {
      "name": "sake",
      "type": "OTHER",
      "metadata": {},
      "salience": 0.0049890606,
      "mentions": [
        {
          "text": {
            "content": "sake",
            "beginOffset": -1
          },
          "type": "COMMON"
        }
      ]
    },
    {
      "name": "care",
      "type": "OTHER",
      "metadata": {},
      "salience": 0.004075711,
      "mentions": [
        {
          "text": {
            "content": "care",
            "beginOffset": -1
          },
          "type": "COMMON"
        }
      ]
    }
  ],
  "documentSentiment": {
    "magnitude": 1.9,
    "score": 0.3
  },
  "language": "en",
  "categories": []
}
