{
  "sentences": [
    {
      "text": {
        "content": "Cute light grey Siamese kitten is looking for home.",
        "beginOffset": -1
      },
      "sentiment": {
        "magnitude": 0.6,
        "score": 0.6
      }
    },
    {
      "text": {
        "content": "Interested please contact Mr Low",
        "beginOffset": -1
      },
      "sentiment": {
        "magnitude": 0.3,
        "score": 0.3
      }
    }
  ],
  "tokens": [],
  "entities": [
    {
      "name": "kitten",
      "type": "PERSON",
      "metadata": {},
      "salience": 0.2868484,
      "mentions": [
        {
          "text": {
            "content": "kitten",
            "beginOffset": -1
          },
          "type": "COMMON"
        }
      ]
    },
    {
      "name": "home",
      "type": "LOCATION",
      "metadata": {},
      "salience": 0.274155,
      "mentions": [
        {
          "text": {
            "content": "home",
            "beginOffset": -1
          },
          "type": "COMMON"
        }
      ]
    },
    {
      "name": "Siamese",
      "type": "LOCATION",
      "metadata": {
        "mid": "/m/0g_3r",
        "wikipedia_url": "https://en.wikipedia.org/wiki/Siamese_cat"
      },
      "salience": 0.2597883,
      "mentions": [
        {
          "text": {
            "content": "Siamese",
            "beginOffset": -1
          },
          "type": "PROPER"
        }
      ]
    },
    {
      "name": "Low",
      "type": "PERSON",
      "metadata": {},
      "salience": 0.17920831,
      "mentions": [
        {
          "text": {
            "content": "Low",
            "beginOffset": -1
          },
          "type": "PROPER"
        },
        {
          "text": {
            "content": "Mr",
            "beginOffset": -1
          },
          "type": "COMMON"
        }
      ]
    }
  ],
  "documentSentiment": {
    "magnitude": 1,
    "score": 0.5
  },
  "language": "en",
  "categories": []
}
