{
  "sentences": [
    {
      "text": {
        "content": "Happy used to have 6 siblings but sadly, 2 got ran over by cars so I am urgently trying to find them good homes.",
        "beginOffset": -1
      },
      "sentiment": {
        "magnitude": 0.2,
        "score": -0.2
      }
    },
    {
      "text": {
        "content": "they're living under cars with the mother dog now.",
        "beginOffset": -1
      },
      "sentiment": {
        "magnitude": 0.1,
        "score": 0.1
      }
    },
    {
      "text": {
        "content": "will you adopt her?",
        "beginOffset": -1
      },
      "sentiment": {
        "magnitude": 0,
        "score": 0
      }
    },
    {
      "text": {
        "content": "Lester",
        "beginOffset": -1
      },
      "sentiment": {
        "magnitude": 0,
        "score": 0
      }
    }
  ],
  "tokens": [],
  "entities": [
    {
      "name": "siblings",
      "type": "PERSON",
      "metadata": {},
      "salience": 0.5465521,
      "mentions": [
        {
          "text": {
            "content": "siblings",
            "beginOffset": -1
          },
          "type": "COMMON"
        }
      ]
    },
    {
      "name": "Happy",
      "type": "PERSON",
      "metadata": {},
      "salience": 0.1846282,
      "mentions": [
        {
          "text": {
            "content": "Happy",
            "beginOffset": -1
          },
          "type": "PROPER"
        }
      ]
    },
    {
      "name": "homes",
      "type": "LOCATION",
      "metadata": {},
      "salience": 0.11899283,
      "mentions": [
        {
          "text": {
            "content": "homes",
            "beginOffset": -1
          },
          "type": "COMMON"
        }
      ]
    },
    {
      "name": "cars",
      "type": "CONSUMER_GOOD",
      "metadata": {},
      "salience": 0.09472457,
      "mentions": [
        {
          "text": {
            "content": "cars",
            "beginOffset": -1
          },
          "type": "COMMON"
        }
      ]
    },
    {
      "name": "mother dog",
      "type": "OTHER",
      "metadata": {},
      "salience": 0.028772825,
      "mentions": [
        {
          "text": {
            "content": "mother dog",
            "beginOffset": -1
          },
          "type": "COMMON"
        }
      ]
    },
    {
      "name": "cars",
      "type": "CONSUMER_GOOD",
      "metadata": {},
      "salience": 0.014447969,
      "mentions": [
        {
          "text": {
            "content": "cars",
            "beginOffset": -1
          },
          "type": "COMMON"
        }
      ]
    },
    {
      "name": "Lester",
      "type": "PERSON",
      "metadata": {},
      "salience": 0.011881499,
      "mentions": [
        {
          "text": {
            "content": "Lester",
            "beginOffset": -1
          },
          "type": "PROPER"
        }
      ]
    }
  ],
  "documentSentiment": {
    "magnitude": 0.5,
    "score": 0
  },
  "language": "en",
  "categories": []
}
