{
  "sentences": [
    {
      "text": {
        "content": "Short snout Docked Tail Good guard dog as he is very alert Only does his business on the grass and not on floor.",
        "beginOffset": -1
      },
      "sentiment": {
        "magnitude": 0.2,
        "score": -0.2
      }
    },
    {
      "text": {
        "content": "He could be train if you have the time to train him",
        "beginOffset": -1
      },
      "sentiment": {
        "magnitude": 0.2,
        "score": 0.2
      }
    }
  ],
  "tokens": [],
  "entities": [
    {
      "name": "snout",
      "type": "OTHER",
      "metadata": {},
      "salience": 0.30679742,
      "mentions": [
        {
          "text": {
            "content": "snout",
            "beginOffset": -1
          },
          "type": "COMMON"
        }
      ]
    },
    {
      "name": "Tail",
      "type": "OTHER",
      "metadata": {},
      "salience": 0.30679742,
      "mentions": [
        {
          "text": {
            "content": "Tail",
            "beginOffset": -1
          },
          "type": "COMMON"
        }
      ]
    },
    {
      "name": "guard dog",
      "type": "OTHER",
      "metadata": {},
      "salience": 0.12742628,
      "mentions": [
        {
          "text": {
            "content": "guard dog",
            "beginOffset": -1
          },
          "type": "COMMON"
        }
      ]
    },
    {
      "name": "business",
      "type": "OTHER",
      "metadata": {},
      "salience": 0.088674046,
      "mentions": [
        {
          "text": {
            "content": "business",
            "beginOffset": -1
          },
          "type": "COMMON"
        }
      ]
    },
    {
      "name": "grass",
      "type": "OTHER",
      "metadata": {},
      "salience": 0.088674046,
      "mentions": [
        {
          "text": {
            "content": "grass",
            "beginOffset": -1
          },
          "type": "COMMON"
        }
      ]
    },
    {
      "name": "floor",
      "type": "LOCATION",
      "metadata": {},
      "salience": 0.081630826,
      "mentions": [
        {
          "text": {
            "content": "floor",
            "beginOffset": -1
          },
          "type": "COMMON"
        }
      ]
    }
  ],
  "documentSentiment": {
    "magnitude": 0.5,
    "score": 0
  },
  "language": "en",
  "categories": []
}
