{
  "sentences": [
    {
      "text": {
        "content": "I have a pair of beautiful eyes.Every one said my eyes are special.",
        "beginOffset": -1
      },
      "sentiment": {
        "magnitude": 0.6,
        "score": 0.6
      }
    },
    {
      "text": {
        "content": "I look much better in real life than in photos.",
        "beginOffset": -1
      },
      "sentiment": {
        "magnitude": 0.4,
        "score": 0.4
      }
    },
    {
      "text": {
        "content": "I am well behave and looking for a home sweet home.",
        "beginOffset": -1
      },
      "sentiment": {
        "magnitude": 0.7,
        "score": 0.7
      }
    },
    {
      "text": {
        "content": "Commitment to spay is compulsory.",
        "beginOffset": -1
      },
      "sentiment": {
        "magnitude": 0.1,
        "score": -0.1
      }
    },
    {
      "text": {
        "content": "If you are interested to adopt me pls contact Rachel",
        "beginOffset": -1
      },
      "sentiment": {
        "magnitude": 0.1,
        "score": 0.1
      }
    }
  ],
  "tokens": [],
  "entities": [
    {
      "name": "pair",
      "type": "OTHER",
      "metadata": {},
      "salience": 0.44313475,
      "mentions": [
        {
          "text": {
            "content": "pair",
            "beginOffset": -1
          },
          "type": "COMMON"
        }
      ]
    },
    {
      "name": "eyes",
      "type": "OTHER",
      "metadata": {},
      "salience": 0.20175739,
      "mentions": [
        {
          "text": {
            "content": "eyes",
            "beginOffset": -1
          },
          "type": "COMMON"
        }
      ]
    },
    {
      "name": "one",
      "type": "PERSON",
      "metadata": {},
      "salience": 0.17013714,
      "mentions": [
        {
          "text": {
            "content": "one",
            "beginOffset": -1
          },
          "type": "COMMON"
        }
      ]
    },
    {
      "name": "life",
      "type": "OTHER",
      "metadata": {},
      "salience": 0.061714344,
      "mentions": [
        {
          "text": {
            "content": "life",
            "beginOffset": -1
          },
          "type": "COMMON"
        }
      ]
    },
    {
      "name": "photos",
      "type": "WORK_OF_ART",
      "metadata": {},
      "salience": 0.061714344,
      "mentions": [
        {
          "text": {
            "content": "photos",
            "beginOffset": -1
          },
          "type": "COMMON"
        }
      ]
    },
    {
      "name": "Commitment",
      "type": "OTHER",
      "metadata": {},
      "salience": 0.022516185,
      "mentions": [
        {
          "text": {
            "content": "Commitment",
            "beginOffset": -1
          },
          "type": "COMMON"
        }
      ]
    },
    {
      "name": "home sweet home",
      "type": "LOCATION",
      "metadata": {},
      "salience": 0.021395046,
      "mentions": [
        {
          "text": {
            "content": "home sweet home",
            "beginOffset": -1
          },
          "type": "COMMON"
        }
      ]
    },
    {
      "name": "Rachel",
      "type": "PERSON",
      "metadata": {},
      "salience": 0.017630797,
      "mentions": [
        {
          "text": {
            "content": "Rachel",
            "beginOffset": -1
          },
          "type": "PROPER"
        }
      ]
    }
  ],
  "documentSentiment": {
    "magnitude": 2.1,
    "score": 0.3
  },
  "language": "en",
  "categories": []
}
