{
  "sentences": [
    {
      "text": {
        "content": "Daughter of Polpot and Nemo..She is manja also ..like to kiss me..she is more friendly than her mummy..",
        "beginOffset": -1
      },
      "sentiment": {
        "magnitude": 0.9,
        "score": 0.9
      }
    }
  ],
  "tokens": [],
  "entities": [
    {
      "name": "Daughter",
      "type": "PERSON",
      "metadata": {},
      "salience": 0.7093883,
      "mentions": [
        {
          "text": {
            "content": "Daughter",
            "beginOffset": -1
          },
          "type": "COMMON"
        }
      ]
    },
    {
      "name": "Polpot",
      "type": "PERSON",
      "metadata": {
        "mid": "/m/062fg",
        "wikipedia_url": "https://en.wikipedia.org/wiki/Pol_Pot"
      },
      "salience": 0.17067121,
      "mentions": [
        {
          "text": {
            "content": "Polpot",
            "beginOffset": -1
          },
          "type": "PROPER"
        }
      ]
    },
    {
      "name": "Nemo...She",
      "type": "OTHER",
      "metadata": {},
      "salience": 0.07959039,
      "mentions": [
        {
          "text": {
            "content": "Nemo..She",
            "beginOffset": -1
          },
          "type": "PROPER"
        }
      ]
    },
    {
      "name": "mummy",
      "type": "OTHER",
      "metadata": {},
      "salience": 0.040350072,
      "mentions": [
        {
          "text": {
            "content": "mummy",
            "beginOffset": -1
          },
          "type": "COMMON"
        }
      ]
    }
  ],
  "documentSentiment": {
    "magnitude": 0.9,
    "score": 0.9
  },
  "language": "en",
  "categories": []
}
