{
  "sentences": [
    {
      "text": {
        "content": "Name of Pet: B2 Age: 1 month (DOB : /) Breed: Mixed/Mongrel Gender: Male Location: Butterworth, Penang Contact: Tan () Email: mddb.",
        "beginOffset": -1
      },
      "sentiment": {
        "magnitude": 0,
        "score": 0
      }
    }
  ],
  "tokens": [],
  "entities": [
    {
      "name": "Name",
      "type": "OTHER",
      "metadata": {},
      "salience": 0.32596648,
      "mentions": [
        {
          "text": {
            "content": "Name",
            "beginOffset": -1
          },
          "type": "COMMON"
        }
      ]
    },
    {
      "name": "Pet",
      "type": "OTHER",
      "metadata": {},
      "salience": 0.32596648,
      "mentions": [
        {
          "text": {
            "content": "Pet",
            "beginOffset": -1
          },
          "type": "COMMON"
        }
      ]
    },
    {
      "name": "Gender",
      "type": "OTHER",
      "metadata": {},
      "salience": 0.088779874,
      "mentions": [
        {
          "text": {
            "content": "Gender",
            "beginOffset": -1
          },
          "type": "COMMON"
        }
      ]
    },
    {
      "name": "Location",
      "type": "LOCATION",
      "metadata": {},
      "salience": 0.088779874,
      "mentions": [
        {
          "text": {
            "content": "Location",
            "beginOffset": -1
          },
          "type": "COMMON"
        }
      ]
    },
    {
      "name": "Mongrel",
      "type": "ORGANIZATION",
      "metadata": {},
      "salience": 0.058134183,
      "mentions": [
        {
          "text": {
            "content": "Mongrel",
            "beginOffset": -1
          },
          "type": "PROPER"
        }
      ]
    },
    {
      "name": "Email",
      "type": "OTHER",
      "metadata": {},
      "salience": 0.047846608,
      "mentions": [
        {
          "text": {
            "content": "Email",
            "beginOffset": -1
          },
          "type": "COMMON"
        }
      ]
    },
    {
      "name": "mddb",
      "type": "OTHER",
      "metadata": {},
      "salience": 0.028558072,
      "mentions": [
        {
          "text": {
            "content": "mddb",
            "beginOffset": -1
          },
          "type": "PROPER"
        }
      ]
    },
    {
      "name": "Butterworth",
      "type": "PERSON",
      "metadata": {
        "mid": "/m/03sqpj",
        "wikipedia_url": "https://en.wikipedia.org/wiki/Butterworth,_Penang"
      },
      "salience": 0.017984215,
      "mentions": [
        {
          "text": {
            "content": "Butterworth",
            "beginOffset": -1
          },
          "type": "PROPER"
        }
      ]
    },
    {
      "name": "Penang Contact: Tan",
      "type": "WORK_OF_ART",
      "metadata": {},
      "salience": 0.017984215,
      "mentions": [
        {
          "text": {
            "content": "Penang Contact: Tan",
            "beginOffset": -1
          },
          "type": "PROPER"
        }
      ]
    }
  ],
  "documentSentiment": {
    "magnitude": 0,
    "score": 0
  },
  "language": "en",
  "categories": []
}
