{
  "sentences": [
    {
      "text": {
        "content": "Maru was adopted when he was 3 months.",
        "beginOffset": -1
      },
      "sentiment": {
        "magnitude": 0,
        "score": 0
      }
    },
    {
      "text": {
        "content": "Well mannered, playful and love people petting him.",
        "beginOffset": -1
      },
      "sentiment": {
        "magnitude": 0.9,
        "score": 0.9
      }
    },
    {
      "text": {
        "content": "Litter trained.",
        "beginOffset": -1
      },
      "sentiment": {
        "magnitude": 0.1,
        "score": 0.1
      }
    }
  ],
  "tokens": [],
  "entities": [
    {
      "name": "Maru",
      "type": "PERSON",
      "metadata": {},
      "salience": 0.79967546,
      "mentions": [
        {
          "text": {
            "content": "Maru",
            "beginOffset": -1
          },
          "type": "PROPER"
        }
      ]
    },
    {
      "name": "Litter",
      "type": "OTHER",
      "metadata": {},
      "salience": 0.13573153,
      "mentions": [
        {
          "text": {
            "content": "Litter",
            "beginOffset": -1
          },
          "type": "COMMON"
        }
      ]
    },
    {
      "name": "people",
      "type": "PERSON",
      "metadata": {},
      "salience": 0.064593025,
      "mentions": [
        {
          "text": {
            "content": "people",
            "beginOffset": -1
          },
          "type": "COMMON"
        }
      ]
    }
  ],
  "documentSentiment": {
    "magnitude": 1.1,
    "score": 0.3
  },
  "language": "en",
  "categories": []
}
