{
  "sentences": [
    {
      "text": {
        "content": "These 2 adorable male puppies were dumped outside of Mayo Veterinar Clinic, Taipan USJ.",
        "beginOffset": -1
      },
      "sentiment": {
        "magnitude": 0,
        "score": 0
      }
    },
    {
      "text": {
        "content": "They are both active, healthy and up for adoption.",
        "beginOffset": -1
      },
      "sentiment": {
        "magnitude": 0.6,
        "score": 0.6
      }
    },
    {
      "text": {
        "content": "Only for responsible adopters who are willing to spay the dogs at special rescue rate of RM only.",
        "beginOffset": -1
      },
      "sentiment": {
        "magnitude": 0,
        "score": 0
      }
    },
    {
      "text": {
        "content": "For adoption, please contact Rani (who works at the vet) at.",
        "beginOffset": -1
      },
      "sentiment": {
        "magnitude": 0,
        "score": 0
      }
    },
    {
      "text": {
        "content": "Address:Mayo Veterinar Clinic, UEP Subang Jaya, 11A, Jalan USJ 10/1g, Subang Jaya, Selangor, Malaysia Tel: +",
        "beginOffset": -1
      },
      "sentiment": {
        "magnitude": 0,
        "score": 0
      }
    }
  ],
  "tokens": [],
  "entities": [
    {
      "name": "puppies",
      "type": "OTHER",
      "metadata": {},
      "salience": 0.2628144,
      "mentions": [
        {
          "text": {
            "content": "puppies",
            "beginOffset": -1
          },
          "type": "COMMON"
        }
      ]
    },
    {
      "name": "Mayo Veterinar Clinic",
      "type": "LOCATION",
      "metadata": {},
      "salience": 0.18109377,
      "mentions": [
        {
          "text": {
            "content": "Mayo Veterinar Clinic",
            "beginOffset": -1
          },
          "type": "PROPER"
        }
      ]
    },
    {
      "name": "adopters",
      "type": "PERSON",
      "metadata": {},
      "salience": 0.104176074,
      "mentions": [
        {
          "text": {
            "content": "adopters",
            "beginOffset": -1
          },
          "type": "COMMON"
        }
      ]
    },
    {
      "name": "Rani",
      "type": "PERSON",
      "metadata": {},
      "salience": 0.09460369,
      "mentions": [
        {
          "text": {
            "content": "Rani",
            "beginOffset": -1
          },
          "type": "PROPER"
        }
      ]
    },
    {
      "name": "Taipan USJ",
      "type": "LOCATION",
      "metadata": {},
      "salience": 0.07064159,
      "mentions": [
        {
          "text": {
            "content": "Taipan USJ",
            "beginOffset": -1
          },
          "type": "PROPER"
        }
      ]
    },
    {
      "name": "adoption",
      "type": "OTHER",
      "metadata": {},
      "salience": 0.04271596,
      "mentions": [
        {
          "text": {
            "content": "adoption",
            "beginOffset": -1
          },
          "type": "COMMON"
        }
      ]
    },
    {
      "name": "adoption",
      "type": "OTHER",
      "metadata": {},
      "salience": 0.03937234,
      "mentions": [
        {
          "text": {
            "content": "adoption",
            "beginOffset": -1
          },
          "type": "COMMON"
        }
      ]
    },
    {
      "name": "dogs",
      "type": "OTHER",
      "metadata": {},
      "salience": 0.034542564,
      "mentions": [
        {
          "text": {
            "content": "dogs",
            "beginOffset": -1
          },
          "type": "COMMON"
        }
      ]
    },
    {
      "name": "rescue rate",
      "type": "OTHER",
      "metadata": {},
      "salience": 0.034542564,
      "mentions": [
        {
          "text": {
            "content": "rescue rate",
            "beginOffset": -1
          },
          "type": "COMMON"
        }
      ]
    },
    {
      "name": "RM",
      "type": "LOCATION",
      "metadata": {},
      "salience": 0.02048482,
      "mentions": [
        {
          "text": {
            "content": "RM",
            "beginOffset": -1
          },
          "type": "PROPER"
        }
      ]
    },
    {
      "name": "Jalan USJ",
      "type": "ORGANIZATION",
      "metadata": {},
      "salience": 0.016037773,
      "mentions": [
        {
          "text": {
            "content": "Jalan USJ",
            "beginOffset": -1
          },
          "type": "PROPER"
        }
      ]
    },
    {
      "name": "UEP Subang Jaya",
      "type": "LOCATION",
      "metadata": {
        "mid": "/m/054vgr",
        "wikipedia_url": "https://en.wikipedia.org/wiki/UEP_Subang_Jaya"
      },
      "salience": 0.016037773,
      "mentions": [
        {
          "text": {
            "content": "UEP Subang Jaya",
            "beginOffset": -1
          },
          "type": "PROPER"
        }
      ]
    },
    {
      "name": "11A",
      "type": "LOCATION",
      "metadata": {},
      "salience": 0.01409232,
      "mentions": [
        {
          "text": {
            "content": "11A",
            "beginOffset": -1
          },
          "type": "PROPER"
        }
      ]
    },
    {
      "name": "Subang Jaya",
      "type": "LOCATION",
      "metadata": {
        "mid": "/m/054t4_",
        "wikipedia_url": "https://en.wikipedia.org/wiki/Subang_Jaya"
      },
      "salience": 0.011235278,
      "mentions": [
        {
          "text": {
            "content": "Subang Jaya",
            "beginOffset": -1
          },
          "type": "PROPER"
        }
      ]
    },
    {
      "name": "vet",
      "type": "EVENT",
      "metadata": {},
      "salience": 0.010490859,
      "mentions": [
        {
          "text": {
            "content": "vet",
            "beginOffset": -1
          },
          "type": "COMMON"
        }
      ]
    },
    {
      "name": "Address",
      "type": "OTHER",
      "metadata": {},
      "salience": 0.010462145,
      "mentions": [
        {
          "text": {
            "content": "Address",
            "beginOffset": -1
          },
          "type": "COMMON"
        }
      ]
    },
    {
      "name": "Selangor",
      "type": "LOCATION",
      "metadata": {
        "mid": "/m/01jc9d",
        "wikipedia_url": "https://en.wikipedia.org/wiki/Selangor"
      },
      "salience": 0.009870788,
      "mentions": [
        {
          "text": {
            "content": "Selangor",
            "beginOffset": -1
          },
          "type": "PROPER"
        }
      ]
    },
    {
      "name": "Tel",
      "type": "LOCATION",
      "metadata": {},
      "salience": 0.009870788,
      "mentions": [
        {
          "text": {
            "content": "Tel",
            "beginOffset": -1
          },
          "type": "PROPER"
        }
      ]
    },
    {
      "name": "Malaysia",
      "type": "LOCATION",
      "metadata": {
        "mid": "/m/09pmkv",
        "wikipedia_url": "https://en.wikipedia.org/wiki/Malaysia"
      },
      "salience": 0.009870788,
      "mentions": [
        {
          "text": {
            "content": "Malaysia",
            "beginOffset": -1
          },
          "type": "PROPER"
        }
      ]
    },
    {
      "name": "Mayo Veterinar Clinic",
      "type": "ORGANIZATION",
      "metadata": {},
      "salience": 0.0070437193,
      "mentions": [
        {
          "text": {
            "content": "Mayo Veterinar Clinic",
            "beginOffset": -1
          },
          "type": "PROPER"
        }
      ]
    }
  ],
  "documentSentiment": {
    "magnitude": 0.8,
    "score": 0.1
  },
  "language": "en",
  "categories": []
}
