{
  "sentences": [
    {
      "text": {
        "content": "♥ Male, 8 weeks old, ash-gray lynx point with blue eyes.",
        "beginOffset": -1
      },
      "sentiment": {
        "magnitude": 0.1,
        "score": 0.1
      }
    },
    {
      "text": {
        "content": "Father was a Ragdoll and mother is an American Curl (given up by previous owners while pregnant).",
        "beginOffset": -1
      },
      "sentiment": {
        "magnitude": 0,
        "score": 0
      }
    },
    {
      "text": {
        "content": "♥ Giorgio is a real looker, very soft and sweet!",
        "beginOffset": -1
      },
      "sentiment": {
        "magnitude": 0.9,
        "score": 0.9
      }
    },
    {
      "text": {
        "content": "Loves looking up at things towering above him, will sometimes get on our laps for a better vantage point (he's also the ruler of our cat tree).",
        "beginOffset": -1
      },
      "sentiment": {
        "magnitude": 0.9,
        "score": 0.9
      }
    },
    {
      "text": {
        "content": "A mix of calm observance and energetic toss-arounds, Giorgio is a tester of things much like his brother Markus.",
        "beginOffset": -1
      },
      "sentiment": {
        "magnitude": 0.9,
        "score": 0.9
      }
    },
    {
      "text": {
        "content": "He's the most peaceful thing to observe when asleep, gets into all sorts of adorable positions!",
        "beginOffset": -1
      },
      "sentiment": {
        "magnitude": 0.9,
        "score": 0.9
      }
    },
    {
      "text": {
        "content": "♥ He's already had his first vaccination and deworming.",
        "beginOffset": -1
      },
      "sentiment": {
        "magnitude": 0.2,
        "score": 0.2
      }
    },
    {
      "text": {
        "content": "Not fussy about kibble or wet food and is very clever with the litter box!",
        "beginOffset": -1
      },
      "sentiment": {
        "magnitude": 0.6,
        "score": 0.6
      }
    },
    {
      "text": {
        "content": "***IMPORTANT: Note For Potential Adopters*** - Giorgio must be kept INDOORS at all times.",
        "beginOffset": -1
      },
      "sentiment": {
        "magnitude": 0.4,
        "score": 0.4
      }
    },
    {
      "text": {
        "content": "Apartments must be cat-safe.",
        "beginOffset": -1
      },
      "sentiment": {
        "magnitude": 0.6,
        "score": 0.6
      }
    },
    {
      "text": {
        "content": "- He's been raised since birth on a grain-free healthy diet and this must be maintained (no Whiskas, Friskies, etc).",
        "beginOffset": -1
      },
      "sentiment": {
        "magnitude": 0.7,
        "score": 0.7
      }
    },
    {
      "text": {
        "content": "Feel free to inquire if unsure, this is for any cat's long term well being.",
        "beginOffset": -1
      },
      "sentiment": {
        "magnitude": 0.6,
        "score": 0.6
      }
    },
    {
      "text": {
        "content": "- Neutering is COMPULSORY and we will reject anyone who doesn't fit this requirement.",
        "beginOffset": -1
      },
      "sentiment": {
        "magnitude": 0.5,
        "score": -0.5
      }
    },
    {
      "text": {
        "content": "There are far too many homeless kittens on the streets.",
        "beginOffset": -1
      },
      "sentiment": {
        "magnitude": 0.1,
        "score": -0.1
      }
    },
    {
      "text": {
        "content": "If you feel that you may be just the right person for this boy, please drop me a message with details about yourself and your experience with cats (via WhatsApp or email).",
        "beginOffset": -1
      },
      "sentiment": {
        "magnitude": 0.2,
        "score": 0.2
      }
    },
    {
      "text": {
        "content": "Thank you!",
        "beginOffset": -1
      },
      "sentiment": {
        "magnitude": 0.1,
        "score": 0.1
      }
    }
  ],
  "tokens": [],
  "entities": [
    {
      "name": "Giorgio",
      "type": "PERSON",
      "metadata": {},
      "salience": 0.1377074,
      "mentions": [
        {
          "text": {
            "content": "Giorgio",
            "beginOffset": -1
          },
          "type": "PROPER"
        },
        {
          "text": {
            "content": "Giorgio",
            "beginOffset": -1
          },
          "type": "PROPER"
        },
        {
          "text": {
            "content": "Giorgio",
            "beginOffset": -1
          },
          "type": "PROPER"
        }
      ]
    },
    {
      "name": "ruler",
      "type": "OTHER",
      "metadata": {},
      "salience": 0.09924476,
      "mentions": [
        {
          "text": {
            "content": "ruler",
            "beginOffset": -1
          },
          "type": "COMMON"
        }
      ]
    },
    {
      "name": "lynx point",
      "type": "OTHER",
      "metadata": {},
      "salience": 0.08340279,
      "mentions": [
        {
          "text": {
            "content": "lynx point",
            "beginOffset": -1
          },
          "type": "COMMON"
        }
      ]
    },
    {
      "name": "eyes",
      "type": "OTHER",
      "metadata": {},
      "salience": 0.07346677,
      "mentions": [
        {
          "text": {
            "content": "eyes",
            "beginOffset": -1
          },
          "type": "COMMON"
        }
      ]
    },
    {
      "name": "person",
      "type": "PERSON",
      "metadata": {},
      "salience": 0.052201793,
      "mentions": [
        {
          "text": {
            "content": "person",
            "beginOffset": -1
          },
          "type": "COMMON"
        }
      ]
    },
    {
      "name": "tester",
      "type": "OTHER",
      "metadata": {},
      "salience": 0.04681937,
      "mentions": [
        {
          "text": {
            "content": "mix",
            "beginOffset": -1
          },
          "type": "COMMON"
        },
        {
          "text": {
            "content": "tester",
            "beginOffset": -1
          },
          "type": "COMMON"
        }
      ]
    },
    {
      "name": "mother",
      "type": "PERSON",
      "metadata": {},
      "salience": 0.04275751,
      "mentions": [
        {
          "text": {
            "content": "mother",
            "beginOffset": -1
          },
          "type": "COMMON"
        }
      ]
    },
    {
      "name": "Father",
      "type": "PERSON",
      "metadata": {},
      "salience": 0.04023392,
      "mentions": [
        {
          "text": {
            "content": "Father",
            "beginOffset": -1
          },
          "type": "COMMON"
        }
      ]
    },
    {
      "name": "owners",
      "type": "PERSON",
      "metadata": {},
      "salience": 0.03562011,
      "mentions": [
        {
          "text": {
            "content": "owners",
            "beginOffset": -1
          },
          "type": "COMMON"
        }
      ]
    },
    {
      "name": "American Curl",
      "type": "OTHER",
      "metadata": {
        "mid": "/m/0j60_",
        "wikipedia_url": "https://en.wikipedia.org/wiki/American_Curl"
      },
      "salience": 0.026988592,
      "mentions": [
        {
          "text": {
            "content": "American Curl",
            "beginOffset": -1
          },
          "type": "PROPER"
        }
      ]
    },
    {
      "name": "Ragdoll",
      "type": "OTHER",
      "metadata": {
        "mid": "/m/02w7c7",
        "wikipedia_url": "https://en.wikipedia.org/wiki/Ragdoll"
      },
      "salience": 0.023022259,
      "mentions": [
        {
          "text": {
            "content": "Ragdoll",
            "beginOffset": -1
          },
          "type": "PROPER"
        }
      ]
    },
    {
      "name": "anyone",
      "type": "PERSON",
      "metadata": {},
      "salience": 0.022758065,
      "mentions": [
        {
          "text": {
            "content": "anyone",
            "beginOffset": -1
          },
          "type": "COMMON"
        }
      ]
    },
    {
      "name": "Markus",
      "type": "PERSON",
      "metadata": {},
      "salience": 0.020271622,
      "mentions": [
        {
          "text": {
            "content": "brother",
            "beginOffset": -1
          },
          "type": "COMMON"
        },
        {
          "text": {
            "content": "Markus",
            "beginOffset": -1
          },
          "type": "PROPER"
        }
      ]
    },
    {
      "name": "Loves",
      "type": "PERSON",
      "metadata": {},
      "salience": 0.019645916,
      "mentions": [
        {
          "text": {
            "content": "Loves",
            "beginOffset": -1
          },
          "type": "COMMON"
        }
      ]
    },
    {
      "name": "looker",
      "type": "OTHER",
      "metadata": {},
      "salience": 0.017229673,
      "mentions": [
        {
          "text": {
            "content": "looker",
            "beginOffset": -1
          },
          "type": "COMMON"
        }
      ]
    },
    {
      "name": "things",
      "type": "OTHER",
      "metadata": {},
      "salience": 0.016757775,
      "mentions": [
        {
          "text": {
            "content": "things",
            "beginOffset": -1
          },
          "type": "COMMON"
        }
      ]
    },
    {
      "name": "vantage point",
      "type": "OTHER",
      "metadata": {},
      "salience": 0.015289448,
      "mentions": [
        {
          "text": {
            "content": "vantage point",
            "beginOffset": -1
          },
          "type": "COMMON"
        }
      ]
    },
    {
      "name": "laps",
      "type": "OTHER",
      "metadata": {},
      "salience": 0.013434897,
      "mentions": [
        {
          "text": {
            "content": "laps",
            "beginOffset": -1
          },
          "type": "COMMON"
        }
      ]
    },
    {
      "name": "things",
      "type": "OTHER",
      "metadata": {},
      "salience": 0.011285974,
      "mentions": [
        {
          "text": {
            "content": "things",
            "beginOffset": -1
          },
          "type": "COMMON"
        }
      ]
    },
    {
      "name": "thing",
      "type": "OTHER",
      "metadata": {},
      "salience": 0.0112607395,
      "mentions": [
        {
          "text": {
            "content": "thing",
            "beginOffset": -1
          },
          "type": "COMMON"
        }
      ]
    },
    {
      "name": "Apartments",
      "type": "LOCATION",
      "metadata": {},
      "salience": 0.01026592,
      "mentions": [
        {
          "text": {
            "content": "Apartments",
            "beginOffset": -1
          },
          "type": "COMMON"
        }
      ]
    },
    {
      "name": "sorts",
      "type": "OTHER",
      "metadata": {},
      "salience": 0.0091364905,
      "mentions": [
        {
          "text": {
            "content": "sorts",
            "beginOffset": -1
          },
          "type": "COMMON"
        }
      ]
    },
    {
      "name": "positions",
      "type": "OTHER",
      "metadata": {},
      "salience": 0.0091364905,
      "mentions": [
        {
          "text": {
            "content": "positions",
            "beginOffset": -1
          },
          "type": "COMMON"
        }
      ]
    },
    {
      "name": "vaccination",
      "type": "OTHER",
      "metadata": {},
      "salience": 0.009119205,
      "mentions": [
        {
          "text": {
            "content": "vaccination",
            "beginOffset": -1
          },
          "type": "COMMON"
        }
      ]
    },
    {
      "name": "deworming",
      "type": "OTHER",
      "metadata": {},
      "salience": 0.009119205,
      "mentions": [
        {
          "text": {
            "content": "deworming",
            "beginOffset": -1
          },
          "type": "COMMON"
        }
      ]
    },
    {
      "name": "kibble",
      "type": "OTHER",
      "metadata": {},
      "salience": 0.009104258,
      "mentions": [
        {
          "text": {
            "content": "kibble",
            "beginOffset": -1
          },
          "type": "COMMON"
        }
      ]
    },
    {
      "name": "food",
      "type": "OTHER",
      "metadata": {},
      "salience": 0.009104258,
      "mentions": [
        {
          "text": {
            "content": "food",
            "beginOffset": -1
          },
          "type": "COMMON"
        }
      ]
    },
    {
      "name": "cat tree",
      "type": "OTHER",
      "metadata": {},
      "salience": 0.0090700025,
      "mentions": [
        {
          "text": {
            "content": "cat tree",
            "beginOffset": -1
          },
          "type": "COMMON"
        }
      ]
    },
    {
      "name": "observance",
      "type": "OTHER",
      "metadata": {},
      "salience": 0.009045173,
      "mentions": [
        {
          "text": {
            "content": "observance",
            "beginOffset": -1
          },
          "type": "COMMON"
        }
      ]
    },
    {
      "name": "toss-arounds",
      "type": "OTHER",
      "metadata": {},
      "salience": 0.009045173,
      "mentions": [
        {
          "text": {
            "content": "toss-arounds",
            "beginOffset": -1
          },
          "type": "COMMON"
        }
      ]
    },
    {
      "name": "litter box",
      "type": "OTHER",
      "metadata": {},
      "salience": 0.008353981,
      "mentions": [
        {
          "text": {
            "content": "litter box",
            "beginOffset": -1
          },
          "type": "COMMON"
        }
      ]
    },
    {
      "name": "Adopters",
      "type": "PERSON",
      "metadata": {},
      "salience": 0.008341899,
      "mentions": [
        {
          "text": {
            "content": "Adopters",
            "beginOffset": -1
          },
          "type": "COMMON"
        }
      ]
    },
    {
      "name": "IMPORTANT",
      "type": "OTHER",
      "metadata": {},
      "salience": 0.008341899,
      "mentions": [
        {
          "text": {
            "content": "IMPORTANT",
            "beginOffset": -1
          },
          "type": "COMMON"
        }
      ]
    },
    {
      "name": "Neutering",
      "type": "OTHER",
      "metadata": {},
      "salience": 0.0075267125,
      "mentions": [
        {
          "text": {
            "content": "Neutering",
            "beginOffset": -1
          },
          "type": "COMMON"
        }
      ]
    },
    {
      "name": "well being",
      "type": "OTHER",
      "metadata": {},
      "salience": 0.0062654284,
      "mentions": [
        {
          "text": {
            "content": "well being",
            "beginOffset": -1
          },
          "type": "COMMON"
        }
      ]
    },
    {
      "name": "requirement",
      "type": "OTHER",
      "metadata": {},
      "salience": 0.0062592654,
      "mentions": [
        {
          "text": {
            "content": "requirement",
            "beginOffset": -1
          },
          "type": "COMMON"
        }
      ]
    },
    {
      "name": "streets",
      "type": "LOCATION",
      "metadata": {},
      "salience": 0.0062535643,
      "mentions": [
        {
          "text": {
            "content": "streets",
            "beginOffset": -1
          },
          "type": "COMMON"
        }
      ]
    },
    {
      "name": "kittens",
      "type": "PERSON",
      "metadata": {},
      "salience": 0.0061016576,
      "mentions": [
        {
          "text": {
            "content": "kittens",
            "beginOffset": -1
          },
          "type": "COMMON"
        }
      ]
    },
    {
      "name": "email",
      "type": "OTHER",
      "metadata": {},
      "salience": 0.004373809,
      "mentions": [
        {
          "text": {
            "content": "email",
            "beginOffset": -1
          },
          "type": "COMMON"
        }
      ]
    },
    {
      "name": "cats",
      "type": "OTHER",
      "metadata": {},
      "salience": 0.004373809,
      "mentions": [
        {
          "text": {
            "content": "cats",
            "beginOffset": -1
          },
          "type": "COMMON"
        }
      ]
    },
    {
      "name": "experience",
      "type": "OTHER",
      "metadata": {},
      "salience": 0.004373809,
      "mentions": [
        {
          "text": {
            "content": "experience",
            "beginOffset": -1
          },
          "type": "COMMON"
        }
      ]
    },
    {
      "name": "details",
      "type": "OTHER",
      "metadata": {},
      "salience": 0.004373809,
      "mentions": [
        {
          "text": {
            "content": "details",
            "beginOffset": -1
          },
          "type": "COMMON"
        }
      ]
    },
    {
      "name": "message",
      "type": "OTHER",
      "metadata": {},
      "salience": 0.004373809,
      "mentions": [
        {
          "text": {
            "content": "message",
            "beginOffset": -1
          },
          "type": "COMMON"
        }
      ]
    },
    {
      "name": "boy",
      "type": "PERSON",
      "metadata": {},
      "salience": 0.004373809,
      "mentions": [
        {
          "text": {
            "content": "boy",
            "beginOffset": -1
          },
          "type": "COMMON"
        }
      ]
    },
    {
      "name": "cat",
      "type": "OTHER",
      "metadata": {},
      "salience": 0.003430032,
      "mentions": [
        {
          "text": {
            "content": "cat",
            "beginOffset": -1
          },
          "type": "COMMON"
        }
      ]
    },
    {
      "name": "diet",
      "type": "OTHER",
      "metadata": {},
      "salience": 0.00275068,
      "mentions": [
        {
          "text": {
            "content": "diet",
            "beginOffset": -1
          },
          "type": "COMMON"
        }
      ]
    },
    {
      "name": "birth",
      "type": "EVENT",
      "metadata": {},
      "salience": 0.00275068,
      "mentions": [
        {
          "text": {
            "content": "birth",
            "beginOffset": -1
          },
          "type": "COMMON"
        }
      ]
    },
    {
      "name": "WhatsApp",
      "type": "CONSUMER_GOOD",
      "metadata": {
        "mid": "/m/0gwzvs1",
        "wikipedia_url": "https://en.wikipedia.org/wiki/WhatsApp"
      },
      "salience": 0.0025850073,
      "mentions": [
        {
          "text": {
            "content": "WhatsApp",
            "beginOffset": -1
          },
          "type": "PROPER"
        }
      ]
    },
    {
      "name": "Friskies",
      "type": "ORGANIZATION",
      "metadata": {
        "mid": "/m/03c0mct",
        "wikipedia_url": "https://en.wikipedia.org/wiki/Friskies"
      },
      "salience": 0.0016253864,
      "mentions": [
        {
          "text": {
            "content": "Friskies",
            "beginOffset": -1
          },
          "type": "PROPER"
        }
      ]
    },
    {
      "name": "Whiskas",
      "type": "ORGANIZATION",
      "metadata": {
        "mid": "/m/03nbxd",
        "wikipedia_url": "https://en.wikipedia.org/wiki/Whiskas"
      },
      "salience": 0.0016253864,
      "mentions": [
        {
          "text": {
            "content": "Whiskas",
            "beginOffset": -1
          },
          "type": "PROPER"
        }
      ]
    }
  ],
  "documentSentiment": {
    "magnitude": 8.4,
    "score": 0.4
  },
  "language": "en",
  "categories": []
}
