{
  "sentences": [
    {
      "text": {
        "content": "Kuma is a 2 months old kitten.",
        "beginOffset": -1
      },
      "sentiment": {
        "magnitude": 0,
        "score": 0
      }
    },
    {
      "text": {
        "content": "She is black and brown mostly.",
        "beginOffset": -1
      },
      "sentiment": {
        "magnitude": 0,
        "score": 0
      }
    },
    {
      "text": {
        "content": "A bit tubby because she likes to eat.",
        "beginOffset": -1
      },
      "sentiment": {
        "magnitude": 0.6,
        "score": 0.6
      }
    },
    {
      "text": {
        "content": "A bit of a scaredy cat but likes to play.",
        "beginOffset": -1
      },
      "sentiment": {
        "magnitude": 0.7,
        "score": 0.7
      }
    },
    {
      "text": {
        "content": "Toilet trained.",
        "beginOffset": -1
      },
      "sentiment": {
        "magnitude": 0.1,
        "score": 0.1
      }
    },
    {
      "text": {
        "content": "Kuma is my cat's offspring, but I am looking for adopters for Felix because currently we can only keep one cat at home.",
        "beginOffset": -1
      },
      "sentiment": {
        "magnitude": 0,
        "score": 0
      }
    },
    {
      "text": {
        "content": "I would prefer experienced kitten owners to adopt Kuma but first timers who are really serious about taking care of cats are always welcome.",
        "beginOffset": -1
      },
      "sentiment": {
        "magnitude": 0.9,
        "score": 0.9
      }
    },
    {
      "text": {
        "content": "Kuma's diet consists of Blackwood for kitten kibbles and Fussie Cat's tuna.",
        "beginOffset": -1
      },
      "sentiment": {
        "magnitude": 0,
        "score": 0
      }
    },
    {
      "text": {
        "content": "Drinks their mama's milk from time to time.",
        "beginOffset": -1
      },
      "sentiment": {
        "magnitude": 0.1,
        "score": 0.1
      }
    }
  ],
  "tokens": [],
  "entities": [
    {
      "name": "Kuma",
      "type": "PERSON",
      "metadata": {},
      "salience": 0.7631659,
      "mentions": [
        {
          "text": {
            "content": "Kuma",
            "beginOffset": -1
          },
          "type": "PROPER"
        },
        {
          "text": {
            "content": "kitten",
            "beginOffset": -1
          },
          "type": "COMMON"
        },
        {
          "text": {
            "content": "Kuma",
            "beginOffset": -1
          },
          "type": "PROPER"
        },
        {
          "text": {
            "content": "Kuma",
            "beginOffset": -1
          },
          "type": "PROPER"
        },
        {
          "text": {
            "content": "Kuma",
            "beginOffset": -1
          },
          "type": "PROPER"
        }
      ]
    },
    {
      "name": "bit",
      "type": "PERSON",
      "metadata": {},
      "salience": 0.021771394,
      "mentions": [
        {
          "text": {
            "content": "bit",
            "beginOffset": -1
          },
          "type": "COMMON"
        }
      ]
    },
    {
      "name": "bit",
      "type": "OTHER",
      "metadata": {},
      "salience": 0.021695185,
      "mentions": [
        {
          "text": {
            "content": "bit",
            "beginOffset": -1
          },
          "type": "COMMON"
        }
      ]
    },
    {
      "name": "cat",
      "type": "OTHER",
      "metadata": {},
      "salience": 0.017264836,
      "mentions": [
        {
          "text": {
            "content": "cat",
            "beginOffset": -1
          },
          "type": "COMMON"
        }
      ]
    },
    {
      "name": "cat",
      "type": "OTHER",
      "metadata": {},
      "salience": 0.017179534,
      "mentions": [
        {
          "text": {
            "content": "cat",
            "beginOffset": -1
          },
          "type": "COMMON"
        }
      ]
    },
    {
      "name": "offspring",
      "type": "EVENT",
      "metadata": {},
      "salience": 0.01659699,
      "mentions": [
        {
          "text": {
            "content": "offspring",
            "beginOffset": -1
          },
          "type": "COMMON"
        }
      ]
    },
    {
      "name": "Drinks",
      "type": "CONSUMER_GOOD",
      "metadata": {},
      "salience": 0.015957737,
      "mentions": [
        {
          "text": {
            "content": "Drinks",
            "beginOffset": -1
          },
          "type": "COMMON"
        }
      ]
    },
    {
      "name": "cat",
      "type": "OTHER",
      "metadata": {},
      "salience": 0.014477264,
      "mentions": [
        {
          "text": {
            "content": "cat",
            "beginOffset": -1
          },
          "type": "COMMON"
        }
      ]
    },
    {
      "name": "Toilet",
      "type": "OTHER",
      "metadata": {},
      "salience": 0.012866157,
      "mentions": [
        {
          "text": {
            "content": "Toilet",
            "beginOffset": -1
          },
          "type": "COMMON"
        }
      ]
    },
    {
      "name": "timers",
      "type": "PERSON",
      "metadata": {},
      "salience": 0.011936818,
      "mentions": [
        {
          "text": {
            "content": "timers",
            "beginOffset": -1
          },
          "type": "COMMON"
        }
      ]
    },
    {
      "name": "home",
      "type": "LOCATION",
      "metadata": {},
      "salience": 0.011928152,
      "mentions": [
        {
          "text": {
            "content": "home",
            "beginOffset": -1
          },
          "type": "COMMON"
        }
      ]
    },
    {
      "name": "kitten owners",
      "type": "PERSON",
      "metadata": {},
      "salience": 0.011905653,
      "mentions": [
        {
          "text": {
            "content": "kitten owners",
            "beginOffset": -1
          },
          "type": "COMMON"
        }
      ]
    },
    {
      "name": "diet",
      "type": "OTHER",
      "metadata": {},
      "salience": 0.0089663435,
      "mentions": [
        {
          "text": {
            "content": "diet",
            "beginOffset": -1
          },
          "type": "COMMON"
        }
      ]
    },
    {
      "name": "kitten kibbles",
      "type": "OTHER",
      "metadata": {},
      "salience": 0.0089663435,
      "mentions": [
        {
          "text": {
            "content": "kitten kibbles",
            "beginOffset": -1
          },
          "type": "COMMON"
        }
      ]
    },
    {
      "name": "Felix",
      "type": "PERSON",
      "metadata": {},
      "salience": 0.007696332,
      "mentions": [
        {
          "text": {
            "content": "Felix",
            "beginOffset": -1
          },
          "type": "PROPER"
        }
      ]
    },
    {
      "name": "tuna",
      "type": "OTHER",
      "metadata": {},
      "salience": 0.0062811547,
      "mentions": [
        {
          "text": {
            "content": "tuna",
            "beginOffset": -1
          },
          "type": "COMMON"
        }
      ]
    },
    {
      "name": "milk",
      "type": "OTHER",
      "metadata": {},
      "salience": 0.0062720757,
      "mentions": [
        {
          "text": {
            "content": "milk",
            "beginOffset": -1
          },
          "type": "COMMON"
        }
      ]
    },
    {
      "name": "mama",
      "type": "PERSON",
      "metadata": {},
      "salience": 0.0062720757,
      "mentions": [
        {
          "text": {
            "content": "mama",
            "beginOffset": -1
          },
          "type": "COMMON"
        }
      ]
    },
    {
      "name": "Blackwood",
      "type": "ORGANIZATION",
      "metadata": {},
      "salience": 0.005305874,
      "mentions": [
        {
          "text": {
            "content": "Blackwood",
            "beginOffset": -1
          },
          "type": "PROPER"
        }
      ]
    },
    {
      "name": "Fussie Cat",
      "type": "PERSON",
      "metadata": {},
      "salience": 0.0049788994,
      "mentions": [
        {
          "text": {
            "content": "Fussie Cat",
            "beginOffset": -1
          },
          "type": "PROPER"
        }
      ]
    },
    {
      "name": "care",
      "type": "OTHER",
      "metadata": {},
      "salience": 0.004571108,
      "mentions": [
        {
          "text": {
            "content": "care",
            "beginOffset": -1
          },
          "type": "COMMON"
        }
      ]
    },
    {
      "name": "cats",
      "type": "OTHER",
      "metadata": {},
      "salience": 0.0039441823,
      "mentions": [
        {
          "text": {
            "content": "cats",
            "beginOffset": -1
          },
          "type": "COMMON"
        }
      ]
    }
  ],
  "documentSentiment": {
    "magnitude": 2.8,
    "score": 0.3
  },
  "language": "en",
  "categories": []
}
