{
  "sentences": [
    {
      "text": {
        "content": "Babie she is a smart, playfull and friendly dog with the MKA certificate.",
        "beginOffset": -1
      },
      "sentiment": {
        "magnitude": 0.9,
        "score": 0.9
      }
    },
    {
      "text": {
        "content": "Only for the serious dog lover are welcome for adoption.",
        "beginOffset": -1
      },
      "sentiment": {
        "magnitude": 0.7,
        "score": 0.7
      }
    }
  ],
  "tokens": [],
  "entities": [
    {
      "name": "dog",
      "type": "OTHER",
      "metadata": {},
      "salience": 0.74390364,
      "mentions": [
        {
          "text": {
            "content": "dog",
            "beginOffset": -1
          },
          "type": "COMMON"
        }
      ]
    },
    {
      "name": "certificate",
      "type": "OTHER",
      "metadata": {},
      "salience": 0.11624272,
      "mentions": [
        {
          "text": {
            "content": "certificate",
            "beginOffset": -1
          },
          "type": "COMMON"
        }
      ]
    },
    {
      "name": "MKA",
      "type": "OTHER",
      "metadata": {},
      "salience": 0.07079845,
      "mentions": [
        {
          "text": {
            "content": "MKA",
            "beginOffset": -1
          },
          "type": "PROPER"
        }
      ]
    },
    {
      "name": "dog lover",
      "type": "PERSON",
      "metadata": {},
      "salience": 0.040500443,
      "mentions": [
        {
          "text": {
            "content": "dog lover",
            "beginOffset": -1
          },
          "type": "COMMON"
        }
      ]
    },
    {
      "name": "adoption",
      "type": "OTHER",
      "metadata": {},
      "salience": 0.02855472,
      "mentions": [
        {
          "text": {
            "content": "adoption",
            "beginOffset": -1
          },
          "type": "COMMON"
        }
      ]
    }
  ],
  "documentSentiment": {
    "magnitude": 1.6,
    "score": 0.8
  },
  "language": "en",
  "categories": []
}
