{
  "sentences": [
    {
      "text": {
        "content": "Please call to adopt/view Luki.",
        "beginOffset": -1
      },
      "sentiment": {
        "magnitude": 0,
        "score": 0
      }
    }
  ],
  "tokens": [],
  "entities": [
    {
      "name": "view",
      "type": "OTHER",
      "metadata": {},
      "salience": 0.8175404,
      "mentions": [
        {
          "text": {
            "content": "view",
            "beginOffset": -1
          },
          "type": "COMMON"
        }
      ]
    },
    {
      "name": "Luki",
      "type": "PERSON",
      "metadata": {},
      "salience": 0.1824596,
      "mentions": [
        {
          "text": {
            "content": "Luki",
            "beginOffset": -1
          },
          "type": "PROPER"
        }
      ]
    }
  ],
  "documentSentiment": {
    "magnitude": 0,
    "score": 0
  },
  "language": "en",
  "categories": []
}
