{
  "sentences": [
    {
      "text": {
        "content": "A mama cat (stray) recently gave birth to three cute little kittens in my office factory.",
        "beginOffset": -1
      },
      "sentiment": {
        "magnitude": 0.6,
        "score": 0.6
      }
    },
    {
      "text": {
        "content": "Would love for the three little kittens to have a good home instead of roaming around this factory area (dangerous as there are many heavy vehicles and a lot of traffic).",
        "beginOffset": -1
      },
      "sentiment": {
        "magnitude": 0.7,
        "score": 0.7
      }
    },
    {
      "text": {
        "content": "There are two mixed colours (grey and white) - one male, one female, and one tabby - female.",
        "beginOffset": -1
      },
      "sentiment": {
        "magnitude": 0.1,
        "score": 0.1
      }
    },
    {
      "text": {
        "content": "[Edit: Two of the white ones have been adopted (yay!) - only the female tabby left (dark brown).]",
        "beginOffset": -1
      },
      "sentiment": {
        "magnitude": 0.1,
        "score": 0.1
      }
    },
    {
      "text": {
        "content": "There are no adoption fees but the adopter must agree to the following conditions: 1.",
        "beginOffset": -1
      },
      "sentiment": {
        "magnitude": 0.8,
        "score": 0.8
      }
    },
    {
      "text": {
        "content": "Spay/neuter the cat once it is old enough.",
        "beginOffset": -1
      },
      "sentiment": {
        "magnitude": 0,
        "score": 0
      }
    },
    {
      "text": {
        "content": "2.",
        "beginOffset": -1
      },
      "sentiment": {
        "magnitude": 0,
        "score": 0
      }
    },
    {
      "text": {
        "content": "Vaccinate the cat(s) yearly.",
        "beginOffset": -1
      },
      "sentiment": {
        "magnitude": 0,
        "score": 0
      }
    },
    {
      "text": {
        "content": "3.",
        "beginOffset": -1
      },
      "sentiment": {
        "magnitude": 0,
        "score": 0
      }
    },
    {
      "text": {
        "content": "Strongly encouraged to apply spot-on (deflea) medication once in a while to protect the cat (and also yourself) against parasites.",
        "beginOffset": -1
      },
      "sentiment": {
        "magnitude": 0.7,
        "score": 0.7
      }
    },
    {
      "text": {
        "content": "If you are interested please send me a text/call/email and explain a little bit about your previous experience (even if none) with cats.",
        "beginOffset": -1
      },
      "sentiment": {
        "magnitude": 0,
        "score": 0
      }
    }
  ],
  "tokens": [],
  "entities": [
    {
      "name": "mama cat",
      "type": "OTHER",
      "metadata": {},
      "salience": 0.15631276,
      "mentions": [
        {
          "text": {
            "content": "mama cat",
            "beginOffset": -1
          },
          "type": "COMMON"
        }
      ]
    },
    {
      "name": "kittens",
      "type": "PERSON",
      "metadata": {},
      "salience": 0.13375303,
      "mentions": [
        {
          "text": {
            "content": "kittens",
            "beginOffset": -1
          },
          "type": "COMMON"
        }
      ]
    },
    {
      "name": "office factory",
      "type": "LOCATION",
      "metadata": {},
      "salience": 0.13375303,
      "mentions": [
        {
          "text": {
            "content": "office factory",
            "beginOffset": -1
          },
          "type": "COMMON"
        }
      ]
    },
    {
      "name": "birth",
      "type": "OTHER",
      "metadata": {},
      "salience": 0.118093096,
      "mentions": [
        {
          "text": {
            "content": "birth",
            "beginOffset": -1
          },
          "type": "COMMON"
        }
      ]
    },
    {
      "name": "kittens",
      "type": "PERSON",
      "metadata": {},
      "salience": 0.06327758,
      "mentions": [
        {
          "text": {
            "content": "kittens",
            "beginOffset": -1
          },
          "type": "COMMON"
        }
      ]
    },
    {
      "name": "factory area",
      "type": "LOCATION",
      "metadata": {},
      "salience": 0.02209048,
      "mentions": [
        {
          "text": {
            "content": "factory area",
            "beginOffset": -1
          },
          "type": "COMMON"
        }
      ]
    },
    {
      "name": "lot",
      "type": "OTHER",
      "metadata": {},
      "salience": 0.02209048,
      "mentions": [
        {
          "text": {
            "content": "lot",
            "beginOffset": -1
          },
          "type": "COMMON"
        }
      ]
    },
    {
      "name": "traffic",
      "type": "OTHER",
      "metadata": {},
      "salience": 0.02209048,
      "mentions": [
        {
          "text": {
            "content": "traffic",
            "beginOffset": -1
          },
          "type": "COMMON"
        }
      ]
    },
    {
      "name": "home",
      "type": "LOCATION",
      "metadata": {},
      "salience": 0.021821965,
      "mentions": [
        {
          "text": {
            "content": "home",
            "beginOffset": -1
          },
          "type": "COMMON"
        }
      ]
    },
    {
      "name": "vehicles",
      "type": "CONSUMER_GOOD",
      "metadata": {},
      "salience": 0.02155669,
      "mentions": [
        {
          "text": {
            "content": "vehicles",
            "beginOffset": -1
          },
          "type": "COMMON"
        }
      ]
    },
    {
      "name": "cat",
      "type": "OTHER",
      "metadata": {},
      "salience": 0.018324265,
      "mentions": [
        {
          "text": {
            "content": "cat",
            "beginOffset": -1
          },
          "type": "COMMON"
        }
      ]
    },
    {
      "name": "tabby",
      "type": "OTHER",
      "metadata": {},
      "salience": 0.017051926,
      "mentions": [
        {
          "text": {
            "content": "tabby",
            "beginOffset": -1
          },
          "type": "COMMON"
        }
      ]
    },
    {
      "name": "Two",
      "type": "PERSON",
      "metadata": {},
      "salience": 0.017051926,
      "mentions": [
        {
          "text": {
            "content": "Two",
            "beginOffset": -1
          },
          "type": "COMMON"
        }
      ]
    },
    {
      "name": "tabby - female",
      "type": "PERSON",
      "metadata": {},
      "salience": 0.016903782,
      "mentions": [
        {
          "text": {
            "content": "tabby - female",
            "beginOffset": -1
          },
          "type": "COMMON"
        }
      ]
    },
    {
      "name": "female",
      "type": "PERSON",
      "metadata": {},
      "salience": 0.016903782,
      "mentions": [
        {
          "text": {
            "content": "female",
            "beginOffset": -1
          },
          "type": "COMMON"
        }
      ]
    },
    {
      "name": "ones",
      "type": "OTHER",
      "metadata": {},
      "salience": 0.014985506,
      "mentions": [
        {
          "text": {
            "content": "ones",
            "beginOffset": -1
          },
          "type": "COMMON"
        }
      ]
    },
    {
      "name": "brown",
      "type": "OTHER",
      "metadata": {},
      "salience": 0.014985506,
      "mentions": [
        {
          "text": {
            "content": "brown",
            "beginOffset": -1
          },
          "type": "COMMON"
        }
      ]
    },
    {
      "name": "male",
      "type": "PERSON",
      "metadata": {},
      "salience": 0.014855228,
      "mentions": [
        {
          "text": {
            "content": "male",
            "beginOffset": -1
          },
          "type": "COMMON"
        }
      ]
    },
    {
      "name": "grey",
      "type": "OTHER",
      "metadata": {},
      "salience": 0.014855228,
      "mentions": [
        {
          "text": {
            "content": "grey",
            "beginOffset": -1
          },
          "type": "COMMON"
        }
      ]
    },
    {
      "name": "colours",
      "type": "OTHER",
      "metadata": {},
      "salience": 0.014495436,
      "mentions": [
        {
          "text": {
            "content": "colours",
            "beginOffset": -1
          },
          "type": "COMMON"
        }
      ]
    },
    {
      "name": "conditions",
      "type": "OTHER",
      "metadata": {},
      "salience": 0.01371548,
      "mentions": [
        {
          "text": {
            "content": "conditions",
            "beginOffset": -1
          },
          "type": "COMMON"
        }
      ]
    },
    {
      "name": "adoption fees",
      "type": "OTHER",
      "metadata": {},
      "salience": 0.013383171,
      "mentions": [
        {
          "text": {
            "content": "adoption fees",
            "beginOffset": -1
          },
          "type": "COMMON"
        }
      ]
    },
    {
      "name": "cat",
      "type": "OTHER",
      "metadata": {},
      "salience": 0.010617124,
      "mentions": [
        {
          "text": {
            "content": "cat",
            "beginOffset": -1
          },
          "type": "COMMON"
        }
      ]
    },
    {
      "name": "medication",
      "type": "OTHER",
      "metadata": {},
      "salience": 0.010255415,
      "mentions": [
        {
          "text": {
            "content": "medication",
            "beginOffset": -1
          },
          "type": "COMMON"
        }
      ]
    },
    {
      "name": "parasites",
      "type": "OTHER",
      "metadata": {},
      "salience": 0.010255415,
      "mentions": [
        {
          "text": {
            "content": "parasites",
            "beginOffset": -1
          },
          "type": "COMMON"
        }
      ]
    },
    {
      "name": "deflea",
      "type": "OTHER",
      "metadata": {},
      "salience": 0.010255415,
      "mentions": [
        {
          "text": {
            "content": "deflea",
            "beginOffset": -1
          },
          "type": "COMMON"
        }
      ]
    },
    {
      "name": "email",
      "type": "OTHER",
      "metadata": {},
      "salience": 0.007173668,
      "mentions": [
        {
          "text": {
            "content": "email",
            "beginOffset": -1
          },
          "type": "COMMON"
        }
      ]
    },
    {
      "name": "call",
      "type": "OTHER",
      "metadata": {},
      "salience": 0.007173668,
      "mentions": [
        {
          "text": {
            "content": "call",
            "beginOffset": -1
          },
          "type": "COMMON"
        }
      ]
    },
    {
      "name": "text",
      "type": "OTHER",
      "metadata": {},
      "salience": 0.007173668,
      "mentions": [
        {
          "text": {
            "content": "text",
            "beginOffset": -1
          },
          "type": "COMMON"
        }
      ]
    },
    {
      "name": "bit",
      "type": "OTHER",
      "metadata": {},
      "salience": 0.007173668,
      "mentions": [
        {
          "text": {
            "content": "bit",
            "beginOffset": -1
          },
          "type": "COMMON"
        }
      ]
    },
    {
      "name": "experience",
      "type": "OTHER",
      "metadata": {},
      "salience": 0.007173668,
      "mentions": [
        {
          "text": {
            "content": "experience",
            "beginOffset": -1
          },
          "type": "COMMON"
        }
      ]
    },
    {
      "name": "none",
      "type": "OTHER",
      "metadata": {},
      "salience": 0.007173668,
      "mentions": [
        {
          "text": {
            "content": "none",
            "beginOffset": -1
          },
          "type": "COMMON"
        }
      ]
    },
    {
      "name": "cats",
      "type": "OTHER",
      "metadata": {},
      "salience": 0.007173668,
      "mentions": [
        {
          "text": {
            "content": "cats",
            "beginOffset": -1
          },
          "type": "COMMON"
        }
      ]
    },
    {
      "name": "cat(s)",
      "type": "OTHER",
      "metadata": {},
      "salience": 0.0060501383,
      "mentions": [
        {
          "text": {
            "content": "cat(s)",
            "beginOffset": -1
          },
          "type": "COMMON"
        }
      ]
    }
  ],
  "documentSentiment": {
    "magnitude": 3.6,
    "score": 0.3
  },
  "language": "en",
  "categories": []
}
