{
  "sentences": [
    {
      "text": {
        "content": "Abandoned behind the speedmart 99 without the mommy cat.",
        "beginOffset": -1
      },
      "sentiment": {
        "magnitude": 0.9,
        "score": -0.9
      }
    },
    {
      "text": {
        "content": "If you will love them, call us!!",
        "beginOffset": -1
      },
      "sentiment": {
        "magnitude": 0.7,
        "score": 0.7
      }
    }
  ],
  "tokens": [],
  "entities": [
    {
      "name": "speedmart",
      "type": "OTHER",
      "metadata": {},
      "salience": 0.5848176,
      "mentions": [
        {
          "text": {
            "content": "speedmart",
            "beginOffset": -1
          },
          "type": "COMMON"
        }
      ]
    },
    {
      "name": "mommy cat",
      "type": "OTHER",
      "metadata": {},
      "salience": 0.4151824,
      "mentions": [
        {
          "text": {
            "content": "mommy cat",
            "beginOffset": -1
          },
          "type": "COMMON"
        }
      ]
    }
  ],
  "documentSentiment": {
    "magnitude": 1.7,
    "score": 0
  },
  "language": "en",
  "categories": []
}
