{
  "sentences": [
    {
      "text": {
        "content": "Hi 2 kitty were found for adoption one black (Male) and one gray color (female) any kindsoul willing to adopt this kitty please contact Madam Teh Thks",
        "beginOffset": -1
      },
      "sentiment": {
        "magnitude": 0.4,
        "score": 0.4
      }
    }
  ],
  "tokens": [],
  "entities": [
    {
      "name": "kitty",
      "type": "OTHER",
      "metadata": {},
      "salience": 0.42874014,
      "mentions": [
        {
          "text": {
            "content": "kitty",
            "beginOffset": -1
          },
          "type": "COMMON"
        }
      ]
    },
    {
      "name": "adoption",
      "type": "OTHER",
      "metadata": {},
      "salience": 0.16842376,
      "mentions": [
        {
          "text": {
            "content": "adoption",
            "beginOffset": -1
          },
          "type": "COMMON"
        }
      ]
    },
    {
      "name": "color",
      "type": "OTHER",
      "metadata": {},
      "salience": 0.11839291,
      "mentions": [
        {
          "text": {
            "content": "color",
            "beginOffset": -1
          },
          "type": "COMMON"
        }
      ]
    },
    {
      "name": "black",
      "type": "OTHER",
      "metadata": {},
      "salience": 0.117035374,
      "mentions": [
        {
          "text": {
            "content": "black",
            "beginOffset": -1
          },
          "type": "COMMON"
        }
      ]
    },
    {
      "name": "kitty",
      "type": "OTHER",
      "metadata": {},
      "salience": 0.09445157,
      "mentions": [
        {
          "text": {
            "content": "kitty",
            "beginOffset": -1
          },
          "type": "COMMON"
        }
      ]
    },
    {
      "name": "kindsoul",
      "type": "PERSON",
      "metadata": {},
      "salience": 0.037521042,
      "mentions": [
        {
          "text": {
            "content": "kindsoul",
            "beginOffset": -1
          },
          "type": "COMMON"
        }
      ]
    },
    {
      "name": "Madam Teh Thks",
      "type": "ORGANIZATION",
      "metadata": {},
      "salience": 0.03543522,
      "mentions": [
        {
          "text": {
            "content": "Madam Teh Thks",
            "beginOffset": -1
          },
          "type": "PROPER"
        }
      ]
    }
  ],
  "documentSentiment": {
    "magnitude": 0.4,
    "score": 0.4
  },
  "language": "en",
  "categories": []
}
