{
  "sentences": [
    {
      "text": {
        "content": "Both abandon by irresponsible people in my Taman.",
        "beginOffset": -1
      },
      "sentiment": {
        "magnitude": 0.8,
        "score": -0.8
      }
    },
    {
      "text": {
        "content": "Both crying looking for their mother and very hungry.",
        "beginOffset": -1
      },
      "sentiment": {
        "magnitude": 0,
        "score": 0
      }
    },
    {
      "text": {
        "content": "They are sibling but found one day after another.",
        "beginOffset": -1
      },
      "sentiment": {
        "magnitude": 0,
        "score": 0
      }
    },
    {
      "text": {
        "content": "Herb is around 3mths old healthy, alert and sandpit trained.",
        "beginOffset": -1
      },
      "sentiment": {
        "magnitude": 0.5,
        "score": 0.5
      }
    },
    {
      "text": {
        "content": "She is a female kitten Greyish with black strips pls look at picture.",
        "beginOffset": -1
      },
      "sentiment": {
        "magnitude": 0,
        "score": 0
      }
    },
    {
      "text": {
        "content": "Peaches has very nice yellowish gold,closer to peach colour 4mths old.",
        "beginOffset": -1
      },
      "sentiment": {
        "magnitude": 0.7,
        "score": 0.7
      }
    },
    {
      "text": {
        "content": "She is also a female kitten active and healthy sandpit trained.",
        "beginOffset": -1
      },
      "sentiment": {
        "magnitude": 0.7,
        "score": 0.7
      }
    },
    {
      "text": {
        "content": "We rescue kittens and dogs in our taman.",
        "beginOffset": -1
      },
      "sentiment": {
        "magnitude": 0.2,
        "score": 0.2
      }
    }
  ],
  "tokens": [],
  "entities": [
    {
      "name": "people",
      "type": "PERSON",
      "metadata": {},
      "salience": 0.19983366,
      "mentions": [
        {
          "text": {
            "content": "people",
            "beginOffset": -1
          },
          "type": "COMMON"
        }
      ]
    },
    {
      "name": "abandon",
      "type": "OTHER",
      "metadata": {},
      "salience": 0.19983366,
      "mentions": [
        {
          "text": {
            "content": "abandon",
            "beginOffset": -1
          },
          "type": "COMMON"
        }
      ]
    },
    {
      "name": "Taman",
      "type": "PERSON",
      "metadata": {},
      "salience": 0.13720255,
      "mentions": [
        {
          "text": {
            "content": "Taman",
            "beginOffset": -1
          },
          "type": "PROPER"
        }
      ]
    },
    {
      "name": "kitten",
      "type": "PERSON",
      "metadata": {},
      "salience": 0.078353025,
      "mentions": [
        {
          "text": {
            "content": "kitten",
            "beginOffset": -1
          },
          "type": "COMMON"
        }
      ]
    },
    {
      "name": "sibling",
      "type": "PERSON",
      "metadata": {},
      "salience": 0.04781158,
      "mentions": [
        {
          "text": {
            "content": "sibling",
            "beginOffset": -1
          },
          "type": "COMMON"
        }
      ]
    },
    {
      "name": "mother",
      "type": "PERSON",
      "metadata": {},
      "salience": 0.038140107,
      "mentions": [
        {
          "text": {
            "content": "mother",
            "beginOffset": -1
          },
          "type": "COMMON"
        }
      ]
    },
    {
      "name": "kitten",
      "type": "PERSON",
      "metadata": {},
      "salience": 0.032200444,
      "mentions": [
        {
          "text": {
            "content": "kitten",
            "beginOffset": -1
          },
          "type": "COMMON"
        }
      ]
    },
    {
      "name": "Peaches",
      "type": "OTHER",
      "metadata": {},
      "salience": 0.0315543,
      "mentions": [
        {
          "text": {
            "content": "Peaches",
            "beginOffset": -1
          },
          "type": "COMMON"
        }
      ]
    },
    {
      "name": "sandpit",
      "type": "OTHER",
      "metadata": {},
      "salience": 0.029472256,
      "mentions": [
        {
          "text": {
            "content": "sandpit",
            "beginOffset": -1
          },
          "type": "COMMON"
        }
      ]
    },
    {
      "name": "alert",
      "type": "OTHER",
      "metadata": {},
      "salience": 0.025912033,
      "mentions": [
        {
          "text": {
            "content": "alert",
            "beginOffset": -1
          },
          "type": "COMMON"
        }
      ]
    },
    {
      "name": "another",
      "type": "EVENT",
      "metadata": {},
      "salience": 0.025687473,
      "mentions": [
        {
          "text": {
            "content": "another",
            "beginOffset": -1
          },
          "type": "COMMON"
        }
      ]
    },
    {
      "name": "strips",
      "type": "CONSUMER_GOOD",
      "metadata": {},
      "salience": 0.023722364,
      "mentions": [
        {
          "text": {
            "content": "strips",
            "beginOffset": -1
          },
          "type": "COMMON"
        }
      ]
    },
    {
      "name": "picture",
      "type": "WORK_OF_ART",
      "metadata": {},
      "salience": 0.023722364,
      "mentions": [
        {
          "text": {
            "content": "picture",
            "beginOffset": -1
          },
          "type": "COMMON"
        }
      ]
    },
    {
      "name": "sandpit",
      "type": "OTHER",
      "metadata": {},
      "salience": 0.020285208,
      "mentions": [
        {
          "text": {
            "content": "sandpit",
            "beginOffset": -1
          },
          "type": "COMMON"
        }
      ]
    },
    {
      "name": "Herb",
      "type": "PERSON",
      "metadata": {
        "mid": "/m/03gq1",
        "wikipedia_url": "https://en.wikipedia.org/wiki/Herb"
      },
      "salience": 0.018231113,
      "mentions": [
        {
          "text": {
            "content": "Herb",
            "beginOffset": -1
          },
          "type": "PROPER"
        }
      ]
    },
    {
      "name": "Greyish",
      "type": "OTHER",
      "metadata": {},
      "salience": 0.017960008,
      "mentions": [
        {
          "text": {
            "content": "Greyish",
            "beginOffset": -1
          },
          "type": "PROPER"
        }
      ]
    },
    {
      "name": "kittens",
      "type": "PERSON",
      "metadata": {},
      "salience": 0.0155589525,
      "mentions": [
        {
          "text": {
            "content": "kittens",
            "beginOffset": -1
          },
          "type": "COMMON"
        }
      ]
    },
    {
      "name": "taman",
      "type": "PERSON",
      "metadata": {},
      "salience": 0.014195515,
      "mentions": [
        {
          "text": {
            "content": "taman",
            "beginOffset": -1
          },
          "type": "COMMON"
        }
      ]
    },
    {
      "name": "dogs",
      "type": "OTHER",
      "metadata": {},
      "salience": 0.012473485,
      "mentions": [
        {
          "text": {
            "content": "dogs",
            "beginOffset": -1
          },
          "type": "COMMON"
        }
      ]
    },
    {
      "name": "gold",
      "type": "OTHER",
      "metadata": {},
      "salience": 0.007849922,
      "mentions": [
        {
          "text": {
            "content": "gold",
            "beginOffset": -1
          },
          "type": "COMMON"
        }
      ]
    }
  ],
  "documentSentiment": {
    "magnitude": 3.4,
    "score": 0.1
  },
  "language": "en",
  "categories": []
}
