{
  "sentences": [
    {
      "text": {
        "content": "i found this bengal near Seksyen 10 Shah Alam got a minor scratch on his body, maybe he got into fight with other strays i think.",
        "beginOffset": -1
      },
      "sentiment": {
        "magnitude": 0.3,
        "score": 0.3
      }
    },
    {
      "text": {
        "content": "as i know about his behaviour he is pretty paranoid but not aggressive, very manja during meal time, and playful..he's toilet trained so don't worry.",
        "beginOffset": -1
      },
      "sentiment": {
        "magnitude": 0.7,
        "score": 0.7
      }
    },
    {
      "text": {
        "content": "(=^ω^=)",
        "beginOffset": -1
      },
      "sentiment": {
        "magnitude": 0.5,
        "score": 0.5
      }
    }
  ],
  "tokens": [],
  "entities": [
    {
      "name": "Seksyen 10 Shah Alam",
      "type": "PERSON",
      "metadata": {},
      "salience": 0.740318,
      "mentions": [
        {
          "text": {
            "content": "Seksyen 10 Shah Alam",
            "beginOffset": -1
          },
          "type": "PROPER"
        }
      ]
    },
    {
      "name": "bengal",
      "type": "LOCATION",
      "metadata": {},
      "salience": 0.10629005,
      "mentions": [
        {
          "text": {
            "content": "bengal",
            "beginOffset": -1
          },
          "type": "COMMON"
        }
      ]
    },
    {
      "name": "body",
      "type": "OTHER",
      "metadata": {},
      "salience": 0.042925157,
      "mentions": [
        {
          "text": {
            "content": "body",
            "beginOffset": -1
          },
          "type": "COMMON"
        }
      ]
    },
    {
      "name": "fight",
      "type": "EVENT",
      "metadata": {},
      "salience": 0.029340284,
      "mentions": [
        {
          "text": {
            "content": "fight",
            "beginOffset": -1
          },
          "type": "COMMON"
        }
      ]
    },
    {
      "name": "strays",
      "type": "OTHER",
      "metadata": {},
      "salience": 0.029340284,
      "mentions": [
        {
          "text": {
            "content": "strays",
            "beginOffset": -1
          },
          "type": "COMMON"
        }
      ]
    },
    {
      "name": "scratch",
      "type": "OTHER",
      "metadata": {},
      "salience": 0.02730545,
      "mentions": [
        {
          "text": {
            "content": "scratch",
            "beginOffset": -1
          },
          "type": "COMMON"
        }
      ]
    },
    {
      "name": "behaviour",
      "type": "OTHER",
      "metadata": {},
      "salience": 0.014450922,
      "mentions": [
        {
          "text": {
            "content": "behaviour",
            "beginOffset": -1
          },
          "type": "COMMON"
        }
      ]
    },
    {
      "name": "toilet",
      "type": "OTHER",
      "metadata": {},
      "salience": 0.01002983,
      "mentions": [
        {
          "text": {
            "content": "toilet",
            "beginOffset": -1
          },
          "type": "COMMON"
        }
      ]
    }
  ],
  "documentSentiment": {
    "magnitude": 1.6,
    "score": 0.5
  },
  "language": "en",
  "categories": []
}
