{
  "sentences": [
    {
      "text": {
        "content": "Fully brown little pup with big paw and sporty attitude.",
        "beginOffset": -1
      },
      "sentiment": {
        "magnitude": 0.6,
        "score": 0.6
      }
    },
    {
      "text": {
        "content": "She now growing super friendly and love to play and jumping around!",
        "beginOffset": -1
      },
      "sentiment": {
        "magnitude": 0.9,
        "score": 0.9
      }
    }
  ],
  "tokens": [],
  "entities": [
    {
      "name": "pup",
      "type": "OTHER",
      "metadata": {},
      "salience": 0.55589753,
      "mentions": [
        {
          "text": {
            "content": "pup",
            "beginOffset": -1
          },
          "type": "COMMON"
        }
      ]
    },
    {
      "name": "paw",
      "type": "OTHER",
      "metadata": {},
      "salience": 0.26007953,
      "mentions": [
        {
          "text": {
            "content": "paw",
            "beginOffset": -1
          },
          "type": "COMMON"
        }
      ]
    },
    {
      "name": "attitude",
      "type": "OTHER",
      "metadata": {},
      "salience": 0.18402293,
      "mentions": [
        {
          "text": {
            "content": "attitude",
            "beginOffset": -1
          },
          "type": "COMMON"
        }
      ]
    }
  ],
  "documentSentiment": {
    "magnitude": 1.5,
    "score": 0.7
  },
  "language": "en",
  "categories": []
}
