{
  "sentences": [
    {
      "text": {
        "content": "有人可以給孩子們一個家嗎？",
        "beginOffset": -1
      },
      "sentiment": {
        "magnitude": 0.4,
        "score": 0.4
      }
    },
    {
      "text": {
        "content": "有養貓經驗者優先....",
        "beginOffset": -1
      },
      "sentiment": {
        "magnitude": 0.5,
        "score": 0.5
      }
    },
    {
      "text": {
        "content": "Whatsapp",
        "beginOffset": -1
      },
      "sentiment": {
        "magnitude": 0.1,
        "score": 0.1
      }
    }
  ],
  "tokens": [],
  "entities": [
    {
      "name": "人",
      "type": "PERSON",
      "metadata": {},
      "salience": 0.570344,
      "mentions": [
        {
          "text": {
            "content": "人",
            "beginOffset": -1
          },
          "type": "COMMON"
        }
      ]
    },
    {
      "name": "孩子們",
      "type": "PERSON",
      "metadata": {},
      "salience": 0.18891202,
      "mentions": [
        {
          "text": {
            "content": "孩子們",
            "beginOffset": -1
          },
          "type": "COMMON"
        }
      ]
    },
    {
      "name": "家",
      "type": "LOCATION",
      "metadata": {},
      "salience": 0.08986051,
      "mentions": [
        {
          "text": {
            "content": "家",
            "beginOffset": -1
          },
          "type": "COMMON"
        }
      ]
    },
    {
      "name": "Whatsapp",
      "type": "CONSUMER_GOOD",
      "metadata": {
        "mid": "/m/0gwzvs1",
        "wikipedia_url": "https://en.wikipedia.org/wiki/WhatsApp"
      },
      "salience": 0.08982235,
      "mentions": [
        {
          "text": {
            "content": "Whatsapp",
            "beginOffset": -1
          },
          "type": "PROPER"
        }
      ]
    },
    {
      "name": "養貓經驗者",
      "type": "PERSON",
      "metadata": {},
      "salience": 0.06106116,
      "mentions": [
        {
          "text": {
            "content": "養貓經驗者",
            "beginOffset": -1
          },
          "type": "COMMON"
        }
      ]
    }
  ],
  "documentSentiment": {
    "magnitude": 1.1,
    "score": 0.3
  },
  "language": "zh-Hant",
  "categories": []
}
