{
  "sentences": [
    {
      "text": {
        "content": "Soft fur, bushy tail Brown head with white body DOB: Oct Vaccinated, dewormed To adopt, kindly visit PAWS, PJ.",
        "beginOffset": -1
      },
      "sentiment": {
        "magnitude": 0.4,
        "score": 0.4
      }
    },
    {
      "text": {
        "content": "Fb page: Adoption Page - PAWS PJ -&gt; For Adoption Folder",
        "beginOffset": -1
      },
      "sentiment": {
        "magnitude": 0,
        "score": 0
      }
    }
  ],
  "tokens": [],
  "entities": [
    {
      "name": "fur",
      "type": "OTHER",
      "metadata": {},
      "salience": 0.2609226,
      "mentions": [
        {
          "text": {
            "content": "fur",
            "beginOffset": -1
          },
          "type": "COMMON"
        }
      ]
    },
    {
      "name": "PAWS",
      "type": "OTHER",
      "metadata": {},
      "salience": 0.22177994,
      "mentions": [
        {
          "text": {
            "content": "PAWS",
            "beginOffset": -1
          },
          "type": "PROPER"
        },
        {
          "text": {
            "content": "PAWS",
            "beginOffset": -1
          },
          "type": "COMMON"
        }
      ]
    },
    {
      "name": "tail",
      "type": "OTHER",
      "metadata": {},
      "salience": 0.19038701,
      "mentions": [
        {
          "text": {
            "content": "tail",
            "beginOffset": -1
          },
          "type": "COMMON"
        }
      ]
    },
    {
      "name": "head",
      "type": "PERSON",
      "metadata": {},
      "salience": 0.07801345,
      "mentions": [
        {
          "text": {
            "content": "head",
            "beginOffset": -1
          },
          "type": "COMMON"
        }
      ]
    },
    {
      "name": "body",
      "type": "OTHER",
      "metadata": {},
      "salience": 0.07801345,
      "mentions": [
        {
          "text": {
            "content": "body",
            "beginOffset": -1
          },
          "type": "COMMON"
        }
      ]
    },
    {
      "name": "PJ",
      "type": "PERSON",
      "metadata": {},
      "salience": 0.057235215,
      "mentions": [
        {
          "text": {
            "content": "PJ",
            "beginOffset": -1
          },
          "type": "PROPER"
        },
        {
          "text": {
            "content": "PJ",
            "beginOffset": -1
          },
          "type": "PROPER"
        }
      ]
    },
    {
      "name": "Brown",
      "type": "PERSON",
      "metadata": {},
      "salience": 0.04706983,
      "mentions": [
        {
          "text": {
            "content": "Brown",
            "beginOffset": -1
          },
          "type": "PROPER"
        }
      ]
    },
    {
      "name": "DOB",
      "type": "ORGANIZATION",
      "metadata": {},
      "salience": 0.0320588,
      "mentions": [
        {
          "text": {
            "content": "DOB",
            "beginOffset": -1
          },
          "type": "PROPER"
        }
      ]
    },
    {
      "name": "Adoption Folder",
      "type": "OTHER",
      "metadata": {},
      "salience": 0.01289735,
      "mentions": [
        {
          "text": {
            "content": "Adoption Folder",
            "beginOffset": -1
          },
          "type": "COMMON"
        }
      ]
    },
    {
      "name": "Adoption Page",
      "type": "OTHER",
      "metadata": {},
      "salience": 0.012403714,
      "mentions": [
        {
          "text": {
            "content": "Adoption Page",
            "beginOffset": -1
          },
          "type": "PROPER"
        }
      ]
    },
    {
      "name": "Fb page",
      "type": "OTHER",
      "metadata": {},
      "salience": 0.009218624,
      "mentions": [
        {
          "text": {
            "content": "Fb page",
            "beginOffset": -1
          },
          "type": "COMMON"
        }
      ]
    }
  ],
  "documentSentiment": {
    "magnitude": 0.4,
    "score": 0.1
  },
  "language": "en",
  "categories": []
}
