{
  "sentences": [
    {
      "text": {
        "content": "Winnie's friendly but can be quite playful and expecially loves to play nibble",
        "beginOffset": -1
      },
      "sentiment": {
        "magnitude": 0.9,
        "score": 0.9
      }
    }
  ],
  "tokens": [],
  "entities": [
    {
      "name": "Winnie",
      "type": "PERSON",
      "metadata": {},
      "salience": 0.873751,
      "mentions": [
        {
          "text": {
            "content": "Winnie",
            "beginOffset": -1
          },
          "type": "PROPER"
        }
      ]
    },
    {
      "name": "nibble",
      "type": "OTHER",
      "metadata": {},
      "salience": 0.12624903,
      "mentions": [
        {
          "text": {
            "content": "nibble",
            "beginOffset": -1
          },
          "type": "COMMON"
        }
      ]
    }
  ],
  "documentSentiment": {
    "magnitude": 0.9,
    "score": 0.9
  },
  "language": "en",
  "categories": []
}
