{
  "sentences": [
    {
      "text": {
        "content": "Di Di says...",
        "beginOffset": -1
      },
      "sentiment": {
        "magnitude": 0,
        "score": 0
      }
    },
    {
      "text": {
        "content": "&quot;I used to roam the backlane of this neighbourhood and it was safe to do so back then.",
        "beginOffset": -1
      },
      "sentiment": {
        "magnitude": 0.4,
        "score": 0.4
      }
    },
    {
      "text": {
        "content": "My feeder mommy feeds my friends and i and allow us to take shelter from the sun and rain in her backyard.",
        "beginOffset": -1
      },
      "sentiment": {
        "magnitude": 0.3,
        "score": 0.3
      }
    },
    {
      "text": {
        "content": "Recently, 3 of my meow friends died from eating rat poison.",
        "beginOffset": -1
      },
      "sentiment": {
        "magnitude": 0.1,
        "score": 0.1
      }
    },
    {
      "text": {
        "content": "They really suffered as their internal organ practically bleed them to death.",
        "beginOffset": -1
      },
      "sentiment": {
        "magnitude": 0.7,
        "score": -0.7
      }
    },
    {
      "text": {
        "content": "Another buddy of mine was saved, but he now has permanent nerve damage and can never be released back to the streets.",
        "beginOffset": -1
      },
      "sentiment": {
        "magnitude": 0.7,
        "score": -0.7
      }
    },
    {
      "text": {
        "content": "For my own safety my feeder mommy had to keep me in a cage now, so that i won't accidentally eat any rat poison that smells and looks yummy.",
        "beginOffset": -1
      },
      "sentiment": {
        "magnitude": 0.8,
        "score": 0.8
      }
    },
    {
      "text": {
        "content": "I don't like being in a cage though.",
        "beginOffset": -1
      },
      "sentiment": {
        "magnitude": 0,
        "score": 0
      }
    },
    {
      "text": {
        "content": "My feeder mommy says, she will try to look for a safe and loving home for me, where i will be loved and be kept indoors so that i will be safe from other male cat that may want to beat me up and other dangerous things out there.",
        "beginOffset": -1
      },
      "sentiment": {
        "magnitude": 0.8,
        "score": 0.8
      }
    },
    {
      "text": {
        "content": "So if you want to take me home and make me a part of your family, please contact my feeder mommy Yoke Mei at or email her at ya.",
        "beginOffset": -1
      },
      "sentiment": {
        "magnitude": 0,
        "score": 0
      }
    },
    {
      "text": {
        "content": "Ok?",
        "beginOffset": -1
      },
      "sentiment": {
        "magnitude": 0.1,
        "score": 0.1
      }
    },
    {
      "text": {
        "content": "I will pray every night that tomorrow will be the &quot;DAY&quot; i will be cuddle and shower with love.&quot;",
        "beginOffset": -1
      },
      "sentiment": {
        "magnitude": 0.8,
        "score": 0.8
      }
    },
    {
      "text": {
        "content": "Di Di Location : Kelana Jaya, Selangor..",
        "beginOffset": -1
      },
      "sentiment": {
        "magnitude": 0.1,
        "score": 0.1
      }
    }
  ],
  "tokens": [],
  "entities": [
    {
      "name": "Di Di",
      "type": "PERSON",
      "metadata": {},
      "salience": 0.33888888,
      "mentions": [
        {
          "text": {
            "content": "Di Di",
            "beginOffset": -1
          },
          "type": "PROPER"
        }
      ]
    },
    {
      "name": "feeder mommy",
      "type": "PERSON",
      "metadata": {},
      "salience": 0.2871174,
      "mentions": [
        {
          "text": {
            "content": "feeder mommy",
            "beginOffset": -1
          },
          "type": "COMMON"
        },
        {
          "text": {
            "content": "feeder mommy",
            "beginOffset": -1
          },
          "type": "COMMON"
        },
        {
          "text": {
            "content": "feeder mommy",
            "beginOffset": -1
          },
          "type": "COMMON"
        }
      ]
    },
    {
      "name": "backlane",
      "type": "OTHER",
      "metadata": {},
      "salience": 0.03295589,
      "mentions": [
        {
          "text": {
            "content": "backlane",
            "beginOffset": -1
          },
          "type": "COMMON"
        }
      ]
    },
    {
      "name": "friends",
      "type": "PERSON",
      "metadata": {},
      "salience": 0.032793686,
      "mentions": [
        {
          "text": {
            "content": "friends",
            "beginOffset": -1
          },
          "type": "COMMON"
        }
      ]
    },
    {
      "name": "neighbourhood",
      "type": "LOCATION",
      "metadata": {},
      "salience": 0.028985439,
      "mentions": [
        {
          "text": {
            "content": "neighbourhood",
            "beginOffset": -1
          },
          "type": "COMMON"
        }
      ]
    },
    {
      "name": "home",
      "type": "LOCATION",
      "metadata": {},
      "salience": 0.023251856,
      "mentions": [
        {
          "text": {
            "content": "home",
            "beginOffset": -1
          },
          "type": "COMMON"
        }
      ]
    },
    {
      "name": "cuddle",
      "type": "OTHER",
      "metadata": {},
      "salience": 0.022298474,
      "mentions": [
        {
          "text": {
            "content": "cuddle",
            "beginOffset": -1
          },
          "type": "COMMON"
        }
      ]
    },
    {
      "name": "buddy",
      "type": "PERSON",
      "metadata": {},
      "salience": 0.021916864,
      "mentions": [
        {
          "text": {
            "content": "buddy",
            "beginOffset": -1
          },
          "type": "COMMON"
        }
      ]
    },
    {
      "name": "rat poison",
      "type": "OTHER",
      "metadata": {},
      "salience": 0.021489361,
      "mentions": [
        {
          "text": {
            "content": "rat poison",
            "beginOffset": -1
          },
          "type": "COMMON"
        }
      ]
    },
    {
      "name": "Yoke Mei",
      "type": "PERSON",
      "metadata": {},
      "salience": 0.015513013,
      "mentions": [
        {
          "text": {
            "content": "Yoke Mei",
            "beginOffset": -1
          },
          "type": "PROPER"
        }
      ]
    },
    {
      "name": "shelter",
      "type": "OTHER",
      "metadata": {},
      "salience": 0.012557,
      "mentions": [
        {
          "text": {
            "content": "shelter",
            "beginOffset": -1
          },
          "type": "COMMON"
        }
      ]
    },
    {
      "name": "backyard",
      "type": "LOCATION",
      "metadata": {},
      "salience": 0.012486696,
      "mentions": [
        {
          "text": {
            "content": "backyard",
            "beginOffset": -1
          },
          "type": "COMMON"
        }
      ]
    },
    {
      "name": "meow friends",
      "type": "PERSON",
      "metadata": {},
      "salience": 0.0124427285,
      "mentions": [
        {
          "text": {
            "content": "meow friends",
            "beginOffset": -1
          },
          "type": "COMMON"
        }
      ]
    },
    {
      "name": "rat poison",
      "type": "OTHER",
      "metadata": {},
      "salience": 0.0124427285,
      "mentions": [
        {
          "text": {
            "content": "rat poison",
            "beginOffset": -1
          },
          "type": "COMMON"
        }
      ]
    },
    {
      "name": "rain",
      "type": "OTHER",
      "metadata": {},
      "salience": 0.01097222,
      "mentions": [
        {
          "text": {
            "content": "rain",
            "beginOffset": -1
          },
          "type": "COMMON"
        }
      ]
    },
    {
      "name": "sun",
      "type": "OTHER",
      "metadata": {},
      "salience": 0.01097222,
      "mentions": [
        {
          "text": {
            "content": "sun",
            "beginOffset": -1
          },
          "type": "COMMON"
        }
      ]
    },
    {
      "name": "cage",
      "type": "OTHER",
      "metadata": {},
      "salience": 0.00844743,
      "mentions": [
        {
          "text": {
            "content": "cage",
            "beginOffset": -1
          },
          "type": "COMMON"
        }
      ]
    },
    {
      "name": "cage",
      "type": "LOCATION",
      "metadata": {},
      "salience": 0.0077388496,
      "mentions": [
        {
          "text": {
            "content": "cage",
            "beginOffset": -1
          },
          "type": "COMMON"
        }
      ]
    },
    {
      "name": "safety",
      "type": "OTHER",
      "metadata": {},
      "salience": 0.0074215173,
      "mentions": [
        {
          "text": {
            "content": "safety",
            "beginOffset": -1
          },
          "type": "COMMON"
        }
      ]
    },
    {
      "name": "death",
      "type": "EVENT",
      "metadata": {},
      "salience": 0.0073612696,
      "mentions": [
        {
          "text": {
            "content": "death",
            "beginOffset": -1
          },
          "type": "COMMON"
        }
      ]
    },
    {
      "name": "organ",
      "type": "ORGANIZATION",
      "metadata": {},
      "salience": 0.0073612696,
      "mentions": [
        {
          "text": {
            "content": "organ",
            "beginOffset": -1
          },
          "type": "COMMON"
        }
      ]
    },
    {
      "name": "streets",
      "type": "LOCATION",
      "metadata": {},
      "salience": 0.0073448005,
      "mentions": [
        {
          "text": {
            "content": "streets",
            "beginOffset": -1
          },
          "type": "COMMON"
        }
      ]
    },
    {
      "name": "nerve damage",
      "type": "OTHER",
      "metadata": {},
      "salience": 0.0073448005,
      "mentions": [
        {
          "text": {
            "content": "nerve damage",
            "beginOffset": -1
          },
          "type": "COMMON"
        }
      ]
    },
    {
      "name": "mine",
      "type": "LOCATION",
      "metadata": {},
      "salience": 0.0073448005,
      "mentions": [
        {
          "text": {
            "content": "mine",
            "beginOffset": -1
          },
          "type": "COMMON"
        }
      ]
    },
    {
      "name": "feeder mommy",
      "type": "PERSON",
      "metadata": {},
      "salience": 0.0068491176,
      "mentions": [
        {
          "text": {
            "content": "feeder mommy",
            "beginOffset": -1
          },
          "type": "COMMON"
        }
      ]
    },
    {
      "name": "cat",
      "type": "OTHER",
      "metadata": {},
      "salience": 0.0057293056,
      "mentions": [
        {
          "text": {
            "content": "cat",
            "beginOffset": -1
          },
          "type": "COMMON"
        }
      ]
    },
    {
      "name": "home",
      "type": "LOCATION",
      "metadata": {},
      "salience": 0.0051105246,
      "mentions": [
        {
          "text": {
            "content": "home",
            "beginOffset": -1
          },
          "type": "COMMON"
        }
      ]
    },
    {
      "name": "family",
      "type": "PERSON",
      "metadata": {},
      "salience": 0.0051105246,
      "mentions": [
        {
          "text": {
            "content": "family",
            "beginOffset": -1
          },
          "type": "COMMON"
        }
      ]
    },
    {
      "name": "part",
      "type": "OTHER",
      "metadata": {},
      "salience": 0.0040456895,
      "mentions": [
        {
          "text": {
            "content": "part",
            "beginOffset": -1
          },
          "type": "COMMON"
        }
      ]
    },
    {
      "name": "shower",
      "type": "OTHER",
      "metadata": {},
      "salience": 0.0035694132,
      "mentions": [
        {
          "text": {
            "content": "shower",
            "beginOffset": -1
          },
          "type": "COMMON"
        }
      ]
    },
    {
      "name": "love",
      "type": "OTHER",
      "metadata": {},
      "salience": 0.0035694132,
      "mentions": [
        {
          "text": {
            "content": "love",
            "beginOffset": -1
          },
          "type": "COMMON"
        }
      ]
    },
    {
      "name": "things",
      "type": "OTHER",
      "metadata": {},
      "salience": 0.0022441954,
      "mentions": [
        {
          "text": {
            "content": "things",
            "beginOffset": -1
          },
          "type": "COMMON"
        }
      ]
    },
    {
      "name": "Di Di Location",
      "type": "LOCATION",
      "metadata": {},
      "salience": 0.0021075362,
      "mentions": [
        {
          "text": {
            "content": "Di Di Location",
            "beginOffset": -1
          },
          "type": "PROPER"
        }
      ]
    },
    {
      "name": "Kelana Jaya",
      "type": "LOCATION",
      "metadata": {
        "mid": "/m/0d449n",
        "wikipedia_url": "https://en.wikipedia.org/wiki/Kelana_Jaya"
      },
      "salience": 0.0021075362,
      "mentions": [
        {
          "text": {
            "content": "Kelana Jaya",
            "beginOffset": -1
          },
          "type": "PROPER"
        }
      ]
    },
    {
      "name": "Selangor",
      "type": "LOCATION",
      "metadata": {
        "mid": "/m/01jc9d",
        "wikipedia_url": "https://en.wikipedia.org/wiki/Selangor"
      },
      "salience": 0.0021075362,
      "mentions": [
        {
          "text": {
            "content": "Selangor",
            "beginOffset": -1
          },
          "type": "PROPER"
        }
      ]
    }
  ],
  "documentSentiment": {
    "magnitude": 5.5,
    "score": 0.1
  },
  "language": "en",
  "categories": []
}
