{
  "sentences": [
    {
      "text": {
        "content": "Dewi (D.O.B /) is an active cat with light blue eyes.",
        "beginOffset": -1
      },
      "sentiment": {
        "magnitude": 0.1,
        "score": 0.1
      }
    },
    {
      "text": {
        "content": "Passionate cat lover only.",
        "beginOffset": -1
      },
      "sentiment": {
        "magnitude": 0.6,
        "score": 0.6
      }
    },
    {
      "text": {
        "content": "If you're really really interested, feel free to contact(wassap) me and provide me details as below: Name: Location: Etc...",
        "beginOffset": -1
      },
      "sentiment": {
        "magnitude": 0.7,
        "score": 0.7
      }
    },
    {
      "text": {
        "content": "Adoption fee are negotiable.",
        "beginOffset": -1
      },
      "sentiment": {
        "magnitude": 0,
        "score": 0
      }
    },
    {
      "text": {
        "content": "Self pick up.",
        "beginOffset": -1
      },
      "sentiment": {
        "magnitude": 0.2,
        "score": 0.2
      }
    },
    {
      "text": {
        "content": "TQ 😊",
        "beginOffset": -1
      },
      "sentiment": {
        "magnitude": 0.3,
        "score": 0.3
      }
    }
  ],
  "tokens": [],
  "entities": [
    {
      "name": "Dewi",
      "type": "PERSON",
      "metadata": {},
      "salience": 0.26236692,
      "mentions": [
        {
          "text": {
            "content": "Dewi",
            "beginOffset": -1
          },
          "type": "PROPER"
        }
      ]
    },
    {
      "name": "D.O.B",
      "type": "ORGANIZATION",
      "metadata": {},
      "salience": 0.22131336,
      "mentions": [
        {
          "text": {
            "content": "D.O.B",
            "beginOffset": -1
          },
          "type": "PROPER"
        }
      ]
    },
    {
      "name": "cat",
      "type": "OTHER",
      "metadata": {},
      "salience": 0.20727624,
      "mentions": [
        {
          "text": {
            "content": "cat",
            "beginOffset": -1
          },
          "type": "COMMON"
        }
      ]
    },
    {
      "name": "eyes",
      "type": "OTHER",
      "metadata": {},
      "salience": 0.1453804,
      "mentions": [
        {
          "text": {
            "content": "eyes",
            "beginOffset": -1
          },
          "type": "COMMON"
        }
      ]
    },
    {
      "name": "cat lover",
      "type": "PERSON",
      "metadata": {},
      "salience": 0.048551966,
      "mentions": [
        {
          "text": {
            "content": "cat lover",
            "beginOffset": -1
          },
          "type": "COMMON"
        }
      ]
    },
    {
      "name": "Adoption fee",
      "type": "OTHER",
      "metadata": {},
      "salience": 0.03302913,
      "mentions": [
        {
          "text": {
            "content": "Adoption fee",
            "beginOffset": -1
          },
          "type": "COMMON"
        }
      ]
    },
    {
      "name": "wassap",
      "type": "OTHER",
      "metadata": {},
      "salience": 0.026696838,
      "mentions": [
        {
          "text": {
            "content": "wassap",
            "beginOffset": -1
          },
          "type": "PROPER"
        }
      ]
    },
    {
      "name": "Name",
      "type": "OTHER",
      "metadata": {},
      "salience": 0.014972575,
      "mentions": [
        {
          "text": {
            "content": "Name",
            "beginOffset": -1
          },
          "type": "COMMON"
        }
      ]
    },
    {
      "name": "Location",
      "type": "LOCATION",
      "metadata": {},
      "salience": 0.014972575,
      "mentions": [
        {
          "text": {
            "content": "Location",
            "beginOffset": -1
          },
          "type": "COMMON"
        }
      ]
    },
    {
      "name": "TQ",
      "type": "PERSON",
      "metadata": {},
      "salience": 0.014008313,
      "mentions": [
        {
          "text": {
            "content": "TQ",
            "beginOffset": -1
          },
          "type": "PROPER"
        }
      ]
    },
    {
      "name": "details",
      "type": "OTHER",
      "metadata": {},
      "salience": 0.011431667,
      "mentions": [
        {
          "text": {
            "content": "details",
            "beginOffset": -1
          },
          "type": "COMMON"
        }
      ]
    }
  ],
  "documentSentiment": {
    "magnitude": 2.2,
    "score": 0.3
  },
  "language": "en",
  "categories": []
}
