{
  "sentences": [
    {
      "text": {
        "content": "this cat belong to my neighbor,,, they are going to go to mecca for umrah so nobody going to take care of her, i cant have her either because i have rabbit and my land lord didnt let me to have cat,,,so please i need help, i will upload the pic tonight,,she is very beautiful...if u interested please call me",
        "beginOffset": -1
      },
      "sentiment": {
        "magnitude": 0.3,
        "score": -0.3
      }
    }
  ],
  "tokens": [],
  "entities": [
    {
      "name": "neighbor",
      "type": "PERSON",
      "metadata": {},
      "salience": 0.53746396,
      "mentions": [
        {
          "text": {
            "content": "neighbor",
            "beginOffset": -1
          },
          "type": "COMMON"
        }
      ]
    },
    {
      "name": "cat",
      "type": "OTHER",
      "metadata": {},
      "salience": 0.1436104,
      "mentions": [
        {
          "text": {
            "content": "cat",
            "beginOffset": -1
          },
          "type": "COMMON"
        }
      ]
    },
    {
      "name": "mecca",
      "type": "OTHER",
      "metadata": {},
      "salience": 0.050309587,
      "mentions": [
        {
          "text": {
            "content": "mecca",
            "beginOffset": -1
          },
          "type": "COMMON"
        }
      ]
    },
    {
      "name": "umrah",
      "type": "OTHER",
      "metadata": {},
      "salience": 0.050309587,
      "mentions": [
        {
          "text": {
            "content": "umrah",
            "beginOffset": -1
          },
          "type": "COMMON"
        }
      ]
    },
    {
      "name": "nobody",
      "type": "PERSON",
      "metadata": {},
      "salience": 0.04570669,
      "mentions": [
        {
          "text": {
            "content": "nobody",
            "beginOffset": -1
          },
          "type": "COMMON"
        }
      ]
    },
    {
      "name": "care",
      "type": "OTHER",
      "metadata": {},
      "salience": 0.03908845,
      "mentions": [
        {
          "text": {
            "content": "care",
            "beginOffset": -1
          },
          "type": "COMMON"
        }
      ]
    },
    {
      "name": "cat",
      "type": "OTHER",
      "metadata": {},
      "salience": 0.035724763,
      "mentions": [
        {
          "text": {
            "content": "cat",
            "beginOffset": -1
          },
          "type": "COMMON"
        }
      ]
    },
    {
      "name": "rabbit",
      "type": "OTHER",
      "metadata": {},
      "salience": 0.034228183,
      "mentions": [
        {
          "text": {
            "content": "rabbit",
            "beginOffset": -1
          },
          "type": "COMMON"
        }
      ]
    },
    {
      "name": "land lord",
      "type": "PERSON",
      "metadata": {},
      "salience": 0.031832244,
      "mentions": [
        {
          "text": {
            "content": "land lord",
            "beginOffset": -1
          },
          "type": "COMMON"
        }
      ]
    },
    {
      "name": "pic",
      "type": "WORK_OF_ART",
      "metadata": {},
      "salience": 0.022661805,
      "mentions": [
        {
          "text": {
            "content": "pic",
            "beginOffset": -1
          },
          "type": "COMMON"
        }
      ]
    },
    {
      "name": "help",
      "type": "OTHER",
      "metadata": {},
      "salience": 0.009064358,
      "mentions": [
        {
          "text": {
            "content": "help",
            "beginOffset": -1
          },
          "type": "COMMON"
        }
      ]
    }
  ],
  "documentSentiment": {
    "magnitude": 0.3,
    "score": -0.3
  },
  "language": "en",
  "categories": []
}
