{
  "sentences": [
    {
      "text": {
        "content": "i.",
        "beginOffset": -1
      },
      "sentiment": {
        "magnitude": 0.1,
        "score": 0.1
      }
    },
    {
      "text": {
        "content": "Submissive and lovely ii.",
        "beginOffset": -1
      },
      "sentiment": {
        "magnitude": 0.8,
        "score": 0.8
      }
    },
    {
      "text": {
        "content": "Abandoned iii.",
        "beginOffset": -1
      },
      "sentiment": {
        "magnitude": 0.9,
        "score": -0.9
      }
    },
    {
      "text": {
        "content": "Adoption fee RM is for spaying + vaccination + microchipping iv.",
        "beginOffset": -1
      },
      "sentiment": {
        "magnitude": 0,
        "score": 0
      }
    },
    {
      "text": {
        "content": "Her appointed Vet is in Kota Kemuning/Cheras Perdana.",
        "beginOffset": -1
      },
      "sentiment": {
        "magnitude": 0.3,
        "score": 0.3
      }
    },
    {
      "text": {
        "content": "Her once a year annual vaccination has to be done at the appointed Vet.",
        "beginOffset": -1
      },
      "sentiment": {
        "magnitude": 0.2,
        "score": 0.2
      }
    },
    {
      "text": {
        "content": "v. Direct adopters only, not for someone who is adopting for parents/husband/wife/boyfriend/sisters/children...etc.",
        "beginOffset": -1
      },
      "sentiment": {
        "magnitude": 0,
        "score": 0
      }
    },
    {
      "text": {
        "content": "Interested kindly drop me an email we can arrange for viewing.tqvm",
        "beginOffset": -1
      },
      "sentiment": {
        "magnitude": 0.8,
        "score": 0.8
      }
    }
  ],
  "tokens": [],
  "entities": [
    {
      "name": "iii",
      "type": "OTHER",
      "metadata": {},
      "salience": 0.18665846,
      "mentions": [
        {
          "text": {
            "content": "iii",
            "beginOffset": -1
          },
          "type": "COMMON"
        }
      ]
    },
    {
      "name": "spaying + vaccination",
      "type": "OTHER",
      "metadata": {},
      "salience": 0.08146044,
      "mentions": [
        {
          "text": {
            "content": "spaying + vaccination",
            "beginOffset": -1
          },
          "type": "COMMON"
        }
      ]
    },
    {
      "name": "Adoption fee",
      "type": "OTHER",
      "metadata": {},
      "salience": 0.071656816,
      "mentions": [
        {
          "text": {
            "content": "Adoption fee",
            "beginOffset": -1
          },
          "type": "COMMON"
        }
      ]
    },
    {
      "name": "iv",
      "type": "OTHER",
      "metadata": {},
      "salience": 0.071656816,
      "mentions": [
        {
          "text": {
            "content": "iv",
            "beginOffset": -1
          },
          "type": "COMMON"
        }
      ]
    },
    {
      "name": "microchipping",
      "type": "OTHER",
      "metadata": {},
      "salience": 0.071656816,
      "mentions": [
        {
          "text": {
            "content": "microchipping",
            "beginOffset": -1
          },
          "type": "COMMON"
        }
      ]
    },
    {
      "name": "vaccination",
      "type": "OTHER",
      "metadata": {},
      "salience": 0.06511225,
      "mentions": [
        {
          "text": {
            "content": "vaccination",
            "beginOffset": -1
          },
          "type": "COMMON"
        }
      ]
    },
    {
      "name": "Vet",
      "type": "LOCATION",
      "metadata": {
        "mid": "/m/01hbsc",
        "wikipedia_url": "https://en.wikipedia.org/wiki/Veterinary_physician"
      },
      "salience": 0.061515395,
      "mentions": [
        {
          "text": {
            "content": "Vet",
            "beginOffset": -1
          },
          "type": "PROPER"
        },
        {
          "text": {
            "content": "Vet",
            "beginOffset": -1
          },
          "type": "PROPER"
        }
      ]
    },
    {
      "name": "RM",
      "type": "LOCATION",
      "metadata": {},
      "salience": 0.05109225,
      "mentions": [
        {
          "text": {
            "content": "RM",
            "beginOffset": -1
          },
          "type": "PROPER"
        }
      ]
    },
    {
      "name": "adopters",
      "type": "PERSON",
      "metadata": {},
      "salience": 0.05091735,
      "mentions": [
        {
          "text": {
            "content": "adopters",
            "beginOffset": -1
          },
          "type": "COMMON"
        }
      ]
    },
    {
      "name": "someone",
      "type": "PERSON",
      "metadata": {},
      "salience": 0.037804194,
      "mentions": [
        {
          "text": {
            "content": "someone",
            "beginOffset": -1
          },
          "type": "COMMON"
        }
      ]
    },
    {
      "name": "children",
      "type": "PERSON",
      "metadata": {},
      "salience": 0.033779737,
      "mentions": [
        {
          "text": {
            "content": "children",
            "beginOffset": -1
          },
          "type": "COMMON"
        }
      ]
    },
    {
      "name": "sisters",
      "type": "PERSON",
      "metadata": {},
      "salience": 0.033779737,
      "mentions": [
        {
          "text": {
            "content": "sisters",
            "beginOffset": -1
          },
          "type": "COMMON"
        }
      ]
    },
    {
      "name": "boyfriend",
      "type": "PERSON",
      "metadata": {},
      "salience": 0.033779737,
      "mentions": [
        {
          "text": {
            "content": "boyfriend",
            "beginOffset": -1
          },
          "type": "COMMON"
        }
      ]
    },
    {
      "name": "Kota Kemuning",
      "type": "LOCATION",
      "metadata": {
        "mid": "/m/0chjz5",
        "wikipedia_url": "https://en.wikipedia.org/wiki/Kota_Kemuning"
      },
      "salience": 0.0286639,
      "mentions": [
        {
          "text": {
            "content": "Kota Kemuning",
            "beginOffset": -1
          },
          "type": "PROPER"
        }
      ]
    },
    {
      "name": "Cheras Perdana",
      "type": "LOCATION",
      "metadata": {
        "mid": "/g/1th46x6s"
      },
      "salience": 0.0286639,
      "mentions": [
        {
          "text": {
            "content": "Cheras Perdana",
            "beginOffset": -1
          },
          "type": "PROPER"
        }
      ]
    },
    {
      "name": "email",
      "type": "OTHER",
      "metadata": {},
      "salience": 0.023633484,
      "mentions": [
        {
          "text": {
            "content": "email",
            "beginOffset": -1
          },
          "type": "COMMON"
        }
      ]
    },
    {
      "name": "viewing.tqvm",
      "type": "OTHER",
      "metadata": {},
      "salience": 0.023633484,
      "mentions": [
        {
          "text": {
            "content": "viewing.tqvm",
            "beginOffset": -1
          },
          "type": "COMMON"
        }
      ]
    },
    {
      "name": "wife",
      "type": "PERSON",
      "metadata": {},
      "salience": 0.014845083,
      "mentions": [
        {
          "text": {
            "content": "wife",
            "beginOffset": -1
          },
          "type": "COMMON"
        }
      ]
    },
    {
      "name": "husband",
      "type": "PERSON",
      "metadata": {},
      "salience": 0.014845083,
      "mentions": [
        {
          "text": {
            "content": "husband",
            "beginOffset": -1
          },
          "type": "COMMON"
        }
      ]
    },
    {
      "name": "parents",
      "type": "PERSON",
      "metadata": {},
      "salience": 0.014845083,
      "mentions": [
        {
          "text": {
            "content": "parents",
            "beginOffset": -1
          },
          "type": "COMMON"
        }
      ]
    }
  ],
  "documentSentiment": {
    "magnitude": 3.4,
    "score": 0.1
  },
  "language": "en",
  "categories": []
}
