{
  "sentences": [
    {
      "text": {
        "content": "Max is the most adorable corgi mix you would have ever seen.",
        "beginOffset": -1
      },
      "sentiment": {
        "magnitude": 0.9,
        "score": 0.9
      }
    },
    {
      "text": {
        "content": "This handsome boy was abandoned and we rescued him and are now looking for a forever home for him.",
        "beginOffset": -1
      },
      "sentiment": {
        "magnitude": 0,
        "score": 0
      }
    },
    {
      "text": {
        "content": "If you wish to adopt, call us now at.",
        "beginOffset": -1
      },
      "sentiment": {
        "magnitude": 0.2,
        "score": 0.2
      }
    }
  ],
  "tokens": [],
  "entities": [
    {
      "name": "Max",
      "type": "PERSON",
      "metadata": {},
      "salience": 0.3665084,
      "mentions": [
        {
          "text": {
            "content": "Max",
            "beginOffset": -1
          },
          "type": "PROPER"
        }
      ]
    },
    {
      "name": "boy",
      "type": "PERSON",
      "metadata": {},
      "salience": 0.35271347,
      "mentions": [
        {
          "text": {
            "content": "boy",
            "beginOffset": -1
          },
          "type": "COMMON"
        }
      ]
    },
    {
      "name": "corgi mix",
      "type": "OTHER",
      "metadata": {},
      "salience": 0.2590608,
      "mentions": [
        {
          "text": {
            "content": "corgi mix",
            "beginOffset": -1
          },
          "type": "COMMON"
        }
      ]
    },
    {
      "name": "home",
      "type": "LOCATION",
      "metadata": {},
      "salience": 0.021717338,
      "mentions": [
        {
          "text": {
            "content": "home",
            "beginOffset": -1
          },
          "type": "COMMON"
        }
      ]
    }
  ],
  "documentSentiment": {
    "magnitude": 1.1,
    "score": 0.3
  },
  "language": "en",
  "categories": []
}
