{
  "sentences": [
    {
      "text": {
        "content": "She is lovely kitten, she like to stay near to you, sleep with you.",
        "beginOffset": -1
      },
      "sentiment": {
        "magnitude": 0.8,
        "score": 0.8
      }
    },
    {
      "text": {
        "content": "She also very gentle kitten like to climb on you and cuddle.",
        "beginOffset": -1
      },
      "sentiment": {
        "magnitude": 0.9,
        "score": 0.9
      }
    },
    {
      "text": {
        "content": "She is train to litter train to eat at food bowl.",
        "beginOffset": -1
      },
      "sentiment": {
        "magnitude": 0,
        "score": 0
      }
    },
    {
      "text": {
        "content": "She also regular bath 1 in 2 weeks.",
        "beginOffset": -1
      },
      "sentiment": {
        "magnitude": 0,
        "score": 0
      }
    },
    {
      "text": {
        "content": "She is dewormed and this july will be vaccinated.",
        "beginOffset": -1
      },
      "sentiment": {
        "magnitude": 0,
        "score": 0
      }
    },
    {
      "text": {
        "content": "When adopt a bag of food will be given, 2 bowl for food and water also will br given for free and also a toy.",
        "beginOffset": -1
      },
      "sentiment": {
        "magnitude": 0.3,
        "score": 0.3
      }
    },
    {
      "text": {
        "content": "Just wanted for her to have a new better family.",
        "beginOffset": -1
      },
      "sentiment": {
        "magnitude": 0.4,
        "score": 0.4
      }
    }
  ],
  "tokens": [],
  "entities": [
    {
      "name": "kitten",
      "type": "PERSON",
      "metadata": {},
      "salience": 0.65159684,
      "mentions": [
        {
          "text": {
            "content": "kitten",
            "beginOffset": -1
          },
          "type": "COMMON"
        }
      ]
    },
    {
      "name": "kitten",
      "type": "PERSON",
      "metadata": {},
      "salience": 0.20798367,
      "mentions": [
        {
          "text": {
            "content": "kitten",
            "beginOffset": -1
          },
          "type": "COMMON"
        }
      ]
    },
    {
      "name": "train",
      "type": "OTHER",
      "metadata": {},
      "salience": 0.02579948,
      "mentions": [
        {
          "text": {
            "content": "train",
            "beginOffset": -1
          },
          "type": "COMMON"
        }
      ]
    },
    {
      "name": "food bowl",
      "type": "OTHER",
      "metadata": {},
      "salience": 0.020474462,
      "mentions": [
        {
          "text": {
            "content": "food bowl",
            "beginOffset": -1
          },
          "type": "COMMON"
        }
      ]
    },
    {
      "name": "litter train",
      "type": "OTHER",
      "metadata": {},
      "salience": 0.020226499,
      "mentions": [
        {
          "text": {
            "content": "litter train",
            "beginOffset": -1
          },
          "type": "COMMON"
        }
      ]
    },
    {
      "name": "bath",
      "type": "OTHER",
      "metadata": {},
      "salience": 0.017941872,
      "mentions": [
        {
          "text": {
            "content": "bath",
            "beginOffset": -1
          },
          "type": "COMMON"
        }
      ]
    },
    {
      "name": "water",
      "type": "OTHER",
      "metadata": {},
      "salience": 0.012373854,
      "mentions": [
        {
          "text": {
            "content": "water",
            "beginOffset": -1
          },
          "type": "COMMON"
        }
      ]
    },
    {
      "name": "toy",
      "type": "CONSUMER_GOOD",
      "metadata": {},
      "salience": 0.012373854,
      "mentions": [
        {
          "text": {
            "content": "toy",
            "beginOffset": -1
          },
          "type": "COMMON"
        }
      ]
    },
    {
      "name": "family",
      "type": "PERSON",
      "metadata": {},
      "salience": 0.008552198,
      "mentions": [
        {
          "text": {
            "content": "family",
            "beginOffset": -1
          },
          "type": "COMMON"
        }
      ]
    },
    {
      "name": "food",
      "type": "OTHER",
      "metadata": {},
      "salience": 0.006788665,
      "mentions": [
        {
          "text": {
            "content": "food",
            "beginOffset": -1
          },
          "type": "COMMON"
        }
      ]
    },
    {
      "name": "food",
      "type": "OTHER",
      "metadata": {},
      "salience": 0.006788665,
      "mentions": [
        {
          "text": {
            "content": "food",
            "beginOffset": -1
          },
          "type": "COMMON"
        }
      ]
    },
    {
      "name": "bowl",
      "type": "CONSUMER_GOOD",
      "metadata": {},
      "salience": 0.004844257,
      "mentions": [
        {
          "text": {
            "content": "bowl",
            "beginOffset": -1
          },
          "type": "COMMON"
        }
      ]
    },
    {
      "name": "bag",
      "type": "OTHER",
      "metadata": {},
      "salience": 0.0042556575,
      "mentions": [
        {
          "text": {
            "content": "bag",
            "beginOffset": -1
          },
          "type": "COMMON"
        }
      ]
    }
  ],
  "documentSentiment": {
    "magnitude": 2.7,
    "score": 0.3
  },
  "language": "en",
  "categories": []
}
