{
  "sentences": [
    {
      "text": {
        "content": "My new friend.",
        "beginOffset": -1
      },
      "sentiment": {
        "magnitude": 0.2,
        "score": 0.2
      }
    },
    {
      "text": {
        "content": "I named her as Dot Dot.This lil girl been loitering in front of my taman's children playground for nearly one month.",
        "beginOffset": -1
      },
      "sentiment": {
        "magnitude": 0.4,
        "score": -0.4
      }
    },
    {
      "text": {
        "content": "Not sure about her age guess she is roughly 3 or 4 months.",
        "beginOffset": -1
      },
      "sentiment": {
        "magnitude": 0,
        "score": 0
      }
    },
    {
      "text": {
        "content": "She is very very cute, clever,friendly and playful.",
        "beginOffset": -1
      },
      "sentiment": {
        "magnitude": 0.9,
        "score": 0.9
      }
    },
    {
      "text": {
        "content": "Been feeding her everyday.",
        "beginOffset": -1
      },
      "sentiment": {
        "magnitude": 0.1,
        "score": 0.1
      }
    },
    {
      "text": {
        "content": "Feeling real sad as i really couldn't keep her anymore as house already got 4 furkids.",
        "beginOffset": -1
      },
      "sentiment": {
        "magnitude": 0.4,
        "score": -0.4
      }
    },
    {
      "text": {
        "content": "She is just so pretty and awesome like a lil angel!!!",
        "beginOffset": -1
      },
      "sentiment": {
        "magnitude": 0.9,
        "score": 0.9
      }
    },
    {
      "text": {
        "content": "🌹🌹🌹wish to find her a forever home with tender, love and care!",
        "beginOffset": -1
      },
      "sentiment": {
        "magnitude": 0.9,
        "score": 0.9
      }
    },
    {
      "text": {
        "content": "Dot Dot deserves that with no doubt!!!",
        "beginOffset": -1
      },
      "sentiment": {
        "magnitude": 0.7,
        "score": 0.7
      }
    },
    {
      "text": {
        "content": "I can confirm she will be tour very best friend!!!!!",
        "beginOffset": -1
      },
      "sentiment": {
        "magnitude": 0.8,
        "score": 0.8
      }
    },
    {
      "text": {
        "content": "Please do not hesitate to contact me if u r interested.",
        "beginOffset": -1
      },
      "sentiment": {
        "magnitude": 0.1,
        "score": 0.1
      }
    },
    {
      "text": {
        "content": "Pm me k thanks!!!!!",
        "beginOffset": -1
      },
      "sentiment": {
        "magnitude": 0.6,
        "score": 0.6
      }
    },
    {
      "text": {
        "content": "Please help to share out k ❤️",
        "beginOffset": -1
      },
      "sentiment": {
        "magnitude": 0.2,
        "score": 0.2
      }
    }
  ],
  "tokens": [],
  "entities": [
    {
      "name": "friend",
      "type": "PERSON",
      "metadata": {},
      "salience": 0.40447763,
      "mentions": [
        {
          "text": {
            "content": "friend",
            "beginOffset": -1
          },
          "type": "COMMON"
        }
      ]
    },
    {
      "name": "lil girl",
      "type": "PERSON",
      "metadata": {},
      "salience": 0.3649787,
      "mentions": [
        {
          "text": {
            "content": "lil girl",
            "beginOffset": -1
          },
          "type": "COMMON"
        }
      ]
    },
    {
      "name": "front",
      "type": "OTHER",
      "metadata": {},
      "salience": 0.036795523,
      "mentions": [
        {
          "text": {
            "content": "front",
            "beginOffset": -1
          },
          "type": "COMMON"
        }
      ]
    },
    {
      "name": "taman",
      "type": "PERSON",
      "metadata": {},
      "salience": 0.036795523,
      "mentions": [
        {
          "text": {
            "content": "taman",
            "beginOffset": -1
          },
          "type": "COMMON"
        }
      ]
    },
    {
      "name": "friend",
      "type": "PERSON",
      "metadata": {},
      "salience": 0.033575885,
      "mentions": [
        {
          "text": {
            "content": "friend",
            "beginOffset": -1
          },
          "type": "COMMON"
        }
      ]
    },
    {
      "name": "Dot Dot.",
      "type": "ORGANIZATION",
      "metadata": {},
      "salience": 0.021934073,
      "mentions": [
        {
          "text": {
            "content": "Dot Dot.",
            "beginOffset": -1
          },
          "type": "PROPER"
        }
      ]
    },
    {
      "name": "children playground",
      "type": "LOCATION",
      "metadata": {},
      "salience": 0.014099125,
      "mentions": [
        {
          "text": {
            "content": "children playground",
            "beginOffset": -1
          },
          "type": "COMMON"
        }
      ]
    },
    {
      "name": "age",
      "type": "OTHER",
      "metadata": {},
      "salience": 0.014029475,
      "mentions": [
        {
          "text": {
            "content": "age",
            "beginOffset": -1
          },
          "type": "COMMON"
        }
      ]
    },
    {
      "name": "house",
      "type": "LOCATION",
      "metadata": {},
      "salience": 0.012161266,
      "mentions": [
        {
          "text": {
            "content": "house",
            "beginOffset": -1
          },
          "type": "COMMON"
        }
      ]
    },
    {
      "name": "everyday",
      "type": "PERSON",
      "metadata": {},
      "salience": 0.009426059,
      "mentions": [
        {
          "text": {
            "content": "everyday",
            "beginOffset": -1
          },
          "type": "COMMON"
        }
      ]
    },
    {
      "name": "lil angel",
      "type": "PERSON",
      "metadata": {},
      "salience": 0.008722018,
      "mentions": [
        {
          "text": {
            "content": "lil angel",
            "beginOffset": -1
          },
          "type": "COMMON"
        }
      ]
    },
    {
      "name": "home",
      "type": "LOCATION",
      "metadata": {},
      "salience": 0.008707759,
      "mentions": [
        {
          "text": {
            "content": "home",
            "beginOffset": -1
          },
          "type": "COMMON"
        }
      ]
    },
    {
      "name": "🌹",
      "type": "PERSON",
      "metadata": {},
      "salience": 0.008116553,
      "mentions": [
        {
          "text": {
            "content": "🌹",
            "beginOffset": -1
          },
          "type": "PROPER"
        }
      ]
    },
    {
      "name": "tour",
      "type": "EVENT",
      "metadata": {},
      "salience": 0.006549926,
      "mentions": [
        {
          "text": {
            "content": "tour",
            "beginOffset": -1
          },
          "type": "COMMON"
        }
      ]
    },
    {
      "name": "furkids",
      "type": "OTHER",
      "metadata": {},
      "salience": 0.0059747887,
      "mentions": [
        {
          "text": {
            "content": "furkids",
            "beginOffset": -1
          },
          "type": "COMMON"
        }
      ]
    },
    {
      "name": "tender",
      "type": "OTHER",
      "metadata": {},
      "salience": 0.0028837805,
      "mentions": [
        {
          "text": {
            "content": "tender",
            "beginOffset": -1
          },
          "type": "COMMON"
        }
      ]
    },
    {
      "name": "love",
      "type": "OTHER",
      "metadata": {},
      "salience": 0.0028837805,
      "mentions": [
        {
          "text": {
            "content": "love",
            "beginOffset": -1
          },
          "type": "COMMON"
        }
      ]
    },
    {
      "name": "care",
      "type": "OTHER",
      "metadata": {},
      "salience": 0.0028837805,
      "mentions": [
        {
          "text": {
            "content": "care",
            "beginOffset": -1
          },
          "type": "COMMON"
        }
      ]
    },
    {
      "name": "doubt",
      "type": "OTHER",
      "metadata": {},
      "salience": 0.0028796068,
      "mentions": [
        {
          "text": {
            "content": "doubt",
            "beginOffset": -1
          },
          "type": "COMMON"
        }
      ]
    },
    {
      "name": "Dot Dot",
      "type": "ORGANIZATION",
      "metadata": {},
      "salience": 0.002124778,
      "mentions": [
        {
          "text": {
            "content": "Dot Dot",
            "beginOffset": -1
          },
          "type": "PROPER"
        }
      ]
    }
  ],
  "documentSentiment": {
    "magnitude": 6.9,
    "score": 0.3
  },
  "language": "en",
  "categories": []
}
