{
  "sentences": [
    {
      "text": {
        "content": "Minnie is only about 3 months old &amp; her lower body &amp; hind limbs are wasted.",
        "beginOffset": -1
      },
      "sentiment": {
        "magnitude": 0.6,
        "score": -0.6
      }
    },
    {
      "text": {
        "content": "Unlike Max, she is so young &amp; her forelimbs are not strong enough to give that push like Max, she has to push herself forward for far.",
        "beginOffset": -1
      },
      "sentiment": {
        "magnitude": 0,
        "score": 0
      }
    },
    {
      "text": {
        "content": "Minnie will be seeing Dr Yeoh at the earliest.",
        "beginOffset": -1
      },
      "sentiment": {
        "magnitude": 0.3,
        "score": 0.3
      }
    },
    {
      "text": {
        "content": "She was to be put down but Dr. Bun held on.",
        "beginOffset": -1
      },
      "sentiment": {
        "magnitude": 0.6,
        "score": 0.6
      }
    },
    {
      "text": {
        "content": "Unlike Max who has Kim, Minnie is hanging on in the clinic.We understand her rescuer has kindly offered to sponsor her rehabilitation &amp; support.",
        "beginOffset": -1
      },
      "sentiment": {
        "magnitude": 0.3,
        "score": 0.3
      }
    },
    {
      "text": {
        "content": "The Team will see to all Minnie's need but she NEEDS A MUM.",
        "beginOffset": -1
      },
      "sentiment": {
        "magnitude": 0,
        "score": 0
      }
    },
    {
      "text": {
        "content": "Otherwise, she will just be maintained alive.",
        "beginOffset": -1
      },
      "sentiment": {
        "magnitude": 0.3,
        "score": 0.3
      }
    },
    {
      "text": {
        "content": "Her fur is soft.",
        "beginOffset": -1
      },
      "sentiment": {
        "magnitude": 0.3,
        "score": 0.3
      }
    },
    {
      "text": {
        "content": "Not only are her eyes soft; they are TOO SOULFUL for a 3 MONTH OLD.",
        "beginOffset": -1
      },
      "sentiment": {
        "magnitude": 0.4,
        "score": -0.4
      }
    },
    {
      "text": {
        "content": "Could anyone love her please.",
        "beginOffset": -1
      },
      "sentiment": {
        "magnitude": 0.5,
        "score": 0.5
      }
    },
    {
      "text": {
        "content": "Kindly contact Jackie at if anyone could look after her &amp; give her loves that she deserve.",
        "beginOffset": -1
      },
      "sentiment": {
        "magnitude": 0.6,
        "score": 0.6
      }
    },
    {
      "text": {
        "content": "Thank you!",
        "beginOffset": -1
      },
      "sentiment": {
        "magnitude": 0.1,
        "score": 0.1
      }
    },
    {
      "text": {
        "content": "Update: Minnie is still with us here.",
        "beginOffset": -1
      },
      "sentiment": {
        "magnitude": 0,
        "score": 0
      }
    }
  ],
  "tokens": [],
  "entities": [
    {
      "name": "Minnie",
      "type": "PERSON",
      "metadata": {},
      "salience": 0.6917239,
      "mentions": [
        {
          "text": {
            "content": "Minnie",
            "beginOffset": -1
          },
          "type": "PROPER"
        },
        {
          "text": {
            "content": "Minnie",
            "beginOffset": -1
          },
          "type": "PROPER"
        },
        {
          "text": {
            "content": "Minnie",
            "beginOffset": -1
          },
          "type": "PROPER"
        },
        {
          "text": {
            "content": "Minnie",
            "beginOffset": -1
          },
          "type": "PROPER"
        },
        {
          "text": {
            "content": "Minnie",
            "beginOffset": -1
          },
          "type": "PROPER"
        }
      ]
    },
    {
      "name": "Max",
      "type": "PERSON",
      "metadata": {},
      "salience": 0.104303874,
      "mentions": [
        {
          "text": {
            "content": "Max",
            "beginOffset": -1
          },
          "type": "PROPER"
        },
        {
          "text": {
            "content": "Max",
            "beginOffset": -1
          },
          "type": "PROPER"
        },
        {
          "text": {
            "content": "Max",
            "beginOffset": -1
          },
          "type": "PROPER"
        }
      ]
    },
    {
      "name": "limbs",
      "type": "OTHER",
      "metadata": {},
      "salience": 0.044539876,
      "mentions": [
        {
          "text": {
            "content": "limbs",
            "beginOffset": -1
          },
          "type": "COMMON"
        }
      ]
    },
    {
      "name": "body",
      "type": "OTHER",
      "metadata": {},
      "salience": 0.044539876,
      "mentions": [
        {
          "text": {
            "content": "body",
            "beginOffset": -1
          },
          "type": "COMMON"
        }
      ]
    },
    {
      "name": "Jackie",
      "type": "PERSON",
      "metadata": {},
      "salience": 0.01334364,
      "mentions": [
        {
          "text": {
            "content": "Jackie",
            "beginOffset": -1
          },
          "type": "PROPER"
        },
        {
          "text": {
            "content": "contact",
            "beginOffset": -1
          },
          "type": "COMMON"
        }
      ]
    },
    {
      "name": "Yeoh",
      "type": "PERSON",
      "metadata": {
        "mid": "/m/012ykt",
        "wikipedia_url": "https://en.wikipedia.org/wiki/Michelle_Yeoh"
      },
      "salience": 0.01244645,
      "mentions": [
        {
          "text": {
            "content": "Yeoh",
            "beginOffset": -1
          },
          "type": "PROPER"
        },
        {
          "text": {
            "content": "Dr",
            "beginOffset": -1
          },
          "type": "COMMON"
        }
      ]
    },
    {
      "name": "Bun",
      "type": "PERSON",
      "metadata": {},
      "salience": 0.010452173,
      "mentions": [
        {
          "text": {
            "content": "Bun",
            "beginOffset": -1
          },
          "type": "PROPER"
        },
        {
          "text": {
            "content": "Dr.",
            "beginOffset": -1
          },
          "type": "COMMON"
        }
      ]
    },
    {
      "name": "rescuer",
      "type": "PERSON",
      "metadata": {},
      "salience": 0.009593552,
      "mentions": [
        {
          "text": {
            "content": "rescuer",
            "beginOffset": -1
          },
          "type": "COMMON"
        }
      ]
    },
    {
      "name": "forelimbs",
      "type": "OTHER",
      "metadata": {},
      "salience": 0.008074007,
      "mentions": [
        {
          "text": {
            "content": "forelimbs",
            "beginOffset": -1
          },
          "type": "COMMON"
        }
      ]
    },
    {
      "name": "anyone",
      "type": "PERSON",
      "metadata": {},
      "salience": 0.006795386,
      "mentions": [
        {
          "text": {
            "content": "anyone",
            "beginOffset": -1
          },
          "type": "COMMON"
        }
      ]
    },
    {
      "name": "push",
      "type": "OTHER",
      "metadata": {},
      "salience": 0.006318562,
      "mentions": [
        {
          "text": {
            "content": "push",
            "beginOffset": -1
          },
          "type": "COMMON"
        }
      ]
    },
    {
      "name": "rehabilitation",
      "type": "OTHER",
      "metadata": {},
      "salience": 0.005733801,
      "mentions": [
        {
          "text": {
            "content": "rehabilitation",
            "beginOffset": -1
          },
          "type": "COMMON"
        }
      ]
    },
    {
      "name": "clinic.",
      "type": "OTHER",
      "metadata": {},
      "salience": 0.0055948007,
      "mentions": [
        {
          "text": {
            "content": "clinic.",
            "beginOffset": -1
          },
          "type": "COMMON"
        }
      ]
    },
    {
      "name": "support",
      "type": "OTHER",
      "metadata": {},
      "salience": 0.005134213,
      "mentions": [
        {
          "text": {
            "content": "support",
            "beginOffset": -1
          },
          "type": "COMMON"
        }
      ]
    },
    {
      "name": "need",
      "type": "OTHER",
      "metadata": {},
      "salience": 0.005122735,
      "mentions": [
        {
          "text": {
            "content": "need",
            "beginOffset": -1
          },
          "type": "COMMON"
        }
      ]
    },
    {
      "name": "MUM",
      "type": "PERSON",
      "metadata": {},
      "salience": 0.0043669753,
      "mentions": [
        {
          "text": {
            "content": "MUM",
            "beginOffset": -1
          },
          "type": "COMMON"
        }
      ]
    },
    {
      "name": "anyone",
      "type": "PERSON",
      "metadata": {},
      "salience": 0.0042576627,
      "mentions": [
        {
          "text": {
            "content": "anyone",
            "beginOffset": -1
          },
          "type": "COMMON"
        }
      ]
    },
    {
      "name": "eyes",
      "type": "OTHER",
      "metadata": {},
      "salience": 0.0040960843,
      "mentions": [
        {
          "text": {
            "content": "eyes",
            "beginOffset": -1
          },
          "type": "COMMON"
        }
      ]
    },
    {
      "name": "OLD",
      "type": "OTHER",
      "metadata": {},
      "salience": 0.0038430016,
      "mentions": [
        {
          "text": {
            "content": "OLD",
            "beginOffset": -1
          },
          "type": "COMMON"
        }
      ]
    },
    {
      "name": "Kim",
      "type": "PERSON",
      "metadata": {},
      "salience": 0.0033100576,
      "mentions": [
        {
          "text": {
            "content": "Kim",
            "beginOffset": -1
          },
          "type": "PROPER"
        }
      ]
    },
    {
      "name": "Update",
      "type": "OTHER",
      "metadata": {},
      "salience": 0.0026786036,
      "mentions": [
        {
          "text": {
            "content": "Update",
            "beginOffset": -1
          },
          "type": "COMMON"
        }
      ]
    },
    {
      "name": "fur",
      "type": "OTHER",
      "metadata": {},
      "salience": 0.0020307451,
      "mentions": [
        {
          "text": {
            "content": "fur",
            "beginOffset": -1
          },
          "type": "COMMON"
        }
      ]
    },
    {
      "name": "Team",
      "type": "ORGANIZATION",
      "metadata": {},
      "salience": 0.0017000254,
      "mentions": [
        {
          "text": {
            "content": "Team",
            "beginOffset": -1
          },
          "type": "PROPER"
        }
      ]
    }
  ],
  "documentSentiment": {
    "magnitude": 4.4,
    "score": 0.1
  },
  "language": "en",
  "categories": []
}
