{
  "sentences": [
    {
      "text": {
        "content": "Rescued these 2 brother &amp; sister kitties below my office very human-friendly &amp; exceptionally affectionate Toilet trained They have very good temperament &amp; very interactive with people Both kitties have very nice long tails &amp; fur coat, they may look big in pics but are actually small size for their age.",
        "beginOffset": -1
      },
      "sentiment": {
        "magnitude": 0.9,
        "score": 0.9
      }
    },
    {
      "text": {
        "content": "Both kitties are very obedient, very gentle personality",
        "beginOffset": -1
      },
      "sentiment": {
        "magnitude": 0.9,
        "score": 0.9
      }
    }
  ],
  "tokens": [],
  "entities": [
    {
      "name": "kitties",
      "type": "PERSON",
      "metadata": {},
      "salience": 0.29665655,
      "mentions": [
        {
          "text": {
            "content": "kitties",
            "beginOffset": -1
          },
          "type": "COMMON"
        }
      ]
    },
    {
      "name": "sister kitties",
      "type": "OTHER",
      "metadata": {},
      "salience": 0.26035216,
      "mentions": [
        {
          "text": {
            "content": "sister kitties",
            "beginOffset": -1
          },
          "type": "COMMON"
        }
      ]
    },
    {
      "name": "brother",
      "type": "PERSON",
      "metadata": {},
      "salience": 0.1285875,
      "mentions": [
        {
          "text": {
            "content": "brother",
            "beginOffset": -1
          },
          "type": "COMMON"
        }
      ]
    },
    {
      "name": "office",
      "type": "OTHER",
      "metadata": {},
      "salience": 0.0515572,
      "mentions": [
        {
          "text": {
            "content": "office",
            "beginOffset": -1
          },
          "type": "COMMON"
        }
      ]
    },
    {
      "name": "people",
      "type": "PERSON",
      "metadata": {},
      "salience": 0.03561127,
      "mentions": [
        {
          "text": {
            "content": "people",
            "beginOffset": -1
          },
          "type": "COMMON"
        }
      ]
    },
    {
      "name": "Toilet",
      "type": "OTHER",
      "metadata": {},
      "salience": 0.035186324,
      "mentions": [
        {
          "text": {
            "content": "Toilet",
            "beginOffset": -1
          },
          "type": "COMMON"
        }
      ]
    },
    {
      "name": "temperament",
      "type": "OTHER",
      "metadata": {},
      "salience": 0.034766316,
      "mentions": [
        {
          "text": {
            "content": "temperament",
            "beginOffset": -1
          },
          "type": "COMMON"
        }
      ]
    },
    {
      "name": "fur coat",
      "type": "OTHER",
      "metadata": {},
      "salience": 0.032738514,
      "mentions": [
        {
          "text": {
            "content": "fur coat",
            "beginOffset": -1
          },
          "type": "COMMON"
        }
      ]
    },
    {
      "name": "tails",
      "type": "OTHER",
      "metadata": {},
      "salience": 0.03234703,
      "mentions": [
        {
          "text": {
            "content": "tails",
            "beginOffset": -1
          },
          "type": "COMMON"
        }
      ]
    },
    {
      "name": "size",
      "type": "OTHER",
      "metadata": {},
      "salience": 0.031199802,
      "mentions": [
        {
          "text": {
            "content": "size",
            "beginOffset": -1
          },
          "type": "COMMON"
        }
      ]
    },
    {
      "name": "age",
      "type": "OTHER",
      "metadata": {},
      "salience": 0.02480532,
      "mentions": [
        {
          "text": {
            "content": "age",
            "beginOffset": -1
          },
          "type": "COMMON"
        }
      ]
    },
    {
      "name": "kitties",
      "type": "OTHER",
      "metadata": {},
      "salience": 0.014593204,
      "mentions": [
        {
          "text": {
            "content": "kitties",
            "beginOffset": -1
          },
          "type": "COMMON"
        }
      ]
    },
    {
      "name": "pics",
      "type": "WORK_OF_ART",
      "metadata": {},
      "salience": 0.010977131,
      "mentions": [
        {
          "text": {
            "content": "pics",
            "beginOffset": -1
          },
          "type": "COMMON"
        }
      ]
    },
    {
      "name": "personality",
      "type": "PERSON",
      "metadata": {},
      "salience": 0.01062168,
      "mentions": [
        {
          "text": {
            "content": "personality",
            "beginOffset": -1
          },
          "type": "COMMON"
        }
      ]
    }
  ],
  "documentSentiment": {
    "magnitude": 1.9,
    "score": 0.9
  },
  "language": "en",
  "categories": []
}
