{
  "sentences": [
    {
      "text": {
        "content": "Currently I am taking care of 3 kittens 1 mother cat and 3 other teenager cats.",
        "beginOffset": -1
      },
      "sentiment": {
        "magnitude": 0.3,
        "score": 0.3
      }
    },
    {
      "text": {
        "content": "too many for me.",
        "beginOffset": -1
      },
      "sentiment": {
        "magnitude": 0,
        "score": 0
      }
    },
    {
      "text": {
        "content": "Anyone interested in adopting an orange 'puss without boots' baby cat, please sms me.",
        "beginOffset": -1
      },
      "sentiment": {
        "magnitude": 0,
        "score": 0
      }
    },
    {
      "text": {
        "content": "I think it is a she, she is probably 3 weeks old.",
        "beginOffset": -1
      },
      "sentiment": {
        "magnitude": 0,
        "score": 0
      }
    },
    {
      "text": {
        "content": "Need a milk bottle to feed her.",
        "beginOffset": -1
      },
      "sentiment": {
        "magnitude": 0,
        "score": 0
      }
    }
  ],
  "tokens": [],
  "entities": [
    {
      "name": "care",
      "type": "OTHER",
      "metadata": {},
      "salience": 0.26587015,
      "mentions": [
        {
          "text": {
            "content": "care",
            "beginOffset": -1
          },
          "type": "COMMON"
        }
      ]
    },
    {
      "name": "kittens",
      "type": "PERSON",
      "metadata": {},
      "salience": 0.23271295,
      "mentions": [
        {
          "text": {
            "content": "kittens",
            "beginOffset": -1
          },
          "type": "COMMON"
        }
      ]
    },
    {
      "name": "Anyone",
      "type": "PERSON",
      "metadata": {},
      "salience": 0.12689438,
      "mentions": [
        {
          "text": {
            "content": "Anyone",
            "beginOffset": -1
          },
          "type": "COMMON"
        }
      ]
    },
    {
      "name": "mother cat",
      "type": "OTHER",
      "metadata": {},
      "salience": 0.10570174,
      "mentions": [
        {
          "text": {
            "content": "mother cat",
            "beginOffset": -1
          },
          "type": "COMMON"
        }
      ]
    },
    {
      "name": "teenager cats",
      "type": "OTHER",
      "metadata": {},
      "salience": 0.093306325,
      "mentions": [
        {
          "text": {
            "content": "teenager cats",
            "beginOffset": -1
          },
          "type": "COMMON"
        }
      ]
    },
    {
      "name": "she",
      "type": "OTHER",
      "metadata": {},
      "salience": 0.036892056,
      "mentions": [
        {
          "text": {
            "content": "she",
            "beginOffset": -1
          },
          "type": "COMMON"
        }
      ]
    },
    {
      "name": "baby cat",
      "type": "OTHER",
      "metadata": {},
      "salience": 0.032528453,
      "mentions": [
        {
          "text": {
            "content": "baby cat",
            "beginOffset": -1
          },
          "type": "COMMON"
        }
      ]
    },
    {
      "name": "puss",
      "type": "OTHER",
      "metadata": {},
      "salience": 0.031156879,
      "mentions": [
        {
          "text": {
            "content": "puss",
            "beginOffset": -1
          },
          "type": "COMMON"
        }
      ]
    },
    {
      "name": "boots",
      "type": "OTHER",
      "metadata": {},
      "salience": 0.031156879,
      "mentions": [
        {
          "text": {
            "content": "boots",
            "beginOffset": -1
          },
          "type": "COMMON"
        }
      ]
    },
    {
      "name": "many",
      "type": "OTHER",
      "metadata": {},
      "salience": 0.030932326,
      "mentions": [
        {
          "text": {
            "content": "many",
            "beginOffset": -1
          },
          "type": "COMMON"
        }
      ]
    },
    {
      "name": "milk bottle",
      "type": "OTHER",
      "metadata": {},
      "salience": 0.012847835,
      "mentions": [
        {
          "text": {
            "content": "milk bottle",
            "beginOffset": -1
          },
          "type": "COMMON"
        }
      ]
    }
  ],
  "documentSentiment": {
    "magnitude": 0.4,
    "score": 0
  },
  "language": "en",
  "categories": []
}
