{
  "sentences": [
    {
      "text": {
        "content": "Dogs that need help but no one to ask.",
        "beginOffset": -1
      },
      "sentiment": {
        "magnitude": 0,
        "score": 0
      }
    }
  ],
  "tokens": [],
  "entities": [
    {
      "name": "Dogs",
      "type": "OTHER",
      "metadata": {},
      "salience": 0.74329627,
      "mentions": [
        {
          "text": {
            "content": "Dogs",
            "beginOffset": -1
          },
          "type": "COMMON"
        }
      ]
    },
    {
      "name": "no one",
      "type": "PERSON",
      "metadata": {},
      "salience": 0.13337345,
      "mentions": [
        {
          "text": {
            "content": "no one",
            "beginOffset": -1
          },
          "type": "COMMON"
        }
      ]
    },
    {
      "name": "help",
      "type": "OTHER",
      "metadata": {},
      "salience": 0.12333028,
      "mentions": [
        {
          "text": {
            "content": "help",
            "beginOffset": -1
          },
          "type": "COMMON"
        }
      ]
    }
  ],
  "documentSentiment": {
    "magnitude": 0,
    "score": 0
  },
  "language": "en",
  "categories": []
}
