{
  "sentences": [
    {
      "text": {
        "content": "Meet Nishi!",
        "beginOffset": -1
      },
      "sentiment": {
        "magnitude": 0.3,
        "score": 0.3
      }
    },
    {
      "text": {
        "content": "My brother and I found this adventurous little boycat yesterday stuck in the engine of a motorbike at the Section 17 night hawker centre.",
        "beginOffset": -1
      },
      "sentiment": {
        "magnitude": 0.8,
        "score": 0.8
      }
    },
    {
      "text": {
        "content": "We fished him out and cleaned him up, and he's turned out to be a really adorable, friendly, fun five-week-old (estimated) who loves to cuddle people and sleep with or on top of them.",
        "beginOffset": -1
      },
      "sentiment": {
        "magnitude": 0.9,
        "score": 0.9
      }
    },
    {
      "text": {
        "content": "He has an almost all black coat with what looks like white or grey &quot;highlights&quot; of stripes on his head and chest.",
        "beginOffset": -1
      },
      "sentiment": {
        "magnitude": 0,
        "score": 0
      }
    },
    {
      "text": {
        "content": "Even as I'm typing this right now, he's curled up in my lap.",
        "beginOffset": -1
      },
      "sentiment": {
        "magnitude": 0,
        "score": 0
      }
    },
    {
      "text": {
        "content": "Nishi can eat solid wet kitten food already, and has a clean bill of health from the Gasing Veterinary Hospital; he just got dewormed today.",
        "beginOffset": -1
      },
      "sentiment": {
        "magnitude": 0.7,
        "score": 0.7
      }
    },
    {
      "text": {
        "content": "Sadly I can't keep him because my parents won't let me, but PAWS and ASPCA and other sanctuaries I've tried appear to be full up.",
        "beginOffset": -1
      },
      "sentiment": {
        "magnitude": 0.4,
        "score": -0.4
      }
    },
    {
      "text": {
        "content": "I'd rather not put him back on the street, though, so if you would like to or you know anyone who'd like to take him into your home, please send me a message!",
        "beginOffset": -1
      },
      "sentiment": {
        "magnitude": 0.2,
        "score": -0.2
      }
    },
    {
      "text": {
        "content": "Thanks.",
        "beginOffset": -1
      },
      "sentiment": {
        "magnitude": 0.1,
        "score": 0.1
      }
    },
    {
      "text": {
        "content": "I'm willing to help cover the cost of his adoption (vaccinations, neutering etc) if you would need help with it.",
        "beginOffset": -1
      },
      "sentiment": {
        "magnitude": 0.2,
        "score": 0.2
      }
    },
    {
      "text": {
        "content": "If you don't intend to neuter him, I'm afraid that he cannot go with you.",
        "beginOffset": -1
      },
      "sentiment": {
        "magnitude": 0.1,
        "score": -0.1
      }
    },
    {
      "text": {
        "content": "Sorry!",
        "beginOffset": -1
      },
      "sentiment": {
        "magnitude": 0.1,
        "score": -0.1
      }
    }
  ],
  "tokens": [],
  "entities": [
    {
      "name": "Nishi",
      "type": "PERSON",
      "metadata": {},
      "salience": 0.34318882,
      "mentions": [
        {
          "text": {
            "content": "Nishi",
            "beginOffset": -1
          },
          "type": "PROPER"
        },
        {
          "text": {
            "content": "Nishi",
            "beginOffset": -1
          },
          "type": "PROPER"
        }
      ]
    },
    {
      "name": "brother",
      "type": "PERSON",
      "metadata": {},
      "salience": 0.2801668,
      "mentions": [
        {
          "text": {
            "content": "brother",
            "beginOffset": -1
          },
          "type": "COMMON"
        }
      ]
    },
    {
      "name": "people",
      "type": "PERSON",
      "metadata": {},
      "salience": 0.0495829,
      "mentions": [
        {
          "text": {
            "content": "people",
            "beginOffset": -1
          },
          "type": "COMMON"
        }
      ]
    },
    {
      "name": "engine",
      "type": "OTHER",
      "metadata": {},
      "salience": 0.036243174,
      "mentions": [
        {
          "text": {
            "content": "engine",
            "beginOffset": -1
          },
          "type": "COMMON"
        }
      ]
    },
    {
      "name": "motorbike",
      "type": "CONSUMER_GOOD",
      "metadata": {},
      "salience": 0.036243174,
      "mentions": [
        {
          "text": {
            "content": "motorbike",
            "beginOffset": -1
          },
          "type": "COMMON"
        }
      ]
    },
    {
      "name": "hawker centre",
      "type": "LOCATION",
      "metadata": {},
      "salience": 0.036243174,
      "mentions": [
        {
          "text": {
            "content": "hawker centre",
            "beginOffset": -1
          },
          "type": "COMMON"
        }
      ]
    },
    {
      "name": "Section",
      "type": "OTHER",
      "metadata": {},
      "salience": 0.036243174,
      "mentions": [
        {
          "text": {
            "content": "Section",
            "beginOffset": -1
          },
          "type": "COMMON"
        }
      ]
    },
    {
      "name": "anyone",
      "type": "PERSON",
      "metadata": {},
      "salience": 0.014994294,
      "mentions": [
        {
          "text": {
            "content": "anyone",
            "beginOffset": -1
          },
          "type": "COMMON"
        }
      ]
    },
    {
      "name": "lap",
      "type": "OTHER",
      "metadata": {},
      "salience": 0.00932295,
      "mentions": [
        {
          "text": {
            "content": "lap",
            "beginOffset": -1
          },
          "type": "COMMON"
        }
      ]
    },
    {
      "name": "bill",
      "type": "OTHER",
      "metadata": {},
      "salience": 0.009302096,
      "mentions": [
        {
          "text": {
            "content": "bill",
            "beginOffset": -1
          },
          "type": "COMMON"
        }
      ]
    },
    {
      "name": "health",
      "type": "OTHER",
      "metadata": {},
      "salience": 0.009302096,
      "mentions": [
        {
          "text": {
            "content": "health",
            "beginOffset": -1
          },
          "type": "COMMON"
        }
      ]
    },
    {
      "name": "kitten food",
      "type": "OTHER",
      "metadata": {},
      "salience": 0.009302096,
      "mentions": [
        {
          "text": {
            "content": "kitten food",
            "beginOffset": -1
          },
          "type": "COMMON"
        }
      ]
    },
    {
      "name": "top",
      "type": "OTHER",
      "metadata": {},
      "salience": 0.009267104,
      "mentions": [
        {
          "text": {
            "content": "top",
            "beginOffset": -1
          },
          "type": "COMMON"
        }
      ]
    },
    {
      "name": "head",
      "type": "OTHER",
      "metadata": {},
      "salience": 0.009234417,
      "mentions": [
        {
          "text": {
            "content": "head",
            "beginOffset": -1
          },
          "type": "COMMON"
        }
      ]
    },
    {
      "name": "stripes",
      "type": "OTHER",
      "metadata": {},
      "salience": 0.009234417,
      "mentions": [
        {
          "text": {
            "content": "stripes",
            "beginOffset": -1
          },
          "type": "COMMON"
        }
      ]
    },
    {
      "name": "highlights",
      "type": "OTHER",
      "metadata": {},
      "salience": 0.009234417,
      "mentions": [
        {
          "text": {
            "content": "highlights",
            "beginOffset": -1
          },
          "type": "COMMON"
        }
      ]
    },
    {
      "name": "coat",
      "type": "OTHER",
      "metadata": {},
      "salience": 0.009234417,
      "mentions": [
        {
          "text": {
            "content": "coat",
            "beginOffset": -1
          },
          "type": "COMMON"
        }
      ]
    },
    {
      "name": "chest",
      "type": "OTHER",
      "metadata": {},
      "salience": 0.009234417,
      "mentions": [
        {
          "text": {
            "content": "chest",
            "beginOffset": -1
          },
          "type": "COMMON"
        }
      ]
    },
    {
      "name": "sanctuaries",
      "type": "ORGANIZATION",
      "metadata": {},
      "salience": 0.008519524,
      "mentions": [
        {
          "text": {
            "content": "sanctuaries",
            "beginOffset": -1
          },
          "type": "COMMON"
        }
      ]
    },
    {
      "name": "PAWS",
      "type": "OTHER",
      "metadata": {},
      "salience": 0.008519524,
      "mentions": [
        {
          "text": {
            "content": "PAWS",
            "beginOffset": -1
          },
          "type": "COMMON"
        }
      ]
    },
    {
      "name": "parents",
      "type": "PERSON",
      "metadata": {},
      "salience": 0.008519524,
      "mentions": [
        {
          "text": {
            "content": "parents",
            "beginOffset": -1
          },
          "type": "COMMON"
        }
      ]
    },
    {
      "name": "home",
      "type": "LOCATION",
      "metadata": {},
      "salience": 0.006411302,
      "mentions": [
        {
          "text": {
            "content": "home",
            "beginOffset": -1
          },
          "type": "COMMON"
        }
      ]
    },
    {
      "name": "message",
      "type": "OTHER",
      "metadata": {},
      "salience": 0.006411302,
      "mentions": [
        {
          "text": {
            "content": "message",
            "beginOffset": -1
          },
          "type": "COMMON"
        }
      ]
    },
    {
      "name": "Thanks",
      "type": "OTHER",
      "metadata": {},
      "salience": 0.0064020255,
      "mentions": [
        {
          "text": {
            "content": "Thanks",
            "beginOffset": -1
          },
          "type": "COMMON"
        }
      ]
    },
    {
      "name": "adoption",
      "type": "OTHER",
      "metadata": {},
      "salience": 0.0063937386,
      "mentions": [
        {
          "text": {
            "content": "adoption",
            "beginOffset": -1
          },
          "type": "COMMON"
        }
      ]
    },
    {
      "name": "vaccinations",
      "type": "OTHER",
      "metadata": {},
      "salience": 0.0063937386,
      "mentions": [
        {
          "text": {
            "content": "vaccinations",
            "beginOffset": -1
          },
          "type": "COMMON"
        }
      ]
    },
    {
      "name": "Gasing Veterinary Hospital",
      "type": "LOCATION",
      "metadata": {
        "mid": "/g/1w04gl_r"
      },
      "salience": 0.00504761,
      "mentions": [
        {
          "text": {
            "content": "Gasing Veterinary Hospital",
            "beginOffset": -1
          },
          "type": "PROPER"
        }
      ]
    },
    {
      "name": "ASPCA",
      "type": "ORGANIZATION",
      "metadata": {
        "mid": "/m/01f_wj",
        "wikipedia_url": "https://en.wikipedia.org/wiki/American_Society_for_the_Prevention_of_Cruelty_to_Animals"
      },
      "salience": 0.00503805,
      "mentions": [
        {
          "text": {
            "content": "ASPCA",
            "beginOffset": -1
          },
          "type": "PROPER"
        }
      ]
    },
    {
      "name": "cost",
      "type": "OTHER",
      "metadata": {},
      "salience": 0.0039577633,
      "mentions": [
        {
          "text": {
            "content": "cost",
            "beginOffset": -1
          },
          "type": "COMMON"
        }
      ]
    },
    {
      "name": "street",
      "type": "LOCATION",
      "metadata": {},
      "salience": 0.0028119578,
      "mentions": [
        {
          "text": {
            "content": "street",
            "beginOffset": -1
          },
          "type": "COMMON"
        }
      ]
    }
  ],
  "documentSentiment": {
    "magnitude": 4.3,
    "score": 0.2
  },
  "language": "en",
  "categories": []
}
