{
  "sentences": [
    {
      "text": {
        "content": "Eva is a pure maine coon.",
        "beginOffset": -1
      },
      "sentiment": {
        "magnitude": 0.1,
        "score": 0.1
      }
    },
    {
      "text": {
        "content": "She takes time to warm up to you.",
        "beginOffset": -1
      },
      "sentiment": {
        "magnitude": 0.2,
        "score": 0.2
      }
    },
    {
      "text": {
        "content": "Was a breeding queen.",
        "beginOffset": -1
      },
      "sentiment": {
        "magnitude": 0.1,
        "score": 0.1
      }
    },
    {
      "text": {
        "content": "She is spayed and vaccinated.",
        "beginOffset": -1
      },
      "sentiment": {
        "magnitude": 0,
        "score": 0
      }
    },
    {
      "text": {
        "content": "One of her eyes had bad infection which the breeder left untreated.",
        "beginOffset": -1
      },
      "sentiment": {
        "magnitude": 0,
        "score": 0
      }
    },
    {
      "text": {
        "content": "Treatment done but the eye is slightly smaller than the other.",
        "beginOffset": -1
      },
      "sentiment": {
        "magnitude": 0.2,
        "score": 0.2
      }
    },
    {
      "text": {
        "content": "She is a large female cat and gets along with all cats and kittens.",
        "beginOffset": -1
      },
      "sentiment": {
        "magnitude": 0.5,
        "score": 0.5
      }
    },
    {
      "text": {
        "content": "Fine with dogs too.",
        "beginOffset": -1
      },
      "sentiment": {
        "magnitude": 0.4,
        "score": 0.4
      }
    },
    {
      "text": {
        "content": "Need lots of brushing and grooming cos her fur is really thick and long.",
        "beginOffset": -1
      },
      "sentiment": {
        "magnitude": 0.1,
        "score": 0.1
      }
    },
    {
      "text": {
        "content": "Only adopt her if you are patient and have plenty of time to groom her.",
        "beginOffset": -1
      },
      "sentiment": {
        "magnitude": 0.3,
        "score": 0.3
      }
    }
  ],
  "tokens": [],
  "entities": [
    {
      "name": "Eva",
      "type": "PERSON",
      "metadata": {},
      "salience": 0.48900244,
      "mentions": [
        {
          "text": {
            "content": "Eva",
            "beginOffset": -1
          },
          "type": "PROPER"
        }
      ]
    },
    {
      "name": "maine coon",
      "type": "OTHER",
      "metadata": {},
      "salience": 0.1422921,
      "mentions": [
        {
          "text": {
            "content": "maine coon",
            "beginOffset": -1
          },
          "type": "COMMON"
        }
      ]
    },
    {
      "name": "breeding queen",
      "type": "PERSON",
      "metadata": {},
      "salience": 0.13802752,
      "mentions": [
        {
          "text": {
            "content": "breeding queen",
            "beginOffset": -1
          },
          "type": "COMMON"
        }
      ]
    },
    {
      "name": "cat",
      "type": "OTHER",
      "metadata": {},
      "salience": 0.06366893,
      "mentions": [
        {
          "text": {
            "content": "cat",
            "beginOffset": -1
          },
          "type": "COMMON"
        }
      ]
    },
    {
      "name": "infection",
      "type": "OTHER",
      "metadata": {},
      "salience": 0.026517589,
      "mentions": [
        {
          "text": {
            "content": "infection",
            "beginOffset": -1
          },
          "type": "COMMON"
        }
      ]
    },
    {
      "name": "eye",
      "type": "OTHER",
      "metadata": {},
      "salience": 0.017445488,
      "mentions": [
        {
          "text": {
            "content": "eye",
            "beginOffset": -1
          },
          "type": "COMMON"
        }
      ]
    },
    {
      "name": "breeder",
      "type": "PERSON",
      "metadata": {},
      "salience": 0.017175904,
      "mentions": [
        {
          "text": {
            "content": "breeder",
            "beginOffset": -1
          },
          "type": "COMMON"
        }
      ]
    },
    {
      "name": "other",
      "type": "OTHER",
      "metadata": {},
      "salience": 0.014524206,
      "mentions": [
        {
          "text": {
            "content": "other",
            "beginOffset": -1
          },
          "type": "COMMON"
        }
      ]
    },
    {
      "name": "eyes",
      "type": "OTHER",
      "metadata": {},
      "salience": 0.014379719,
      "mentions": [
        {
          "text": {
            "content": "eyes",
            "beginOffset": -1
          },
          "type": "COMMON"
        }
      ]
    },
    {
      "name": "Treatment",
      "type": "OTHER",
      "metadata": {},
      "salience": 0.013332492,
      "mentions": [
        {
          "text": {
            "content": "Treatment",
            "beginOffset": -1
          },
          "type": "COMMON"
        }
      ]
    },
    {
      "name": "cats",
      "type": "OTHER",
      "metadata": {},
      "salience": 0.013307371,
      "mentions": [
        {
          "text": {
            "content": "cats",
            "beginOffset": -1
          },
          "type": "COMMON"
        }
      ]
    },
    {
      "name": "fur",
      "type": "OTHER",
      "metadata": {},
      "salience": 0.012029186,
      "mentions": [
        {
          "text": {
            "content": "fur",
            "beginOffset": -1
          },
          "type": "COMMON"
        }
      ]
    },
    {
      "name": "grooming cos",
      "type": "OTHER",
      "metadata": {},
      "salience": 0.0100101875,
      "mentions": [
        {
          "text": {
            "content": "grooming cos",
            "beginOffset": -1
          },
          "type": "COMMON"
        }
      ]
    },
    {
      "name": "plenty",
      "type": "OTHER",
      "metadata": {},
      "salience": 0.0069195507,
      "mentions": [
        {
          "text": {
            "content": "plenty",
            "beginOffset": -1
          },
          "type": "COMMON"
        }
      ]
    },
    {
      "name": "kittens",
      "type": "PERSON",
      "metadata": {},
      "salience": 0.0044117076,
      "mentions": [
        {
          "text": {
            "content": "kittens",
            "beginOffset": -1
          },
          "type": "COMMON"
        }
      ]
    },
    {
      "name": "Fine",
      "type": "OTHER",
      "metadata": {},
      "salience": 0.0044044736,
      "mentions": [
        {
          "text": {
            "content": "Fine",
            "beginOffset": -1
          },
          "type": "COMMON"
        }
      ]
    },
    {
      "name": "dogs",
      "type": "OTHER",
      "metadata": {},
      "salience": 0.0044044736,
      "mentions": [
        {
          "text": {
            "content": "dogs",
            "beginOffset": -1
          },
          "type": "COMMON"
        }
      ]
    },
    {
      "name": "brushing",
      "type": "OTHER",
      "metadata": {},
      "salience": 0.004398102,
      "mentions": [
        {
          "text": {
            "content": "brushing",
            "beginOffset": -1
          },
          "type": "COMMON"
        }
      ]
    },
    {
      "name": "lots",
      "type": "OTHER",
      "metadata": {},
      "salience": 0.0037485568,
      "mentions": [
        {
          "text": {
            "content": "lots",
            "beginOffset": -1
          },
          "type": "COMMON"
        }
      ]
    }
  ],
  "documentSentiment": {
    "magnitude": 2.2,
    "score": 0.2
  },
  "language": "en",
  "categories": []
}
