{
  "sentences": [
    {
      "text": {
        "content": "These four puppies are currently under the care of one lady.",
        "beginOffset": -1
      },
      "sentiment": {
        "magnitude": 0,
        "score": 0
      }
    },
    {
      "text": {
        "content": "She's also taking care of the mother of these puppies but the security guards at her neighborhood are threatening to call the council to get them removed.",
        "beginOffset": -1
      },
      "sentiment": {
        "magnitude": 0.5,
        "score": -0.5
      }
    },
    {
      "text": {
        "content": "They are not spayed because they're still too young for the procedures.",
        "beginOffset": -1
      },
      "sentiment": {
        "magnitude": 0.2,
        "score": -0.2
      }
    },
    {
      "text": {
        "content": "They need to be adopted before they get taken away.",
        "beginOffset": -1
      },
      "sentiment": {
        "magnitude": 0.1,
        "score": -0.1
      }
    }
  ],
  "tokens": [],
  "entities": [
    {
      "name": "lady",
      "type": "PERSON",
      "metadata": {},
      "salience": 0.29604903,
      "mentions": [
        {
          "text": {
            "content": "lady",
            "beginOffset": -1
          },
          "type": "COMMON"
        }
      ]
    },
    {
      "name": "security guards",
      "type": "PERSON",
      "metadata": {},
      "salience": 0.25076333,
      "mentions": [
        {
          "text": {
            "content": "security guards",
            "beginOffset": -1
          },
          "type": "COMMON"
        }
      ]
    },
    {
      "name": "care",
      "type": "OTHER",
      "metadata": {},
      "salience": 0.16323975,
      "mentions": [
        {
          "text": {
            "content": "care",
            "beginOffset": -1
          },
          "type": "COMMON"
        }
      ]
    },
    {
      "name": "puppies",
      "type": "OTHER",
      "metadata": {},
      "salience": 0.15969326,
      "mentions": [
        {
          "text": {
            "content": "puppies",
            "beginOffset": -1
          },
          "type": "COMMON"
        }
      ]
    },
    {
      "name": "care",
      "type": "OTHER",
      "metadata": {},
      "salience": 0.037531413,
      "mentions": [
        {
          "text": {
            "content": "care",
            "beginOffset": -1
          },
          "type": "COMMON"
        }
      ]
    },
    {
      "name": "puppies",
      "type": "OTHER",
      "metadata": {},
      "salience": 0.022060381,
      "mentions": [
        {
          "text": {
            "content": "puppies",
            "beginOffset": -1
          },
          "type": "COMMON"
        }
      ]
    },
    {
      "name": "neighborhood",
      "type": "LOCATION",
      "metadata": {},
      "salience": 0.01964626,
      "mentions": [
        {
          "text": {
            "content": "neighborhood",
            "beginOffset": -1
          },
          "type": "COMMON"
        }
      ]
    },
    {
      "name": "mother",
      "type": "PERSON",
      "metadata": {},
      "salience": 0.019408876,
      "mentions": [
        {
          "text": {
            "content": "mother",
            "beginOffset": -1
          },
          "type": "COMMON"
        }
      ]
    },
    {
      "name": "council",
      "type": "ORGANIZATION",
      "metadata": {},
      "salience": 0.018042875,
      "mentions": [
        {
          "text": {
            "content": "council",
            "beginOffset": -1
          },
          "type": "COMMON"
        }
      ]
    },
    {
      "name": "procedures",
      "type": "OTHER",
      "metadata": {},
      "salience": 0.013564818,
      "mentions": [
        {
          "text": {
            "content": "procedures",
            "beginOffset": -1
          },
          "type": "COMMON"
        }
      ]
    }
  ],
  "documentSentiment": {
    "magnitude": 0.9,
    "score": -0.2
  },
  "language": "en",
  "categories": []
}
