{
  "sentences": [
    {
      "text": {
        "content": "Currently started to wean and using litter box.",
        "beginOffset": -1
      },
      "sentiment": {
        "magnitude": 0.1,
        "score": 0.1
      }
    },
    {
      "text": {
        "content": "Active and playful.",
        "beginOffset": -1
      },
      "sentiment": {
        "magnitude": 0.5,
        "score": 0.5
      }
    },
    {
      "text": {
        "content": "**Adoption is for free but I have terms and condition with you to spay/neuter the kitty once old enough.",
        "beginOffset": -1
      },
      "sentiment": {
        "magnitude": 0,
        "score": 0
      }
    },
    {
      "text": {
        "content": "Please help to prevent unwanted kittens.",
        "beginOffset": -1
      },
      "sentiment": {
        "magnitude": 0.3,
        "score": 0.3
      }
    },
    {
      "text": {
        "content": "Please contact me if you are interested, and sure that you can commit to give them a happy home and life.",
        "beginOffset": -1
      },
      "sentiment": {
        "magnitude": 0.5,
        "score": 0.5
      }
    },
    {
      "text": {
        "content": "They will love you unconditionally, please give them heaps of your love.",
        "beginOffset": -1
      },
      "sentiment": {
        "magnitude": 0.8,
        "score": 0.8
      }
    }
  ],
  "tokens": [],
  "entities": [
    {
      "name": "litter box",
      "type": "OTHER",
      "metadata": {},
      "salience": 0.48672694,
      "mentions": [
        {
          "text": {
            "content": "litter box",
            "beginOffset": -1
          },
          "type": "COMMON"
        }
      ]
    },
    {
      "name": "Adoption",
      "type": "OTHER",
      "metadata": {},
      "salience": 0.111654714,
      "mentions": [
        {
          "text": {
            "content": "Adoption",
            "beginOffset": -1
          },
          "type": "COMMON"
        }
      ]
    },
    {
      "name": "kitty",
      "type": "OTHER",
      "metadata": {},
      "salience": 0.072640195,
      "mentions": [
        {
          "text": {
            "content": "kitty",
            "beginOffset": -1
          },
          "type": "COMMON"
        }
      ]
    },
    {
      "name": "kittens",
      "type": "PERSON",
      "metadata": {},
      "salience": 0.07151127,
      "mentions": [
        {
          "text": {
            "content": "kittens",
            "beginOffset": -1
          },
          "type": "COMMON"
        }
      ]
    },
    {
      "name": "condition",
      "type": "OTHER",
      "metadata": {},
      "salience": 0.0631185,
      "mentions": [
        {
          "text": {
            "content": "condition",
            "beginOffset": -1
          },
          "type": "COMMON"
        }
      ]
    },
    {
      "name": "terms",
      "type": "OTHER",
      "metadata": {},
      "salience": 0.062354136,
      "mentions": [
        {
          "text": {
            "content": "terms",
            "beginOffset": -1
          },
          "type": "COMMON"
        }
      ]
    },
    {
      "name": "life",
      "type": "OTHER",
      "metadata": {},
      "salience": 0.044028673,
      "mentions": [
        {
          "text": {
            "content": "life",
            "beginOffset": -1
          },
          "type": "COMMON"
        }
      ]
    },
    {
      "name": "home",
      "type": "LOCATION",
      "metadata": {},
      "salience": 0.033638075,
      "mentions": [
        {
          "text": {
            "content": "home",
            "beginOffset": -1
          },
          "type": "COMMON"
        }
      ]
    },
    {
      "name": "love",
      "type": "OTHER",
      "metadata": {},
      "salience": 0.030805107,
      "mentions": [
        {
          "text": {
            "content": "love",
            "beginOffset": -1
          },
          "type": "COMMON"
        }
      ]
    },
    {
      "name": "heaps",
      "type": "OTHER",
      "metadata": {},
      "salience": 0.023522383,
      "mentions": [
        {
          "text": {
            "content": "heaps",
            "beginOffset": -1
          },
          "type": "COMMON"
        }
      ]
    }
  ],
  "documentSentiment": {
    "magnitude": 2.4,
    "score": 0.4
  },
  "language": "en",
  "categories": []
}
